paper_id,title,high_level_domains,subdomains
'27_Years_and_81_Million_Opportunities_Later_Investigating_the_Use_of_Email_Encryption_for_an_Entire_University,27 Years and 81 Million Opportunities Later Investigating the Use of Email Encryption for an Entire University,"Security and privacy, Information systems","Human and societal aspects of security and privacy, World Wide Web"
'28 Blinks Later_ Tackling Practical Challenges of Eye Movement Biometrics.,28 Blinks Later Tackling Practical Challenges of Eye Movement Biometrics.,Computing methodologies,Artificial intelligence
'3719027.3744787,'3719027.3744787,"Security and privacy, Computing methodologies","Security services, Machine learning, Distributed computing methodologies"
'3719027.3744788,'3719027.3744788,Security and privacy,"Intrusion/anomaly detection and malware mitigation, Network security, Systems security"
'3719027.3744789,'3719027.3744789,Security and privacy,Security services
'3719027.3744792,'3719027.3744792,Security and privacy,Software and application security
'3719027.3744793,'3719027.3744793,Security and privacy,"Software and application security, Human and societal aspects of security and privacy"
'3719027.3744794,'3719027.3744794,"Security and privacy, Computing methodologies","Security services, Machine learning"
'3719027.3744795,'3719027.3744795,Security and privacy,Network security
'3719027.3744798,'3719027.3744798,"Computing methodologies, Security and privacy, Computer systems organization","Machine learning, Systems security, Embedded and cyber-physical systems"
'3719027.3744799,'3719027.3744799,"Security and privacy, Mathematics of computing","Security services, Probability and statistics"
'3719027.3744800,'3719027.3744800,"Security and privacy, Networks","Network security, Network services"
'3719027.3744802,'3719027.3744802,"Security and privacy, Computing methodologies","Intrusion/anomaly detection and malware mitigation, Artificial intelligence"
'3719027.3744804,'3719027.3744804,Security and privacy,Network security
'3719027.3744805,'3719027.3744805,Security and privacy,Systems security
'3719027.3744809,'3719027.3744809,"Security and privacy, Applied computing, Computing methodologies","Human and societal aspects of security and privacy, Document management and text processing, Modeling and simulation"
'3719027.3744811,'3719027.3744811,Security and privacy,"Systems security, Software and application security"
'3719027.3744812,'3719027.3744812,"Security and privacy, Computing methodologies","Security services, Cryptography, Artificial intelligence"
'3719027.3744813,'3719027.3744813,Security and privacy,Software and application security
'3719027.3744818,'3719027.3744818,"Security and privacy, Computing methodologies","Human and societal aspects of security and privacy, Machine learning"
'3719027.3744820,'3719027.3744820,Security and privacy,Systems security
'3719027.3744821,'3719027.3744821,Security and privacy,Security services
'3719027.3744822,'3719027.3744822,Security and privacy,Software and application security
'3719027.3744825,'3719027.3744825,Security and privacy,Software and application security
'3719027.3744827,'3719027.3744827,"Computing methodologies, Security and privacy","Machine learning, Database and storage security, Human and societal aspects of security and privacy"
'3719027.3744828,'3719027.3744828,Security and privacy,Software and application security
'3719027.3744829,'3719027.3744829,Security and privacy,"Software and application security, Intrusion/anomaly detection and malware mitigation"
'3719027.3744833,'3719027.3744833,Security and privacy,"Security in hardware, Systems security"
'3719027.3744834,'3719027.3744834,"Security and privacy, Computing methodologies","Security services, Cryptography, Machine learning"
'3719027.3744835,'3719027.3744835,Security and privacy,Intrusion/anomaly detection and malware mitigation
'3719027.3744836,'3719027.3744836,Security and privacy,Systems security
'3719027.3744837,'3719027.3744837,Security and privacy,Security in hardware
'3719027.3744839,'3719027.3744839,Security and privacy,Security services
'3719027.3744840,'3719027.3744840,"Security and privacy, Computing methodologies","Human and societal aspects of security and privacy, Machine learning"
'3719027.3744842,'3719027.3744842,Security and privacy,Systems security
'3719027.3744843,'3719027.3744843,Security and privacy,Human and societal aspects of security and privacy
'3719027.3744845,'3719027.3744845,"Computing methodologies, Security and privacy","Machine learning, Artificial intelligence, Software and application security"
'3719027.3744846,'3719027.3744846,"Security and privacy, Computing methodologies","Intrusion/anomaly detection and malware mitigation, Artificial intelligence"
'3719027.3744850,'3719027.3744850,"Computing methodologies, Security and privacy","Artificial intelligence, Human and societal aspects of security and privacy"
'3719027.3744851,'3719027.3744851,"Security and privacy, Computing methodologies","Software and application security, Machine learning"
'3719027.3744853,'3719027.3744853,Security and privacy,Network security
'3719027.3744855,'3719027.3744855,"Social and professional topics, Security and privacy, Computing methodologies","Computing education, Security services, Artificial intelligence"
'3719027.3744856,'3719027.3744856,"Security and privacy, Computing methodologies","Software and application security, Artificial intelligence"
'3719027.3744858,'3719027.3744858,Security and privacy,Software and application security
'3719027.3744859,'3719027.3744859,"Security and privacy, Computing methodologies","Software and application security, Machine learning"
'3719027.3744860,'3719027.3744860,Security and privacy,Intrusion/anomaly detection and malware mitigation
'3719027.3744862,'3719027.3744862,Security and privacy,Cryptography
'3719027.3744866,'3719027.3744866,Security and privacy,Cryptography
'3719027.3744867,'3719027.3744867,"Computing methodologies, Security and privacy","Machine learning, Artificial intelligence, Human and societal aspects of security and privacy"
'3719027.3744868,'3719027.3744868,"Security and privacy, Computing methodologies","Intrusion/anomaly detection and malware mitigation, Machine learning"
'3719027.3744869,'3719027.3744869,"Security and privacy, Networks","Human and societal aspects of security and privacy, Network services"
'3719027.3744871,'3719027.3744871,Security and privacy,Software and application security
'3719027.3744872,'3719027.3744872,Security and privacy,Software and application security
'3719027.3744877,'3719027.3744877,Security and privacy,Network security
'3719027.3744879,'3719027.3744879,Security and privacy,Systems security
'3719027.3744881,'3719027.3744881,Security and privacy,Security in hardware
'3719027.3744882,'3719027.3744882,"Computing methodologies, Security and privacy","Machine learning, Artificial intelligence, Human and societal aspects of security and privacy"
'3719027.3744883,'3719027.3744883,"Security and privacy, Computing methodologies","Systems security, Software and application security, Artificial intelligence"
'3719027.3744886,'3719027.3744886,Security and privacy,Cryptography
'3719027.3765022,'3719027.3765022,Security and privacy,Security services
'3719027.3765023,'3719027.3765023,"Security and privacy, Computing methodologies","Software and application security, Artificial intelligence"
'3719027.3765025,'3719027.3765025,Security and privacy,Software and application security
'3719027.3765026,'3719027.3765026,Security and privacy,"Human and societal aspects of security and privacy, Intrusion/anomaly detection and malware mitigation"
'3719027.3765028,'3719027.3765028,Security and privacy,Security services
'3719027.3765029,'3719027.3765029,"Security and privacy, Computing methodologies, Computer systems organization","Systems security, Artificial intelligence, Architectures"
'3719027.3765030,'3719027.3765030,"Social and professional topics, Security and privacy, Human-centered computing","Computing / technology policy, Human and societal aspects of security and privacy, Collaborative and social computing"
'3719027.3765031,'3719027.3765031,"Software and its engineering, Social and professional topics","Software creation and management, Software notations and tools, Computing / technology policy"
'3719027.3765033,'3719027.3765033,Security and privacy,Software and application security
'3719027.3765037,'3719027.3765037,Security and privacy,"Software and application security, Intrusion/anomaly detection and malware mitigation"
'3719027.3765038,'3719027.3765038,Security and privacy,Cryptography
'3719027.3765040,'3719027.3765040,"Social and professional topics, Human-centered computing","Computing / technology policy, Human computer interaction (HCI)"
'3719027.3765042,'3719027.3765042,Security and privacy,"Formal methods and theory of security, Human and societal aspects of security and privacy"
'3719027.3765044,'3719027.3765044,Security and privacy,Security services
'3719027.3765045,'3719027.3765045,Security and privacy,Security services
'3719027.3765046,'3719027.3765046,Security and privacy,Network security
'3719027.3765047,'3719027.3765047,Security and privacy,Database and storage security
'3719027.3765048,'3719027.3765048,Security and privacy,"Security services, Human and societal aspects of security and privacy"
'3719027.3765049,'3719027.3765049,"Security and privacy, Software and its engineering","Software and application security, Software notations and tools"
'3719027.3765051,'3719027.3765051,Security and privacy,Software and application security
'3719027.3765052,'3719027.3765052,"Computing methodologies, Social and professional topics","Artificial intelligence, Computing / technology policy"
'3719027.3765053,'3719027.3765053,Security and privacy,Network security
'3719027.3765056,'3719027.3765056,"Security and privacy, Computing methodologies","Cryptography, Machine learning, Artificial intelligence"
'3719027.3765057,'3719027.3765057,"Computing methodologies, Security and privacy","Machine learning, Software and application security"
'3719027.3765059,'3719027.3765059,Security and privacy,Software and application security
'3719027.3765060,'3719027.3765060,Security and privacy,Security services
'3719027.3765062,'3719027.3765062,Security and privacy,"Security services, Human and societal aspects of security and privacy"
'3719027.3765063,'3719027.3765063,"Security and privacy, Information systems","Human and societal aspects of security and privacy, World Wide Web"
'3719027.3765065,'3719027.3765065,Security and privacy,Human and societal aspects of security and privacy
'3719027.3765069,'3719027.3765069,Security and privacy,Security in hardware
'3719027.3765070,'3719027.3765070,"Computer systems organization, Security and privacy, Computing methodologies","Architectures, Cryptography, Parallel computing methodologies"
'3719027.3765071,'3719027.3765071,Security and privacy,Human and societal aspects of security and privacy
'3719027.3765072,'3719027.3765072,"Security and privacy, Social and professional topics","Human and societal aspects of security and privacy, Computing / technology policy"
'3719027.3765073,'3719027.3765073,Security and privacy,Network security
'3719027.3765075,'3719027.3765075,"Information systems, Security and privacy","Data management systems, Cryptography"
'3719027.3765076,'3719027.3765076,"Computing methodologies, Security and privacy","Machine learning, Software and application security"
'3719027.3765078,'3719027.3765078,Security and privacy,Cryptography
'3719027.3765079,'3719027.3765079,"General and reference, Networks, Security and privacy","Cross-computing tools and techniques, Network protocols, Cryptography"
'3719027.3765081,'3719027.3765081,"Human-centered computing, Security and privacy","Accessibility, Security services"
'3719027.3765082,'3719027.3765082,Security and privacy,Security services
'3719027.3765084,'3719027.3765084,"Security and privacy, Networks","Network security, Network properties"
'3719027.3765085,'3719027.3765085,"General and reference, Security and privacy","Cross-computing tools and techniques, Human and societal aspects of security and privacy"
'3719027.3765086,'3719027.3765086,Security and privacy,Security in hardware
'3719027.3765088,'3719027.3765088,Security and privacy,Human and societal aspects of security and privacy
'3719027.3765089,'3719027.3765089,Social and professional topics,Computing / technology policy
'3719027.3765091,'3719027.3765091,"Security and privacy, General and reference","Security services, Cross-computing tools and techniques"
'3719027.3765092,'3719027.3765092,Security and privacy,Systems security
'3719027.3765093,'3719027.3765093,Security and privacy,"Security in hardware, Systems security"
'3719027.3765095,'3719027.3765095,"Security and privacy, Computing methodologies, Information systems","Systems security, Artificial intelligence, Information retrieval"
'3719027.3765096,'3719027.3765096,"Networks, Security and privacy","Network types, Network performance evaluation, Network security"
'3719027.3765098,'3719027.3765098,"Security and privacy, Computing methodologies","Cryptography, Machine learning"
'3719027.3765102,'3719027.3765102,Security and privacy,"Systems security, Software and application security"
'3719027.3765103,'3719027.3765103,"Security and privacy, Computing methodologies","Human and societal aspects of security and privacy, Machine learning"
'3719027.3765105,'3719027.3765105,Security and privacy,Software and application security
'3719027.3765106,'3719027.3765106,Security and privacy,Systems security
'3719027.3765107,'3719027.3765107,"Security and privacy, Software and its engineering, Computing methodologies","Security services, Software creation and management, Machine learning"
'3719027.3765109,'3719027.3765109,Security and privacy,Human and societal aspects of security and privacy
'3719027.3765110,'3719027.3765110,Security and privacy,Security services
'3719027.3765112,'3719027.3765112,"Security and privacy, Computing methodologies","Security services, Artificial intelligence"
'3719027.3765117,'3719027.3765117,Security and privacy,Software and application security
'3719027.3765118,'3719027.3765118,Security and privacy,Intrusion/anomaly detection and malware mitigation
'3719027.3765119,'3719027.3765119,"Security and privacy, Software and its engineering","Systems security, Network security, Software creation and management"
'3719027.3765121,'3719027.3765121,Security and privacy,"Security in hardware, Systems security"
'3719027.3765122,'3719027.3765122,"Security and privacy, Computing methodologies","Human and societal aspects of security and privacy, Machine learning"
'3719027.3765124,'3719027.3765124,"Computing methodologies, Security and privacy","Artificial intelligence, Software and application security"
'3719027.3765125,'3719027.3765125,"Security and privacy, Computer systems organization","Systems security, Software and application security, Embedded and cyber-physical systems"
'3719027.3765134,'3719027.3765134,"Social and professional topics, Mathematics of computing","Computing / technology policy, Mathematical analysis"
'3719027.3765139,'3719027.3765139,Security and privacy,Security services
'3719027.3765140,'3719027.3765140,"Security and privacy, Software and its engineering, Theory of computation","Formal methods and theory of security, Software organization and properties, Design and analysis of algorithms"
'3719027.3765142,'3719027.3765142,Security and privacy,Software and application security
'3719027.3765143,'3719027.3765143,Security and privacy,Network security
'3719027.3765144,'3719027.3765144,Social and professional topics,Computing / technology policy
'3719027.3765145,'3719027.3765145,"Security and privacy, Networks","Network security, Human and societal aspects of security and privacy, Network components"
'3719027.3765147,'3719027.3765147,"Security and privacy, Applied computing","Human and societal aspects of security and privacy, Law, social and behavioral sciences"
'3719027.3765149,'3719027.3765149,Security and privacy,"Formal methods and theory of security, Network security"
'3719027.3765150,'3719027.3765150,Security and privacy,Cryptography
'3719027.3765151,'3719027.3765151,"Security and privacy, Computing methodologies","Security services, Machine learning"
'3719027.3765156,'3719027.3765156,"Theory of computation, Security and privacy","Semantics and reasoning, Formal methods and theory of security"
'3719027.3765160,'3719027.3765160,"Security and privacy, Computing methodologies","Systems security, Cryptography, Machine learning"
'3719027.3765161,'3719027.3765161,Security and privacy,Software and application security
'3719027.3765162,'3719027.3765162,Security and privacy,Security services
'3719027.3765167,'3719027.3765167,Hardware,Hardware test
'3719027.3765168,'3719027.3765168,"Computing methodologies, Security and privacy","Artificial intelligence, Human and societal aspects of security and privacy"
'3719027.3765171,'3719027.3765171,"Security and privacy, Human-centered computing","Systems security, Ubiquitous and mobile computing"
'3719027.3765173,'3719027.3765173,"Security and privacy, Computing methodologies","Security services, Machine learning"
'3719027.3765174,'3719027.3765174,"Security and privacy, Computing methodologies","Systems security, Artificial intelligence"
'3719027.3765175,'3719027.3765175,"Security and privacy, Computing methodologies","Software and application security, Machine learning"
'3719027.3765179,'3719027.3765179,Security and privacy,Human and societal aspects of security and privacy
'3719027.3765180,'3719027.3765180,Security and privacy,Systems security
'3719027.3765183,'3719027.3765183,Security and privacy,"Network security, Software and application security, Systems security"
'3719027.3765185,'3719027.3765185,"Computing methodologies, Security and privacy","Machine learning, Intrusion/anomaly detection and malware mitigation"
'3719027.3765190,'3719027.3765190,Security and privacy,"Security services, Cryptography, Database and storage security"
'3719027.3765191,'3719027.3765191,"Human-centered computing, Computing methodologies","Human computer interaction (HCI), Machine learning, Artificial intelligence"
'3719027.3765193,'3719027.3765193,"Computer systems organization, Mathematics of computing, Security and privacy","Embedded and cyber-physical systems, Probability and statistics, Intrusion/anomaly detection and malware mitigation"
'3719027.3765194,'3719027.3765194,Security and privacy,Cryptography
'3719027.3765196,'3719027.3765196,Security and privacy,Software and application security
'3719027.3765197,'3719027.3765197,"Security and privacy, Computing methodologies","Intrusion/anomaly detection and malware mitigation, Machine learning"
'3719027.3765198,'3719027.3765198,"Security and privacy, Networks","Network security, Network protocols"
'3719027.3765199,'3719027.3765199,Security and privacy,Software and application security
'3719027.3765201,'3719027.3765201,Security and privacy,Human and societal aspects of security and privacy
'3719027.3765205,'3719027.3765205,"Security and privacy, Software and its engineering","Systems security, Software organization and properties"
'3719027.3765207,'3719027.3765207,Security and privacy,Software and application security
'3719027.3765210,'3719027.3765210,"Software and its engineering, Security and privacy","Software organization and properties, Human and societal aspects of security and privacy"
'3719027.3765211,'3719027.3765211,"Security and privacy, Computing methodologies","Software and application security, Artificial intelligence"
'3719027.3765219,'3719027.3765219,Security and privacy,Intrusion/anomaly detection and malware mitigation
'3719027.3765222,'3719027.3765222,Security and privacy,Software and application security
'3719027.3765223,'3719027.3765223,Security and privacy,Human and societal aspects of security and privacy
'3719027.3765227,'3719027.3765227,"Security and privacy, Computer systems organization","Software and application security, Embedded and cyber-physical systems"
'3719027.3765228,'3719027.3765228,Security and privacy,Security services
'3719027.3765232,'3719027.3765232,"Security and privacy, Computing methodologies","Security services, Machine learning"
'403_Forbidden_Ethically_Evaluating_Broken_Access_Control_in_the_Wild,403 Forbidden Ethically Evaluating Broken Access Control in the Wild,"Security and privacy, Information systems","Security services, World Wide Web"
'50_Shades_of_Support_A_Device_Centric_Analysis_of_Android_Security_Updates,50 Shades of Support A Device Centric Analysis of Android Security Updates,"Security and privacy, General and reference","Systems security, Cross-computing tools and techniques"
'50_Ways_to_Leak_Your_Data_An_Exploration_of_Apps_Circumvention_of_the_Android_Permissions_System,50 Ways to Leak Your Data An Exploration of Apps Circumvention of the Android Permissions System,"Security and privacy, Human-centered computing","Systems security, Ubiquitous and mobile computing"
'6Sense_Internet_Wide_IPv6_Scanning_and_its_Security_Applications,6Sense Internet Wide IPv6 Scanning and its Security Applications,"Security and privacy, Networks","Network security, Network performance evaluation"
'6thSense_A_Context_aware_Sensor_based_Attack_Detector_for_Smart_Devices,6thSense A Context aware Sensor based Attack Detector for Smart Devices,"Security and privacy, Human-centered computing","Intrusion/anomaly detection and malware mitigation, Ubiquitous and mobile computing"
'A Framework for Designing Provably Secure Steganography,A Framework for Designing Provably Secure Steganography,"Security and privacy, Theory of computation","Cryptography, Computational complexity and cryptography"
'A Hard Label Black-box Adversarial Attack Against Graph Neural Networks.,A Hard Label Black box Adversarial Attack Against Graph Neural Networks.,"Security and privacy, Computing methodologies","Software and application security, Machine learning"
'A Key-Driven Framework for Identity-Preserving Face Anonymization,A Key Driven Framework for Identity Preserving Face Anonymization,"Security and privacy, Computing methodologies","Database and storage security, Artificial intelligence"
'A Large-Scale Empirical Study of Security Patches.,A Large Scale Empirical Study of Security Patches.,"Security and privacy, Software and its engineering","Systems security, Software creation and management"
'A limited technical background is sufficient for attack-defense tree acceptability,A limited technical background is sufficient for attack defense tree acceptability,"Security and privacy, Human-centered computing","Human and societal aspects of security and privacy, Human computer interaction (HCI)"
'A Lustrum of Malware Network Communication Evolution and Insights.,A Lustrum of Malware Network Communication Evolution and Insights.,"Security and privacy, Networks","Intrusion/anomaly detection and malware mitigation, Network performance evaluation"
'A Machine Learning Approach to Prevent Malicious Calls over Telephony Networks.,A Machine Learning Approach to Prevent Malicious Calls over Telephony Networks.,"Security and privacy, Computing methodologies","Intrusion/anomaly detection and malware mitigation, Machine learning"
'A Method to Facilitate Membership Inference Attacks in Deep Learning Models,A Method to Facilitate Membership Inference Attacks in Deep Learning Models,"Security and privacy, Computing methodologies","Security services, Machine learning"
'A Multifaceted Study on the Use of TLS and Auto-detect in Email Ecosystems,A Multifaceted Study on the Use of TLS and Auto detect in Email Ecosystems,Security and privacy,"Network security, Software and application security"
'A New PPML Paradigm for Quantized Models,A New PPML Paradigm for Quantized Models,"Security and privacy, Computing methodologies","Cryptography, Machine learning"
"'A Novel Analysis of Utility in Privacy Pipelines, Using Kronecker Products and Quantitative Information Flow","A Novel Analysis of Utility in Privacy Pipelines, Using Kronecker Products and Quantitative Information Flow","Security and privacy, Software and its engineering","Formal methods and theory of security, Software organization and properties"
'A Practical Oblivious Map Data Structure with Secure Deletion and History Independence.,A Practical Oblivious Map Data Structure with Secure Deletion and History Independence.,"Security and privacy, Theory of computation","Database and storage security, Design and analysis of algorithms"
'A Programming Framework for Differential Privacy with Accuracy Concentration Bounds.,A Programming Framework for Differential Privacy with Accuracy Concentration Bounds.,"Security and privacy, Software and its engineering","Security services, Software notations and tools"
'A Run a Day Won't Keep the Hacker Away Inference Attacks on Endpoint Privacy Zones in Fitness Tracking Social Networks,A Run a Day Won't Keep the Hacker Away Inference Attacks on Endpoint Privacy Zones in Fitness Tracking Social Networks,Security and privacy,"Human and societal aspects of security and privacy, Software and application security"
'A Search Engine Backed by Internet-Wide Scanning.,A Search Engine Backed by Internet Wide Scanning.,"Security and privacy, Information systems","Systems security, Information retrieval"
'A Stealthier Partitioning Attack against Bitcoin Peer-to-Peer Network.,A Stealthier Partitioning Attack against Bitcoin Peer to Peer Network.,"Security and privacy, Networks","Network security, Network types"
'A Systematic Analysis of the Juniper Dual EC Incident.,A Systematic Analysis of the Juniper Dual EC Incident.,Security and privacy,"Cryptography, Systems security"
'A Systematic Evaluation of Automated Tools for Side-Channel Vulnerabilities Detection in Cryptographic Libraries,A Systematic Evaluation of Automated Tools for Side Channel Vulnerabilities Detection in Cryptographic Libraries,Security and privacy,"Security in hardware, Cryptography"
'A Tale of Evil Twins_ Adversarial Inputs versus Poisoned Models.,A Tale of Evil Twins Adversarial Inputs versus Poisoned Models.,"Security and privacy, Computing methodologies","Intrusion/anomaly detection and malware mitigation, Machine learning"
'A Tale of Sea and Sky On the Security of Maritime VSAT Communications.,A Tale of Sea and Sky On the Security of Maritime VSAT Communications.,"Security and privacy, Networks","Network security, Network protocols"
'A Tough Call Mitigating Advanced Code-Reuse Attacks at the Binary Level.,A Tough Call Mitigating Advanced Code Reuse Attacks at the Binary Level.,"Security and privacy, Software and its engineering","Systems security, Software organization and properties"
'A Usability Evaluation of Let's Encrypt and Certbot_ Usable Security Done Right.,A Usability Evaluation of Let's Encrypt and Certbot Usable Security Done Right.,Security and privacy,"Human and societal aspects of security and privacy, Network security"
'A4NT_Author_Attribute_Anonymity_by_Adversarial_Training_of_Neural_Machine_Translation,A4NT Author Attribute Anonymity by Adversarial Training of Neural Machine Translation,"Security and privacy, Computing methodologies","Security services, Machine learning"
'Abandon_All_Hope_Ye_Who_Enter_Here_A_Dynamic_Longitudinal_Investigation_of_Androids_Data_Safety_Section,Abandon All Hope Ye Who Enter Here A Dynamic Longitudinal Investigation of Androids Data Safety Section,Security and privacy,"Human and societal aspects of security and privacy, Software and application security"
'Above_and_Beyond_Organizational_Efforts_to_Complement_US_Digital_Security_Compliance_Mandates,Above and Beyond Organizational Efforts to Complement US Digital Security Compliance Mandates,"Security and privacy, Social and professional topics","Human and societal aspects of security and privacy, Computing / technology policy"
'ABS Scanning Neural Networks for Back-doors by Artificial Brain Stimulation.,ABS Scanning Neural Networks for Back doors by Artificial Brain Stimulation.,"Security and privacy, Computing methodologies","Intrusion/anomaly detection and malware mitigation, Machine learning"
'Abuse_Vectors_A_Framework_for_Conceptualizing_IoT_Enabled_Interpersonal_Abuse,Abuse Vectors A Framework for Conceptualizing IoT Enabled Interpersonal Abuse,"Security and privacy, Human-centered computing","Human and societal aspects of security and privacy, Ubiquitous and mobile computing"
'Abusing_Hidden_Properties_to_Attack_the_Nodejs_Ecosystem,Abusing Hidden Properties to Attack the Nodejs Ecosystem,"Security and privacy, Software and its engineering","Software and application security, Software organization and properties"
'Abusing_the_Ethereum_Smart_Contract_Verification_Services_for_Fun_and_Profit,Abusing the Ethereum Smart Contract Verification Services for Fun and Profit,"Security and privacy, Software and its engineering","Software and application security, Software organization and properties"
'ABY20_Improved_Mixed_Protocol_Secure_Two_Party_Computation,ABY20 Improved Mixed Protocol Secure Two Party Computation,"Security and privacy, Theory of computation","Cryptography, Computational complexity and cryptography"
'ABY3 A Mixed Protocol Framework for Machine Learning.,ABY3 A Mixed Protocol Framework for Machine Learning.,"Security and privacy, Computing methodologies","Cryptography, Machine learning"
'Accelerating_Secure_Collaborative_Machine_Learning_with_Protocol_Aware_RDMA,Accelerating Secure Collaborative Machine Learning with Protocol Aware RDMA,"Security and privacy, Networks","Security services, Network protocols"
'Accessorize to a Crime_ Real and Stealthy Attacks on State-of-the-Art Face Recognition.,Accessorize to a Crime Real and Stealthy Attacks on State of the Art Face Recognition.,"Security and privacy, Computing methodologies","Security services, Artificial intelligence"
'Access_Denied_Assessing_Physical_Risks_to_Internet_Access_Networks,Access Denied Assessing Physical Risks to Internet Access Networks,"Security and privacy, Networks","Network security, Network performance evaluation"
'Account_Security_Interfaces_Important_Unintuitive_and_Untrustworthy,Account Security Interfaces Important Unintuitive and Untrustworthy,"Security and privacy, Human-centered computing","Human and societal aspects of security and privacy, Human computer interaction (HCI)"
'Account_Verification_on_Social_Media_User_Perceptions_and_Paid_Enrollment,Account Verification on Social Media User Perceptions and Paid Enrollment,"Security and privacy, Human-centered computing","Human and societal aspects of security and privacy, Collaborative and social computing"
'Accuracy-Privacy_Trade-off_in_Deep_Ensemble_A_Membership_Inference_Perspective,Accuracy Privacy Trade off in Deep Ensemble A Membership Inference Perspective,"Security and privacy, Computing methodologies","Security services, Machine learning"
'Accurately_Measuring_Global_Risk_of_Amplification_Attacks_using_AmpMap,Accurately Measuring Global Risk of Amplification Attacks using AmpMap,"Security and privacy, Networks","Network security, Network performance evaluation"
'ACE_A_Model_Poisoning_Attack_on_Contribution_Evaluation_Methods_in_Federated_Learning,ACE A Model Poisoning Attack on Contribution Evaluation Methods in Federated Learning,"Security and privacy, Computing methodologies","Systems security, Machine learning"
'Acing the IOC Game Toward Automatic Discovery and Analysis of Open-Source Cyber Threat Intelligence.,Acing the IOC Game Toward Automatic Discovery and Analysis of Open Source Cyber Threat Intelligence.,"Security and privacy, Computing methodologies","Intrusion/anomaly detection and malware mitigation, Artificial intelligence"
'ACon2_Adaptive_Conformal_Consensus_for_Provable_Blockchain_Oracles,ACon2 Adaptive Conformal Consensus for Provable Blockchain Oracles,"Security and privacy, Computing methodologies","Systems security, Machine learning"
'ACORN_Input_Validation_for_Secure_Aggregation,ACORN Input Validation for Secure Aggregation,Security and privacy,"Cryptography, Security services"
'Acquisitional_Rule_based_Engine_for_Discovering_Internet_of_Thing_Devices,Acquisitional Rule based Engine for Discovering Internet of Thing Devices,"Security and privacy, Networks","Intrusion/anomaly detection and malware mitigation, Network services"
'Actions_Speak_Louder_than_Words_Entity_Sensitive_Privacy_Policy_and_Data_Flow_Analysis_with_PoliCheck,Actions Speak Louder than Words Entity Sensitive Privacy Policy and Data Flow Analysis with PoliCheck,"Security and privacy, Software and its engineering","Software and application security, Software organization and properties"
'ActiveDaemon_Unconscious_DNN_Dormancy_and_Waking_Up_via_User_specific_Invisible_Token,ActiveDaemon Unconscious DNN Dormancy and Waking Up via User specific Invisible Token,"Security and privacy, Computing methodologies","Security services, Machine learning"
'Ad Injection at Scale Assessing Deceptive Advertisement Modifications.,Ad Injection at Scale Assessing Deceptive Advertisement Modifications.,"Security and privacy, Information systems","Intrusion/anomaly detection and malware mitigation, World Wide Web"
'Adapting_Security_Warnings_to_Counter_Online_Disinformation,Adapting Security Warnings to Counter Online Disinformation,"Security and privacy, Human-centered computing","Human and societal aspects of security and privacy, Human computer interaction (HCI)"
'Adaptive_Android_Kernel_Live_Patching,Adaptive Android Kernel Live Patching,"Security and privacy, Software and its engineering","Systems security, Software organization and properties"
'Adversarial Data Mining Big Data Meets Cyber Security.,Adversarial Data Mining Big Data Meets Cyber Security.,"Security and privacy, Computing methodologies","Intrusion/anomaly detection and malware mitigation, Machine learning"
'AdVersarial_ Perceptual Ad Blocking meets Adversarial Machine Learning.,AdVersarial Perceptual Ad Blocking meets Adversarial Machine Learning.,"Security and privacy, Computing methodologies","Software and application security, Machine learning"
'Adversarial_Attacks_Against_Automatic_Speech_Recognition_Systems_via_Psychoacoustic_Hiding,Adversarial Attacks Against Automatic Speech Recognition Systems via Psychoacoustic Hiding,"Security and privacy, Computing methodologies","Software and application security, Artificial intelligence"
'Adversarial_Classification_Under_Differential_Privacy,Adversarial Classification Under Differential Privacy,"Security and privacy, Computing methodologies","Security services, Machine learning"
'Adversarial_Detection_Avoidance_Attacks_Evaluating_the_robustness_of_perceptual_hashing_based_client_side_scanning,Adversarial Detection Avoidance Attacks Evaluating the robustness of perceptual hashing based client side scanning,"Security and privacy, Computing methodologies","Intrusion/anomaly detection and malware mitigation, Machine learning"
'Adversarial_Examples_for_Proof-of-Learning,Adversarial Examples for Proof of Learning,"Security and privacy, Computing methodologies","Security services, Machine learning"
'Adversarial_Illusions_in_Multi_Modal_Embeddings,Adversarial Illusions in Multi Modal Embeddings,"Security and privacy, Computing methodologies","Software and application security, Machine learning"
'Adversarial_Policy_Training_against_Deep_Reinforcement_Learning,Adversarial Policy Training against Deep Reinforcement Learning,"Security and privacy, Computing methodologies","Software and application security, Machine learning"
'Adversarial_Preprocessing_Understanding_and_Preventing_Image_Scaling_Attacks_in_Machine_Learning,Adversarial Preprocessing Understanding and Preventing Image Scaling Attacks in Machine Learning,"Security and privacy, Computing methodologies","Software and application security, Machine learning"
'Adversarial_Robustness_for_Tabular_Data_through_Cost_and_Utility_Awareness,Adversarial Robustness for Tabular Data through Cost and Utility Awareness,"Security and privacy, Computing methodologies","Intrusion/anomaly detection and malware mitigation, Machine learning"
'Adversarial_Robust_ViT-Based_Automatic_Modulation_Recognition_in_Practical_Deep_Learning-Based_Wireless_Systems,Adversarial Robust ViT Based Automatic Modulation Recognition in Practical Deep Learning Based Wireless Systems,"Security and privacy, Computing methodologies","Systems security, Machine learning"
'Adversarial_Training_for_Raw_Binary_Malware_Classifiers,Adversarial Training for Raw Binary Malware Classifiers,"Security and privacy, Computing methodologies","Intrusion/anomaly detection and malware mitigation, Machine learning"
'Adversarial_Watermarking_Transformer_Towards_Tracing_Text_Provenance_with_Data_Hiding,Adversarial Watermarking Transformer Towards Tracing Text Provenance with Data Hiding,"Security and privacy, Computing methodologies","Security services, Artificial intelligence"
'Adversary_Instantiation_Lower_Bounds_for_Differentially_Private_Machine_Learning,Adversary Instantiation Lower Bounds for Differentially Private Machine Learning,"Security and privacy, Computing methodologies","Security services, Machine learning"
'Adversary_is_on_the_Road_Attacks_on_Visual_SLAM_using_Unnoticeable_Adversarial_Patch,Adversary is on the Road Attacks on Visual SLAM using Unnoticeable Adversarial Patch,"Security and privacy, Computing methodologies","Systems security, Machine learning"
"'AdvPulse_ Universal, Synchronization-free, and Targeted Audio Adversarial Attacks via Subsecond Perturbations.","AdvPulse Universal, Synchronization free, and Targeted Audio Adversarial Attacks via Subsecond Perturbations.","Security and privacy, Computing methodologies","Software and application security, Machine learning"
'Aegis_Mitigating_Targeted_Bit_flip_Attacks_against_Deep_Neural_Networks,Aegis Mitigating Targeted Bit flip Attacks against Deep Neural Networks,"Security and privacy, Computing methodologies","Security in hardware, Machine learning"
'AE_Morpher_Improve_Physical_Robustness_of_Adversarial_Objects_against_LiDAR_based_Detectors_via_Object_Reconstruction,AE Morpher Improve Physical Robustness of Adversarial Objects against LiDAR based Detectors via Object Reconstruction,"Security and privacy, Computing methodologies","Systems security, Machine learning"
'AGNNCert Defending Graph Neural Networks against Arbitrary Perturbations with Deterministic Certification,AGNNCert Defending Graph Neural Networks against Arbitrary Perturbations with Deterministic Certification,"Security and privacy, Computing methodologies","Formal methods and theory of security, Machine learning"
'Ahoy_SAILR_There_is_No_Need_to_DREAM_of_C_A_Compiler_Aware_Structuring_Algorithm_for_Binary_Decompilation,Ahoy SAILR There is No Need to DREAM of C A Compiler Aware Structuring Algorithm for Binary Decompilation,"Software and its engineering, Security and privacy","Software notations and tools, Intrusion/anomaly detection and malware mitigation"
'AI-Guardian_Defeating_Adversarial_Attacks_using_Backdoors,AI Guardian Defeating Adversarial Attacks using Backdoors,"Security and privacy, Computing methodologies","Software and application security, Machine learning"
'AidFuzzer Adaptive Interrupt-Driven Firmware Fuzzing via Run-Time State Recognition,AidFuzzer Adaptive Interrupt Driven Firmware Fuzzing via Run Time State Recognition,"Security and privacy, Computer systems organization","Systems security, Embedded and cyber-physical systems"
'AIRS_Explanation_for_Deep_Reinforcement_Learning_based_Security_Applications,AIRS Explanation for Deep Reinforcement Learning based Security Applications,"Security and privacy, Computing methodologies","Intrusion/anomaly detection and malware mitigation, Machine learning"
'AIRTAG_Towards_Automated_Attack_Investigation_by_Unsupervised_Learning_with_Log_Texts,AIRTAG Towards Automated Attack Investigation by Unsupervised Learning with Log Texts,"Security and privacy, Computing methodologies","Intrusion/anomaly detection and malware mitigation, Machine learning"
'AI_Psychiatry_Forensic_Investigation_of_Deep_Learning_Networks_in_Memory_Images,AI Psychiatry Forensic Investigation of Deep Learning Networks in Memory Images,"Security and privacy, Computing methodologies","Systems security, Machine learning"
'ALASTOR_Reconstructing_the_Provenance_of_Serverless_Intrusions,ALASTOR Reconstructing the Provenance of Serverless Intrusions,Security and privacy,"Intrusion/anomaly detection and malware mitigation, Systems security"
'ALERT Machine Learning-Enhanced Risk Estimation for Databases Supporting Encrypted Queries,ALERT Machine Learning Enhanced Risk Estimation for Databases Supporting Encrypted Queries,"Security and privacy, Computing methodologies","Database and storage security, Machine learning"
'Aliasing_Backdoor_Attacks_on_Pre_trained_Models,Aliasing Backdoor Attacks on Pre trained Models,"Security and privacy, Computing methodologies","Software and application security, Machine learning"
'All your database are belong to us Characterizing Database Ransomware Attacks,All your database are belong to us Characterizing Database Ransomware Attacks,"Security and privacy, Information systems","Database and storage security, Data management systems"
'All Your DNS Records Point to Us Understanding the Security Threats of Dangling DNS Records.,All Your DNS Records Point to Us Understanding the Security Threats of Dangling DNS Records.,"Security and privacy, Networks","Network security, Network services"
'Alleviating_the_Fear_of_Losing_Alignment_in_LLM_Fine-tuning,Alleviating the Fear of Losing Alignment in LLM Fine tuning,"Security and privacy, Computing methodologies","Software and application security, Machine learning"
'All_Things_Considered_An_Analysis_of_IoT_Devices_on_Home_Networks,All Things Considered An Analysis of IoT Devices on Home Networks,Security and privacy,"Network security, Intrusion/anomaly detection and malware mitigation"
'All_Your_Biases_Belong_to_Us_Breaking_RC4_in_WPA_TKIP_and_TLS,All Your Biases Belong to Us Breaking RC4 in WPA TKIP and TLS,Security and privacy,"Cryptography, Network security"
'All_Your_Clicks_Belong_to_Me_Investigating_Click_Interception_on_the_Web,All Your Clicks Belong to Me Investigating Click Interception on the Web,"Security and privacy, Information systems","Software and application security, World Wide Web"
'All_Your_GPS_Are_Belong_To_Us_Towards_Stealthy_Manipulation_of_Road_Navigation_Systems,All Your GPS Are Belong To Us Towards Stealthy Manipulation of Road Navigation Systems,"Security and privacy, Information systems","Systems security, Information systems applications"
'All_Your_Queries_Are_Belong_to_Us_The_Power_of_File_Injection_Attacks_on_Searchable_Encryption,All Your Queries Are Belong to Us The Power of File Injection Attacks on Searchable Encryption,Security and privacy,"Database and storage security, Cryptography"
'Almost Instance-optimal Clipping for Summation Problems in the Shuffle Model of Differential Privacy,Almost Instance optimal Clipping for Summation Problems in the Shuffle Model of Differential Privacy,Security and privacy,Security services
'ALOHA_Auxiliary_Loss_Optimization_for_Hypothesis_Augmentation,ALOHA Auxiliary Loss Optimization for Hypothesis Augmentation,"Security and privacy, Computing methodologies","Intrusion/anomaly detection and malware mitigation, Machine learning"
'ALPACA_Application_Layer_Protocol_Confusion_Analyzing_and_Mitigating_Cracks_in_TLS_Authentication,ALPACA Application Layer Protocol Confusion Analyzing and Mitigating Cracks in TLS Authentication,Security and privacy,"Network security, Software and application security"
'AlphaDog No-Box Camouflage Attacks via Alpha Channel Oversight,AlphaDog No Box Camouflage Attacks via Alpha Channel Oversight,"Security and privacy, Computing methodologies","Software and application security, Machine learning"
'Am I Infected Lessons from Operating a Large-Scale IoT Security Diagnostic Service,Am I Infected Lessons from Operating a Large Scale IoT Security Diagnostic Service,"Security and privacy, Human-centered computing","Intrusion/anomaly detection and malware mitigation, Human computer interaction (HCI)"
'AmpFuzz_Fuzzing_for_Amplification_DDoS_Vulnerabilities,AmpFuzz Fuzzing for Amplification DDoS Vulnerabilities,"Security and privacy, Software and its engineering","Network security, Software creation and management"
'An Analysis of Pre-installed Android Software.,An Analysis of Pre installed Android Software.,Security and privacy,"Systems security, Software and application security"
'An Empirical Study of Mnemonic Sentence-based Password Generation Strategies.,An Empirical Study of Mnemonic Sentence based Password Generation Strategies.,"Security and privacy, Human-centered computing","Security services, Human computer interaction (HCI)"
'An Empirical Study of Web Vulnerability Discovery Ecosystems.,An Empirical Study of Web Vulnerability Discovery Ecosystems.,Security and privacy,"Software and application security, Human and societal aspects of security and privacy"
'An Empirical Study on Fingerprint API Misuse with Lifecycle Analysis in Real-world Android Apps,An Empirical Study on Fingerprint API Misuse with Lifecycle Analysis in Real world Android Apps,"Security and privacy, Software and its engineering","Software and application security, Software organization and properties"
'An Industry Interview Study of Software Signing for Supply Chain Security,An Industry Interview Study of Software Signing for Supply Chain Security,Security and privacy,"Software and application security, Human and societal aspects of security and privacy"
'Analysis_of_Privacy_Protections_in_Fitness_Tracking_Social_Networks_or_You_can_run_but_can_you_hide,Analysis of Privacy Protections in Fitness Tracking Social Networks or You can run but can you hide,"Security and privacy, Human-centered computing","Human and societal aspects of security and privacy, Collaborative and social computing"
'Analyzing Information Leakage of Updates to Natural Language Models.,Analyzing Information Leakage of Updates to Natural Language Models.,"Security and privacy, Computing methodologies","Software and application security, Machine learning"
'Analyzing Subgraph Statistics from Extended Local Views with Decentralized Differential Privacy.,Analyzing Subgraph Statistics from Extended Local Views with Decentralized Differential Privacy.,Security and privacy,Database and storage security
'Analyzing the AI Nudification Application Ecosystem,Analyzing the AI Nudification Application Ecosystem,"Security and privacy, Computing methodologies","Human and societal aspects of security and privacy, Artificial intelligence"
'Analyzing_Ad_Prevalence_Characteristics_and_Compliance_in_Alexa_Skills,Analyzing Ad Prevalence Characteristics and Compliance in Alexa Skills,"Security and privacy, Information systems","Software and application security, Information systems applications"
'Analyzing_Ground-Truth_Data_of_Mobile_Gambling_Scams,Analyzing Ground Truth Data of Mobile Gambling Scams,"Security and privacy, Human-centered computing","Human and societal aspects of security and privacy, Ubiquitous and mobile computing"
'Analyzing_Leakage_of_Personally_Identifiable_Information_in_Language_Models,Analyzing Leakage of Personally Identifiable Information in Language Models,"Security and privacy, Computing methodologies","Database and storage security, Artificial intelligence"
'Analyzing_the_iOS_Local_Network_Permission_from_a_Technical_and_User_Perspective,Analyzing the iOS Local Network Permission from a Technical and User Perspective,Security and privacy,"Systems security, Human and societal aspects of security and privacy"
'Anatomization_and_Protection_of_Mobile_Apps_Location_Privacy_Threats,Anatomization and Protection of Mobile Apps Location Privacy Threats,"Security and privacy, Human-centered computing","Human and societal aspects of security and privacy, Ubiquitous and mobile computing"
'Anatomy_of_a_High_Profile_Data_Breach_Dissecting_the_Aftermath_of_a_Crypto_Wallet_Case,Anatomy of a High Profile Data Breach Dissecting the Aftermath of a Crypto Wallet Case,"Security and privacy, Applied computing","Human and societal aspects of security and privacy, Law, social and behavioral sciences"
'Android Root and its Providers_ A Double-Edged Sword.,Android Root and its Providers A Double Edged Sword.,Security and privacy,"Systems security, Intrusion/anomaly detection and malware mitigation"
'Android_Permissions_Remystified_A_Field_Study_on_Contextual_Integrity,Android Permissions Remystified A Field Study on Contextual Integrity,"Security and privacy, Human-centered computing","Human and societal aspects of security and privacy, Ubiquitous and mobile computing"
'Android_SmartTVs_Vulnerability_Discovery_via_Log_Guided_Fuzzing,Android SmartTVs Vulnerability Discovery via Log Guided Fuzzing,"Security and privacy, Software and its engineering","Systems security, Software creation and management"
'Angora Efficient Fuzzing by Principled Search.,Angora Efficient Fuzzing by Principled Search.,"Security and privacy, Software and its engineering","Systems security, Software creation and management"
'AnimateDead_Debloating_Web_Applications_Using_Concolic_Execution,AnimateDead Debloating Web Applications Using Concolic Execution,"Security and privacy, Software and its engineering","Software and application security, Software organization and properties"
'Anomaly_Detection_in_the_Open_World_Normality_Shift_Detection_Explanation_and_Adaptation,Anomaly Detection in the Open World Normality Shift Detection Explanation and Adaptation,"Computing methodologies, Security and privacy","Machine learning, Systems security"
'AnonPSI_An_Anonymity_Assessment_Framework_for_PSI,AnonPSI An Anonymity Assessment Framework for PSI,Security and privacy,Human and societal aspects of security and privacy
'An_Attack-Agnostic_Defense_Framework_Against_Manipulation_Attacks_Under_Local_Differential_Privacy,An Attack Agnostic Defense Framework Against Manipulation Attacks Under Local Differential Privacy,Security and privacy,Human and societal aspects of security and privacy
'An_Audit_of_Facebooks_Political_Ad_Policy_Enforcement,An Audit of Facebooks Political Ad Policy Enforcement,"Computing methodologies, Security and privacy","Machine learning, Systems security"
'An_Efficient_Design_of_Intelligent_Network_Data_Plane,An Efficient Design of Intelligent Network Data Plane,"Computing methodologies, Networks","Machine learning, Network protocols"
'An_Empirical_Study_Evaluation_of_Modern_CAPTCHAs,An Empirical Study Evaluation of Modern CAPTCHAs,Security and privacy,Human and societal aspects of security and privacy
'An_Empirical_Study_of_Web_Resource_Manipulation_in_Real_world_Mobile_Applications,An Empirical Study of Web Resource Manipulation in Real world Mobile Applications,Security and privacy,Software and application security
'An_Ever_evolving_Game_Evaluation_of_Real_world_Attacks_and_Defenses_in_Ethereum_Ecosystem,An Ever evolving Game Evaluation of Real world Attacks and Defenses in Ethereum Ecosystem,Security and privacy,Systems security
'An_Input_Agnostic_Hierarchical_Deep_Learning_Framework_for_Traffic_Fingerprinting,An Input Agnostic Hierarchical Deep Learning Framework for Traffic Fingerprinting,"Computing methodologies, Security and privacy","Machine learning, Network security"
'An_Investigation_of_the_Android_Kernel_Patch_Ecosystem,An Investigation of the Android Kernel Patch Ecosystem,Security and privacy,Systems security
'An_In_depth_Analysis_of_Duplicated_Linux_Kernel_Bug_Reports,An In depth Analysis of Duplicated Linux Kernel Bug Reports,Security and privacy,Systems security
'An_LLM_Assisted_Easy_to_Trigger_Backdoor_Attack_on_Code_Completion_Models_Injecting_Disguised_Vulnerabilities_against_Strong_Detection,An LLM Assisted Easy to Trigger Backdoor Attack on Code Completion Models Injecting Disguised Vulnerabilities against Strong Detection,Security and privacy,Systems security
'An_Off_Chip_Attack_on_Hardware_Enclaves_via_the_Memory_Bus,An Off Chip Attack on Hardware Enclaves via the Memory Bus,Security and privacy,Systems security
'An_OS_agnostic_Approach_to_Memory_Forensics,An OS agnostic Approach to Memory Forensics,Security and privacy,Systems security
'APPATCH Automated Adaptive Prompting Large Language Models for Real-World Software Vulnerability Patching,APPATCH Automated Adaptive Prompting Large Language Models for Real World Software Vulnerability Patching,Security and privacy,Systems security
'Apps_Trackers_Privacy_and_Regulators_A_Global_Study_of_the_Mobile_Tracking_Ecosystem,Apps Trackers Privacy and Regulators A Global Study of the Mobile Tracking Ecosystem,"Security and privacy, Information systems","Human and societal aspects of security and privacy, World Wide Web"
'Arana_Discovering_and_Characterizing_Password_Guessing_Attacks_in_Practice,Arana Discovering and Characterizing Password Guessing Attacks in Practice,Security and privacy,"Security services, Intrusion/anomaly detection and malware mitigation"
'Arbiter_Bridging_the_Static_and_Dynamic_Divide_in_Vulnerability_Discovery_on_Binary_Programs,Arbiter Bridging the Static and Dynamic Divide in Vulnerability Discovery on Binary Programs,"Security and privacy, Software and its engineering","Software and application security, Software organization and properties"
'ARBITRAR_User-Guided_API_Misuse_Detection,ARBITRAR User Guided API Misuse Detection,"Security and privacy, Software and its engineering","Software and application security, Software organization and properties"
'Arcanum_Detecting_and_Evaluating_the_Privacy_Risks_of_Browser_Extensions_on_Web_Pages_and_Web_Content,Arcanum Detecting and Evaluating the Privacy Risks of Browser Extensions on Web Pages and Web Content,Security and privacy,"Systems security, Software and application security"
'Architecting_Trigger_Action_Platforms_for_Security_Performance_and_Functionality,Architecting Trigger Action Platforms for Security Performance and Functionality,"Security and privacy, Software and its engineering","Systems security, Software organization and properties"
'Architectural_Neural_Backdoors_from_First_Principles,Architectural Neural Backdoors from First Principles,"Security and privacy, Computing methodologies","Software and application security, Machine learning"
'ARCUS_Symbolic_Root_Cause_Analysis_of_Exploits_in_Production_Systems,ARCUS Symbolic Root Cause Analysis of Exploits in Production Systems,"Security and privacy, Computing methodologies","Systems security, Symbolic and algebraic manipulation"
'Are_anonymity-seekers_just_like_everybody_else_An_analysis_of_contributions_to_Wikipedia_from_Tor,Are anonymity seekers just like everybody else An analysis of contributions to Wikipedia from Tor,"Security and privacy, Human-centered computing","Security services, Collaborative and social computing"
'Are_Consumers_Willing_to_Pay_for_Security_and_Privacy_of_IoT_Devices,Are Consumers Willing to Pay for Security and Privacy of IoT Devices,"Security and privacy, Human-centered computing","Human and societal aspects of security and privacy, Human computer interaction (HCI)"
'Are_these_Ads_Safe_Detecting_Hidden_Attacks_through_the_Mobile_App_Web_Interfaces,Are these Ads Safe Detecting Hidden Attacks through the Mobile App Web Interfaces,"Security and privacy, Information systems","Intrusion/anomaly detection and malware mitigation, World Wide Web"
'Are_We_There_Yet_On_RPKIs_Deployment_and_Security,Are We There Yet On RPKIs Deployment and Security,"Security and privacy, Networks","Network security, Network protocols"
'Are_We_There_Yet_Timing_and_Floating-Point_Attacks_on_Differential_Privacy_Systems,Are We There Yet Timing and Floating Point Attacks on Differential Privacy Systems,"Security and privacy, Mathematics of computing","Security services, Probability and statistics"
'Are_Your_Sensitive_Attributes_Private_Novel_Model_Inversion_Attribute_Inference_Attacks_on_Classification_Models,Are Your Sensitive Attributes Private Novel Model Inversion Attribute Inference Attacks on Classification Models,"Security and privacy, Computing methodologies","Database and storage security, Machine learning"
'Are_You_Spying_on_Me_Large_Scale_Analysis_on_IoT_Data_Exposure_through_Companion_Apps,Are You Spying on Me Large Scale Analysis on IoT Data Exposure through Companion Apps,"Security and privacy, Software and its engineering","Software and application security, Software organization and properties"
'Argus_All_your_PHP_Injection_sinks_are_belong_to_us,Argus All your PHP Injection sinks are belong to us,"Security and privacy, Software and its engineering","Software and application security, Software organization and properties"
'ARGUS_A_Framework_for_Staged_Static_Taint_Analysis_of_GitHub_Workflows_and_Actions,ARGUS A Framework for Staged Static Taint Analysis of GitHub Workflows and Actions,"Security and privacy, Software and its engineering","Software and application security, Software organization and properties"
'ARGUS_Context_Based_Detection_of_Stealthy_IoT_Infiltration_Attacks,ARGUS Context Based Detection of Stealthy IoT Infiltration Attacks,"Security and privacy, Computing methodologies","Intrusion/anomaly detection and malware mitigation, Machine learning"
'As Advertised Understanding the Impact of Influencer VPN Ads,As Advertised Understanding the Impact of Influencer VPN Ads,"Security and privacy, Information systems","Human and societal aspects of security and privacy, World Wide Web"
'Asking for a Friend_ Evaluating Response Biases in Security User Studies.,Asking for a Friend Evaluating Response Biases in Security User Studies.,"Security and privacy, Human-centered computing","Human and societal aspects of security and privacy, Human computer interaction (HCI)"
'Assessing the Aftermath the Effects of a Global Takedown against DDoS-for-hire Services,Assessing the Aftermath the Effects of a Global Takedown against DDoS for hire Services,Security and privacy,"Network security, Human and societal aspects of security and privacy"
'Assessing_Anonymity_Techniques_Employed_in_German_Court_Decisions_A_De_Anonymization_Experiment,Assessing Anonymity Techniques Employed in German Court Decisions A De Anonymization Experiment,Security and privacy,"Database and storage security, Human and societal aspects of security and privacy"
'Assessing_Browser_level_Defense_against_IDN_based_Phishing,Assessing Browser level Defense against IDN based Phishing,"Security and privacy, Information systems","Systems security, World Wide Web"
'Assessing_the_Impact_of_Interface_Vulnerabilities_in_Compartmentalized_Software,Assessing the Impact of Interface Vulnerabilities in Compartmentalized Software,"Security and privacy, Software and its engineering","Software and application security, Software organization and properties"
'ASSET_Robust_Backdoor_Data_Detection_Across_a_Multiplicity_of_Deep_Learning_Paradigms,ASSET Robust Backdoor Data Detection Across a Multiplicity of Deep Learning Paradigms,"Security and privacy, Computing methodologies","Intrusion/anomaly detection and malware mitigation, Machine learning"
'Assuring Certified Database Utility in Privacy-Preserving Database Fingerprinting,Assuring Certified Database Utility in Privacy Preserving Database Fingerprinting,"Security and privacy, Information systems","Security services, Data management systems"
'Asymmetric_Mempool_DoS_Security_Formal_Definitions_and_Provable_Secure_Designs,Asymmetric Mempool DoS Security Formal Definitions and Provable Secure Designs,Security and privacy,"Formal methods and theory of security, Systems security"
'Atkscopes Multiresolution Adversarial Perturbation as a Unified Attack on Perceptual Hashing and Beyond,Atkscopes Multiresolution Adversarial Perturbation as a Unified Attack on Perceptual Hashing and Beyond,"Security and privacy, Computing methodologies","Software and application security, Machine learning"
'ATLAS_A_Sequence_based_Learning_Approach_for_Attack_Investigation,ATLAS A Sequence based Learning Approach for Attack Investigation,"Security and privacy, Computing methodologies","Intrusion/anomaly detection and malware mitigation, Machine learning"
'ATTACK2VEC_Leveraging_Temporal_Word_Embeddings_to_Understand_the_Evolution_of_Cyberattacks,ATTACK2VEC Leveraging Temporal Word Embeddings to Understand the Evolution of Cyberattacks,"Security and privacy, Computing methodologies","Intrusion/anomaly detection and malware mitigation, Artificial intelligence"
'AttackGNN_Red_Teaming_GNNs_in_Hardware_Security_Using_Reinforcement_Learning,AttackGNN Red Teaming GNNs in Hardware Security Using Reinforcement Learning,"Security and privacy, Computing methodologies","Security in hardware, Machine learning"
'Attacking_the_Network_Time_Protocol,Attacking the Network Time Protocol,"Security and privacy, Networks","Network security, Network protocols"
'Attacks_as_Defenses_Designing_Robust_Audio_CAPTCHAs_Using_Attacks_on_Automatic_Speech_Recognition_Systems,Attacks as Defenses Designing Robust Audio CAPTCHAs Using Attacks on Automatic Speech Recognition Systems,"Security and privacy, Computing methodologies","Security services, Machine learning"
'Attacks_Only_Get_Better_Password_Recovery_Attacks_Against_RC4_in_TLS,Attacks Only Get Better Password Recovery Attacks Against RC4 in TLS,"Security and privacy, Mathematics of computing","Cryptography, Probability and statistics"
'Attacks_on_Deidentifications_Defenses,Attacks on Deidentifications Defenses,Security and privacy,"Database and storage security, Human and societal aspects of security and privacy"
'ATTention_Please_An_Investigation_of_the_App_Tracking_Transparency_Permission,ATTention Please An Investigation of the App Tracking Transparency Permission,"Security and privacy, Computing methodologies","Human and societal aspects of security and privacy, Machine learning"
'ATtention_Spanned_Comprehensive_Vulnerability_Analysis_of_AT_Commands_Within_the_Android_Ecosystem,ATtention Spanned Comprehensive Vulnerability Analysis of AT Commands Within the Android Ecosystem,"Security and privacy, Human-centered computing","Systems security, Ubiquitous and mobile computing"
'ATTEQ_NN_Attention_based_QoE_aware_Evasive_Backdoor_Attacks,ATTEQ NN Attention based QoE aware Evasive Backdoor Attacks,"Security and privacy, Computing methodologies","Intrusion/anomaly detection and malware mitigation, Machine learning"
'Attributing Open-Source Contributions is Critical but Difficult A Systematic Analysis of GitHub Practices and Their Impact on Software Supply Chain Security,Attributing Open Source Contributions is Critical but Difficult A Systematic Analysis of GitHub Practices and Their Impact on Software Supply Chain Security,"Security and privacy, Software and its engineering","Software and application security, Software notations and tools"
'Attributions_for_ML_based_ICS_Anomaly_Detection_From_Theory_to_Practice,Attributions for ML based ICS Anomaly Detection From Theory to Practice,"Security and privacy, Computing methodologies","Intrusion/anomaly detection and malware mitigation, Machine learning"
'AttriGuard_A_Practical_Defense_Against_Attribute_Inference_Attacks_via_Adversarial_Machine_Learning,AttriGuard A Practical Defense Against Attribute Inference Attacks via Adversarial Machine Learning,"Security and privacy, Computing methodologies","Database and storage security, Machine learning"
'AUDIO WATERMARK Dynamic and Harmless Watermark for Black-box Voice Dataset Copyright Protection,AUDIO WATERMARK Dynamic and Harmless Watermark for Black box Voice Dataset Copyright Protection,"Security and privacy, Computing methodologies","Security services, Machine learning"
'AudioMarkNet Audio Watermarking for Deepfake Speech Detection,AudioMarkNet Audio Watermarking for Deepfake Speech Detection,"Security and privacy, Computing methodologies","Intrusion/anomaly detection and malware mitigation, Machine learning"
'Auditing_Frameworks_Need_Resource_Isolation_A_Systematic_Study_on_the_Super_Producer_Threat_to_System_Auditing_and_Its_Mitigation,Auditing Frameworks Need Resource Isolation A Systematic Study on the Super Producer Threat to System Auditing and Its Mitigation,"Security and privacy, Computer systems organization","Systems security, Dependable and fault-tolerant systems and networks"
'Auditing_Framework_APIs_via_Inferred_App_side_Security_Specifications,Auditing Framework APIs via Inferred App side Security Specifications,"Security and privacy, Software and its engineering","Systems security, Software organization and properties"
'Auditory_Eyesight_Demystifying_Î¼s_Precision_Keystroke_Tracking_Attacks_on_Unconstrained_Keyboard_Inputs,Auditory Eyesight Demystifying Î¼s Precision Keystroke Tracking Attacks on Unconstrained Keyboard Inputs,"Security and privacy, Human-centered computing","Security in hardware, Human computer interaction (HCI)"
'Augmented_Shuffle_Protocols_for_Accurate_and_Robust_Frequency_Estimation_Under_Differential_Privacy,Augmented Shuffle Protocols for Accurate and Robust Frequency Estimation Under Differential Privacy,"Security and privacy, Mathematics of computing","Security services, Probability and statistics"
'Augmenting_Decompiler_Output_with_Learned_Variable_Names_and_Types,Augmenting Decompiler Output with Learned Variable Names and Types,"Security and privacy, Computing methodologies","Software and application security, Machine learning"
'Augur Internet-Wide Detection of Connectivity Disruptions.,Augur Internet Wide Detection of Connectivity Disruptions.,"Security and privacy, Networks","Network security, Network performance evaluation"
'AURC_Detecting_Errors_in_Program_Code_and_Documentation,AURC Detecting Errors in Program Code and Documentation,"Security and privacy, Software and its engineering","Software and application security, Software creation and management"
'AURORA_Statistical_Crash_Analysis_for_Automated_Root_Cause_Explanation,AURORA Statistical Crash Analysis for Automated Root Cause Explanation,"Security and privacy, Software and its engineering","Systems security, Software organization and properties"
'AuthentiCall_Efficient_Identity_and_Content_Authentication_for_Phone_Calls,AuthentiCall Efficient Identity and Content Authentication for Phone Calls,"Security and privacy, Networks","Security services, Network protocols"
'Authenticated_private_information_retrieval,Authenticated private information retrieval,"Security and privacy, Theory of computation","Cryptography, Computational complexity and cryptography"
'AuthentiSense_A_Scalable_Behavioral_Biometrics_Authentication_Scheme_using_Few_Shot_Learning_for_Mobile_Platforms,AuthentiSense A Scalable Behavioral Biometrics Authentication Scheme using Few Shot Learning for Mobile Platforms,"Security and privacy, Computing methodologies","Security services, Artificial intelligence"
'AUTHSCOPE_ Towards Automatic Discovery of Vulnerable Authorizations in Online Services.,AUTHSCOPE Towards Automatic Discovery of Vulnerable Authorizations in Online Services.,Security and privacy,"Security services, Software and application security"
'AutoDA_Automated_Decision_based_Iterative_Adversarial_Attacks,AutoDA Automated Decision based Iterative Adversarial Attacks,"Security and privacy, Computing methodologies","Software and application security, Machine learning"
'AutoFHE_Automated_Adaption_of_CNNs_for_Efficient_Evaluation_over_FHE,AutoFHE Automated Adaption of CNNs for Efficient Evaluation over FHE,"Security and privacy, Computing methodologies","Cryptography, Machine learning"
'AutoFR_Automated_Filter_Rule_Generation_for_Adblocking,AutoFR Automated Filter Rule Generation for Adblocking,"Security and privacy, Computing methodologies","Software and application security, Machine learning"
'Automated Crowdturfing Attacks and Defenses in Online Review Systems.,Automated Crowdturfing Attacks and Defenses in Online Review Systems.,"Security and privacy, Computing methodologies","Human and societal aspects of security and privacy, Artificial intelligence, Machine learning"
'Automated Expansion of Privacy Data Taxonomy for Compliant Data Breach Notification,Automated Expansion of Privacy Data Taxonomy for Compliant Data Breach Notification,"Security and privacy, Computing methodologies","Human and societal aspects of security and privacy, Machine learning"
'Automated Mass Malware Factory The Convergence of Piggybacking and Adversarial Example in Android Malicious Software Generation,Automated Mass Malware Factory The Convergence of Piggybacking and Adversarial Example in Android Malicious Software Generation,"Security and privacy, Computing methodologies","Intrusion/anomaly detection and malware mitigation, Machine learning"
'Automated_Cookie_Notice_Analysis_and_Enforcement,Automated Cookie Notice Analysis and Enforcement,"Security and privacy, Information systems","Human and societal aspects of security and privacy, World Wide Web"
'Automated_Cross_Platform_Reverse_Engineering_of_CAN_Bus_Commands_From_Mobile_Apps,Automated Cross Platform Reverse Engineering of CAN Bus Commands From Mobile Apps,"Security and privacy, Computer systems organization","Software and application security, Embedded and cyber-physical systems"
'Automated_Detection_of_Automated_Traffic,Automated Detection of Automated Traffic,"Security and privacy, Computing methodologies","Intrusion/anomaly detection and malware mitigation, Machine learning"
'Automated_Generation_of_Event_Oriented_Exploits_in_Android_Hybrid_Apps,Automated Generation of Event Oriented Exploits in Android Hybrid Apps,"Security and privacy, Software and its engineering","Software and application security, Software organization and properties"
'Automated_Inference_on_Financial_Security_of_Ethereum_Smart_Contracts,Automated Inference on Financial Security of Ethereum Smart Contracts,"Security and privacy, Software and its engineering","Formal methods and theory of security, Software organization and properties"
'Automated_Large_Scale_Analysis_of_Cookie_Notice_Compliance,Automated Large Scale Analysis of Cookie Notice Compliance,"Security and privacy, Information systems","Human and societal aspects of security and privacy, World Wide Web"
'Automated_Side_Channel_Analysis_of_Media_Software_with_Manifold_Learning,Automated Side Channel Analysis of Media Software with Manifold Learning,Security and privacy,"Security in hardware, Software and application security"
'Automated_Synthesis_of_Semantic_Malware_Signatures_using_Maximum_Satisfiability,Automated Synthesis of Semantic Malware Signatures using Maximum Satisfiability,"Security and privacy, Theory of computation","Intrusion/anomaly detection and malware mitigation, Logic"
'Automated_Website_Fingerprinting_through_Deep_Learning,Automated Website Fingerprinting through Deep Learning,"Security and privacy, Computing methodologies","Network security, Machine learning"
'Automatic Inference of Search Patterns for Taint-Style Vulnerabilities.,Automatic Inference of Search Patterns for Taint Style Vulnerabilities.,"Security and privacy, Computing methodologies","Software and application security, Machine learning"
'Automatic Library Fuzzing through API Relation Evolvement,Automatic Library Fuzzing through API Relation Evolvement,"Security and privacy, Software and its engineering","Software and application security, Software creation and management"
'Automatic Uncovering of Hidden Behaviors From Input Validation in Mobile Apps.,Automatic Uncovering of Hidden Behaviors From Input Validation in Mobile Apps.,"Security and privacy, Software and its engineering","Software and application security, Software organization and properties"
'Automatically Detecting Bystanders in Photos to Reduce Privacy Risks.,Automatically Detecting Bystanders in Photos to Reduce Privacy Risks.,"Security and privacy, Computing methodologies","Human and societal aspects of security and privacy, Machine learning"
'Automatically_Evading_Classifiers_A_Case_Study_on_PDF_Malware_Classifiers,Automatically Evading Classifiers A Case Study on PDF Malware Classifiers,"Security and privacy, Computing methodologies","Intrusion/anomaly detection and malware mitigation, Machine learning"
'Automatic_Adversarial_Adaption_for_Stealthy_Poisoning_Attacks_in_Federated_Learning,Automatic Adversarial Adaption for Stealthy Poisoning Attacks in Federated Learning,"Security and privacy, Computing methodologies","Intrusion/anomaly detection and malware mitigation, Machine learning"
'Automatic_Extraction_of_Secrets_from_the_Transistor_Jungle_using_Laser_Assisted_Side_Channel_Attacks,Automatic Extraction of Secrets from the Transistor Jungle using Laser Assisted Side Channel Attacks,"Security and privacy, Computing methodologies","Security in hardware, Machine learning"
'Automatic_Forgery_of_Cryptographically_Consistent_Messages_to_Identify_Security_Vulnerabilities_in_Mobile_Services,Automatic Forgery of Cryptographically Consistent Messages to Identify Security Vulnerabilities in Mobile Services,"Security and privacy, Software and its engineering","Systems security, Software creation and management"
'Automatic_Policy_Synthesis_and_Enforcement_for_Protecting_Untrusted_Deserialization,Automatic Policy Synthesis and Enforcement for Protecting Untrusted Deserialization,"Security and privacy, Software and its engineering","Software and application security, Software organization and properties"
'Automating_Cookie_Consent_and_GDPR_Violation_Detection,Automating Cookie Consent and GDPR Violation Detection,"Security and privacy, Computing methodologies","Human and societal aspects of security and privacy, Machine learning"
'Automating_Patching_of_Vulnerable_Open_Source_Software_Versions_in_Application_Binaries,Automating Patching of Vulnerable Open Source Software Versions in Application Binaries,Security and privacy,"Software and application security, Systems security"
'AUTOREB_ Automatically Understanding the Review-to-Behavior Fidelity in Android Applications.,AUTOREB Automatically Understanding the Review to Behavior Fidelity in Android Applications.,"Security and privacy, Computing methodologies","Systems security, Artificial intelligence"
'AVA_Inconspicuous_Attribute_Variation-based_Adversarial_Attack_bypassing_DeepFake_Detection,AVA Inconspicuous Attribute Variation based Adversarial Attack bypassing DeepFake Detection,"Security and privacy, Computing methodologies","Intrusion/anomaly detection and malware mitigation, Machine learning"
'Awakening_the_Webs_Sleeper_Agents_Misusing_Service_Workers_for_Privacy_Leakage,Awakening the Webs Sleeper Agents Misusing Service Workers for Privacy Leakage,"Security and privacy, Information systems","Software and application security, World Wide Web"
'A_Big_Step_Forward_A_User-Centric_Examination_of_iOS_App_Privacy_Report_and_Enhancements,A Big Step Forward A User Centric Examination of iOS App Privacy Report and Enhancements,"Security and privacy, Human-centered computing","Human and societal aspects of security and privacy, Human computer interaction (HCI)"
'A_Binary_level_Thread_Sanitizer_or_Why_Sanitizing_on_the_Binary_Level_is_Hard,A Binary level Thread Sanitizer or Why Sanitizing on the Binary Level is Hard,"Security and privacy, Software and its engineering","Software and application security, Software creation and management"
'A_Broad_View_of_the_Ecosystem_of_Socially_Engineered_Exploit_Documents,A Broad View of the Ecosystem of Socially Engineered Exploit Documents,Security and privacy,"Intrusion/anomaly detection and malware mitigation, Human and societal aspects of security and privacy"
'A_Bugs_Life_Analyzing_the_Lifecycle_and_Mitigation_Process_of_Content_Security_Policy_Bugs,A Bugs Life Analyzing the Lifecycle and Mitigation Process of Content Security Policy Bugs,"Security and privacy, Information systems","Software and application security, World Wide Web"
'A_Comprehensive_Measurement_Study_of_Domain_Generating_Malware,A Comprehensive Measurement Study of Domain Generating Malware,"Security and privacy, General and reference","Intrusion/anomaly detection and malware mitigation, Cross-computing tools and techniques"
'A_Comprehensive_Quality_Evaluation_of_Security_and_Privacy_Advice_on_the_Web,A Comprehensive Quality Evaluation of Security and Privacy Advice on the Web,"Security and privacy, Information systems","Human and societal aspects of security and privacy, World Wide Web"
'A_Data_free_Backdoor_Injection_Approach_in_Neural_Networks,A Data free Backdoor Injection Approach in Neural Networks,"Security and privacy, Computing methodologies","Intrusion/anomaly detection and malware mitigation, Machine learning"
'A_Decade_of_Privacy_Relevant_Android_App_Reviews_Large_Scale_Trends,A Decade of Privacy Relevant Android App Reviews Large Scale Trends,"Security and privacy, Computing methodologies","Human and societal aspects of security and privacy, Machine learning"
'A_Duty_to_Forget_a_Right_to_be_Assured_Exposing_Vulnerabilities_in_Machine_Unlearning_Services,A Duty to Forget a Right to be Assured Exposing Vulnerabilities in Machine Unlearning Services,"Security and privacy, Computing methodologies","Systems security, Machine learning"
'A_First_Look_at_Zoombombing,A First Look at Zoombombing,Security and privacy,"Security services, Human and societal aspects of security and privacy"
'A_First_Physical_World_Trajectory_Prediction_Attack_via_LiDAR_induced_Deceptions_in_Autonomous_Driving,A First Physical World Trajectory Prediction Attack via LiDAR induced Deceptions in Autonomous Driving,"Security and privacy, Computing methodologies","Security in hardware, Artificial intelligence"
'A_Flushing_Attack_on_the_DNS_Cache,A Flushing Attack on the DNS Cache,"Security and privacy, Networks","Network security, Network protocols"
'A_Formal_Analysis_of_the_FIDO_UAF_Protocol,A Formal Analysis of the FIDO UAF Protocol,"Security and privacy, Software and its engineering","Formal methods and theory of security, Software organization and properties"
'A_Highly_Accurate_Query_Recovery_Attack_against_Searchable_Encryption_using_Non_Indexed_Documents,A Highly Accurate Query Recovery Attack against Searchable Encryption using Non Indexed Documents,"Security and privacy, Information systems","Database and storage security, Information retrieval"
'A_Hybrid_Alias_Analysis_and_Its_Application_to_Global_Variable_Protection_in_the_Linux_Kernel,A Hybrid Alias Analysis and Its Application to Global Variable Protection in the Linux Kernel,"Security and privacy, Software and its engineering","Systems security, Software organization and properties"
'A_Large_scale_Analysis_of_Content_Modification_by_Open_HTTP_Proxies,A Large scale Analysis of Content Modification by Open HTTP Proxies,"Security and privacy, Networks","Network security, Network components"
'A_Large_scale_Analysis_of_the_Mnemonic_Password_Advice,A Large scale Analysis of the Mnemonic Password Advice,"Security and privacy, Human-centered computing","Security services, Human computer interaction (HCI)"
'A_Large_scale_and_Longitudinal_Measurement_Study_of_DKIM_Deployment,A Large scale and Longitudinal Measurement Study of DKIM Deployment,"Security and privacy, Information systems","Security services, World Wide Web"
'A_Large_Scale_Interview_Study_on_Information_Security_in_and_Attacks_against_Small_and_Medium_sized_Enterprises,A Large Scale Interview Study on Information Security in and Attacks against Small and Medium sized Enterprises,"Security and privacy, Applied computing","Human and societal aspects of security and privacy, Law, social and behavioral sciences"
'A_Large_scale_Investigation_into_Geodifferences_in_Mobile_Apps,A Large scale Investigation into Geodifferences in Mobile Apps,"Security and privacy, Human-centered computing","Human and societal aspects of security and privacy, Ubiquitous and mobile computing"
'A_Large_Scale_Measurement_of_Website_Login_Policies,A Large Scale Measurement of Website Login Policies,"Security and privacy, Information systems","Security services, World Wide Web"
'A_Large_Scale_Study_of_the_Ethereum_Arbitrage_Ecosystem,A Large Scale Study of the Ethereum Arbitrage Ecosystem,"Security and privacy, General and reference","Systems security, Cross-computing tools and techniques"
'A_Large_Scale_Study_of_User_Behavior_Expectations_and_Engagement_with_Android_Permissions,A Large Scale Study of User Behavior Expectations and Engagement with Android Permissions,"Security and privacy, Human-centered computing","Human and societal aspects of security and privacy, Human computer interaction (HCI)"
'A_Large_scale_Temporal_Measurement_of_Android_Malicious_Apps_Persistence_Migration_and_Lessons_Learned,A Large scale Temporal Measurement of Android Malicious Apps Persistence Migration and Lessons Learned,"Security and privacy, Human-centered computing","Intrusion/anomaly detection and malware mitigation, Ubiquitous and mobile computing"
'A_Lightweight_IoT_Cryptojacking_Detection_Mechanism_in_Heterogeneous_Smart_Home_Networks,A Lightweight IoT Cryptojacking Detection Mechanism in Heterogeneous Smart Home Networks,"Security and privacy, Networks","Intrusion/anomaly detection and malware mitigation, Network types"
'A_Linear_Reconstruction_Approach_for_Attribute_Inference_Attacks_against_Synthetic_Data,A Linear Reconstruction Approach for Attribute Inference Attacks against Synthetic Data,"Security and privacy, Computing methodologies","Database and storage security, Machine learning"
'A_Longitudinal_and_Comprehensive_Study_of_the_DANE_Ecosystem_in_Email,A Longitudinal and Comprehensive Study of the DANE Ecosystem in Email,"Security and privacy, Information systems","Network security, World Wide Web"
'A_Longitudinal_End_to_End_View_of_the_DNSSEC_Ecosystem,A Longitudinal End to End View of the DNSSEC Ecosystem,"Security and privacy, Networks","Network security, Network performance evaluation"
'A_Mixed_Methods_Study_on_User_Experiences_and_Challenges_of_Recovery_Codes_for_an_End_to_End_Encrypted_Service,A Mixed Methods Study on User Experiences and Challenges of Recovery Codes for an End to End Encrypted Service,"Security and privacy, Human-centered computing","Human and societal aspects of security and privacy, Human computer interaction (HCI)"
'A_NEW_HOPE_Contextual_Privacy_Policies_for_Mobile_Applications_and_An_Approach_Toward_Automated_Generation,A NEW HOPE Contextual Privacy Policies for Mobile Applications and An Approach Toward Automated Generation,"Security and privacy, Computing methodologies","Human and societal aspects of security and privacy, Machine learning"
'A_Peek_into_the_Metaverse_Detecting_3D_Model_Clones_in_Mobile_Games,A Peek into the Metaverse Detecting 3D Model Clones in Mobile Games,"Security and privacy, Computing methodologies","Intrusion/anomaly detection and malware mitigation, Computer graphics"
'A_Plot_is_Worth_a_Thousand_Words_Model_Information_Stealing_Attacks_via_Scientific_Plots,A Plot is Worth a Thousand Words Model Information Stealing Attacks via Scientific Plots,"Security and privacy, Computing methodologies","Security services, Machine learning"
'A_Practical_Approach_for_Taking_Down_Avalanche_Botnets_Under_Real_World_Constraints,A Practical Approach for Taking Down Avalanche Botnets Under Real World Constraints,"Security and privacy, Computing methodologies","Intrusion/anomaly detection and malware mitigation, Machine learning"
'A_Privacy_Analysis_of_Cross_device_Tracking,A Privacy Analysis of Cross device Tracking,"Security and privacy, Computing methodologies","Human and societal aspects of security and privacy, Machine learning"
'A_Representative_Study_on_Human_Detection_of_Artificially_Generated_Media_Across_Countries,A Representative Study on Human Detection of Artificially Generated Media Across Countries,"Security and privacy, Human-centered computing","Human and societal aspects of security and privacy, Human computer interaction (HCI)"
'A_Research_Framework_and_Initial_Study_of_Browser_Security_for_the_Visually_Impaired,A Research Framework and Initial Study of Browser Security for the Visually Impaired,"Security and privacy, Human-centered computing","Systems security, Accessibility"
'A_Robust_Counting_Sketch_for_Data_Plane_Intrusion_Detection,A Robust Counting Sketch for Data Plane Intrusion Detection,"Security and privacy, Theory of computation","Intrusion/anomaly detection and malware mitigation, Design and analysis of algorithms"
'A_Security_Analysis_of_Honeywords,A Security Analysis of Honeywords,Security and privacy,"Security services, Intrusion/anomaly detection and malware mitigation"
'A_Simple_Generic_Attack_on_Text_Captchas,A Simple Generic Attack on Text Captchas,"Security and privacy, Computing methodologies","Security services, Artificial intelligence"
'A_Stealthy_Location_Identification_Attack_Exploiting_Carrier_Aggregation_in_Cellular_Networks,A Stealthy Location Identification Attack Exploiting Carrier Aggregation in Cellular Networks,"Security and privacy, Networks","Network security, Network types"
'A_Study_of_Multi_Factor_and_Risk_Based_Authentication_Availability,A Study of Multi Factor and Risk Based Authentication Availability,Security and privacy,"Security services, Human and societal aspects of security and privacy"
'A_Study_of_the_Feasibility_of_Co_located_App_Attacks_against_BLE_and_a_Large_Scale_Analysis_of_the_Current_Application_Layer_Security_Landscape,A Study of the Feasibility of Co located App Attacks against BLE and a Large Scale Analysis of the Current Application Layer Security Landscape,Security and privacy,"Software and application security, Network security"
'A_Systematic_Framework_to_Generate_Invariants_for_Anomaly_Detection_in_Industrial_Control_Systems,A Systematic Framework to Generate Invariants for Anomaly Detection in Industrial Control Systems,"Security and privacy, Computing methodologies","Intrusion/anomaly detection and malware mitigation, Machine learning"
'A_Systematic_Study_of_the_Consistency_of_Two_Factor_Authentication_User_Journeys_on_Top_Ranked_Websites,A Systematic Study of the Consistency of Two Factor Authentication User Journeys on Top Ranked Websites,"Security and privacy, Human-centered computing","Security services, Human computer interaction (HCI)"
'A_Tale_of_Two_Headers_A_Formal_Analysis_of_Inconsistent_Click_Jacking_Protection_on_the_Web,A Tale of Two Headers A Formal Analysis of Inconsistent Click Jacking Protection on the Web,"Security and privacy, Information systems","Software and application security, World Wide Web"
'A_Taxonomy_of_C_Decompiler_Fidelity_Issues,A Taxonomy of C Decompiler Fidelity Issues,"Security and privacy, Software and its engineering","Intrusion/anomaly detection and malware mitigation, Software notations and tools"
'A_Theory_to_Instruct_Differentially-Private_Learning_via_Clipping_Bias_Reduction,A Theory to Instruct Differentially Private Learning via Clipping Bias Reduction,"Security and privacy, Computing methodologies","Security services, Machine learning"
'A_Two_Decade_Retrospective_Analysis_of_a_Universitys_Vulnerability_to_Attacks_Exploiting_Reused_Passwords,A Two Decade Retrospective Analysis of a Universitys Vulnerability to Attacks Exploiting Reused Passwords,Security and privacy,"Security services, Human and societal aspects of security and privacy"
'A_Verified_Confidential_Computing_as_a_Service_Framework_for_Privacy_Preservation,A Verified Confidential Computing as a Service Framework for Privacy Preservation,"Security and privacy, Software and its engineering","Formal methods and theory of security, Software organization and properties"
'A_Wolf_in_Sheeps_Clothing_Practical_Black_box_Adversarial_Attacks_for_Evading_Learning_based_Windows_Malware_Detection_in_the_Wild,A Wolf in Sheeps Clothing Practical Black box Adversarial Attacks for Evading Learning based Windows Malware Detection in the Wild,"Security and privacy, Computing methodologies","Intrusion/anomaly detection and malware mitigation, Machine learning"
'Back to the Drawing Board Revisiting the Design of Optimal Location Privacy-preserving Mechanisms.,Back to the Drawing Board Revisiting the Design of Optimal Location Privacy preserving Mechanisms.,"Security and privacy, Information systems","Security services, Information systems applications"
'BackdoorIndicator_Leveraging_OOD_Data_for_Proactive_Backdoor_Detection_in_Federated_Learning,BackdoorIndicator Leveraging OOD Data for Proactive Backdoor Detection in Federated Learning,"Security and privacy, Computing methodologies","Intrusion/anomaly detection and malware mitigation, Machine learning"
'Backdoor_Attacks_Against_Dataset_Distillation,Backdoor Attacks Against Dataset Distillation,"Security and privacy, Computing methodologies","Intrusion/anomaly detection and malware mitigation, Machine learning"
'Backporting_Security_Patches_of_Web_Applications_A_Prototype_Design_and_Implementation_on_Injection_Vulnerability_Patches,Backporting Security Patches of Web Applications A Prototype Design and Implementation on Injection Vulnerability Patches,"Security and privacy, Software and its engineering","Software and application security, Software creation and management"
'Back_Propagating_System_Dependency_Impact_for_Attack_Investigation,Back Propagating System Dependency Impact for Attack Investigation,"Security and privacy, Computing methodologies","Intrusion/anomaly detection and malware mitigation, Machine learning"
'Back_to_School_On_the_InSecurity_of_Academic_VPNs,Back to School On the InSecurity of Academic VPNs,Security and privacy,"Network security, Software and application security"
'Back_to_the_Drawing_Board_A_Critical_Evaluation_of_Poisoning_Attacks_on_Production_Federated_Learning,Back to the Drawing Board A Critical Evaluation of Poisoning Attacks on Production Federated Learning,"Security and privacy, Computing methodologies","Systems security, Machine learning"
'BadEncoder_Backdoor_Attacks_to_Pre-trained_Encoders_in_Self-Supervised_Learning,BadEncoder Backdoor Attacks to Pre trained Encoders in Self Supervised Learning,"Security and privacy, Computing methodologies","Software and application security, Machine learning"
'Bad_Characters_Imperceptible_NLP_Attacks,Bad Characters Imperceptible NLP Attacks,"Security and privacy, Computing methodologies","Software and application security, Machine learning"
'BAIT_Large_Language_Model_Backdoor_Scanning_by_Inverting_Attack_Target,BAIT Large Language Model Backdoor Scanning by Inverting Attack Target,"Security and privacy, Computing methodologies","Intrusion/anomaly detection and malware mitigation, Machine learning"
'Balancing Privacy and Data Utilization A Comparative Vignette Study on User Acceptance of Data Trustees in Germany and the US,Balancing Privacy and Data Utilization A Comparative Vignette Study on User Acceptance of Data Trustees in Germany and the US,"Security and privacy, Human-centered computing","Human and societal aspects of security and privacy, Human computer interaction (HCI)"
'Balancing_Image_Privacy_and_Usability_with_Thumbnail_Preserving_Encryption,Balancing Image Privacy and Usability with Thumbnail Preserving Encryption,"Security and privacy, Human-centered computing","Cryptography, Human computer interaction (HCI)"
'Bamboozling_Certificate_Authorities_with_BGP,Bamboozling Certificate Authorities with BGP,"Security and privacy, Networks","Network security, Network protocols"
'BARBIE Robust Backdoor Detection Based on Latent Separability,BARBIE Robust Backdoor Detection Based on Latent Separability,"Security and privacy, Computing methodologies","Intrusion/anomaly detection and malware mitigation, Machine learning"
'BarraCUDA Edge GPUs do Leak DNN Weights,BarraCUDA Edge GPUs do Leak DNN Weights,"Security and privacy, Computing methodologies","Security in hardware, Machine learning"
'BARS_Local_Robustness_Certification_for_Deep_Learning_based_Traffic_Analysis_Systems,BARS Local Robustness Certification for Deep Learning based Traffic Analysis Systems,"Security and privacy, Computing methodologies","Intrusion/anomaly detection and malware mitigation, Machine learning"
'BASECOMP_A_Comparative_Analysis_for_Integrity_Protection_in_Cellular_Baseband_Software,BASECOMP A Comparative Analysis for Integrity Protection in Cellular Baseband Software,Security and privacy,"Network security, Software and application security"
'BaseMirror Automatic Reverse Engineering of Baseband Commands from Android's Radio Interface Layer,BaseMirror Automatic Reverse Engineering of Baseband Commands from Android's Radio Interface Layer,Security and privacy,Network security
'BaseSpec_Comparative_Analysis_of_Baseband_Software_and_Cellular_Specifications_for_L3_Protocols,BaseSpec Comparative Analysis of Baseband Software and Cellular Specifications for L3 Protocols,"Security and privacy, Networks","Network security, Network protocols"
'BayBFed_Bayesian_Backdoor_Defense_for_Federated_Learning,BayBFed Bayesian Backdoor Defense for Federated Learning,"Security and privacy, Computing methodologies","Intrusion/anomaly detection and malware mitigation, Machine learning"
'BDoS_ Blockchain Denial-of-Service.,BDoS Blockchain Denial of Service.,"Security and privacy, Applied computing","Systems security, Electronic commerce"
'Be Careful of What You Embed Demystifying OLE Vulnerabilities,Be Careful of What You Embed Demystifying OLE Vulnerabilities,"Security and privacy, Software and its engineering","Software and application security, Software organization and properties"
'BEAGLE_Forensics_of_Deep_Learning_Backdoor_Attack_for_Better_Defense,BEAGLE Forensics of Deep Learning Backdoor Attack for Better Defense,"Security and privacy, Computing methodologies","Intrusion/anomaly detection and malware mitigation, Machine learning"
'Beauty and the Beast Diverting Modern Web Browsers to Build Unique Browser Fingerprints.,Beauty and the Beast Diverting Modern Web Browsers to Build Unique Browser Fingerprints.,"Security and privacy, Information systems","Human and societal aspects of security and privacy, World Wide Web"
'Beauty_and_the_Burst_Remote_Identification_of_Encrypted_Video_Streams,Beauty and the Burst Remote Identification of Encrypted Video Streams,"Security and privacy, Computing methodologies","Network security, Machine learning"
'Behind the Scenes of RPKI,Behind the Scenes of RPKI,Security and privacy,Network security
'Behind_the_Tube_Exploitative_Monetization_of_Content_on_YouTube,Behind the Tube Exploitative Monetization of Content on YouTube,"Security and privacy, Information systems","Human and societal aspects of security and privacy, World Wide Web"
'Being_Transparent_is_Merely_the_Beginning_Enforcing_Purpose_Limitation_with_Polynomial_Approximation,Being Transparent is Merely the Beginning Enforcing Purpose Limitation with Polynomial Approximation,Security and privacy,"Database and storage security, Cryptography"
'Belt_and_suspenders_or_just_red_tape_Investigating_Early_Artifacts_and_User_Perceptions_of_IoT_App_Security_Certification,Belt and suspenders or just red tape Investigating Early Artifacts and User Perceptions of IoT App Security Certification,Security and privacy,"Software and application security, Human and societal aspects of security and privacy"
'Benchmarking_Attacks_on_Learning_with_Errors,Benchmarking Attacks on Learning with Errors,"Security and privacy, Theory of computation","Cryptography, Computational complexity and cryptography"
'Bernoulli_Honeywords,Bernoulli Honeywords,"Security and privacy, Mathematics of computing","Security services, Probability and statistics"
'Better_managed_than_memorized_Studying_the_Impact_of_Managers_on_Password_Strength_and_Reuse,Better managed than memorized Studying the Impact of Managers on Password Strength and Reuse,"Security and privacy, Human-centered computing","Security services, Human computer interaction (HCI)"
'Beyond Classification Inferring Function Names in Stripped Binaries via Domain Adapted LLMs,Beyond Classification Inferring Function Names in Stripped Binaries via Domain Adapted LLMs,"Security and privacy, Computing methodologies","Intrusion/anomaly detection and malware mitigation, Machine learning"
'Beyond Statistical Estimation Differentially Private Individual Computation via Shuffling,Beyond Statistical Estimation Differentially Private Individual Computation via Shuffling,"Security and privacy, Theory of computation","Security services, Design and analysis of algorithms"
'Beyond_Phish_Toward_Detecting_Fraudulent_e-Commerce_Websites_at_Scale,Beyond Phish Toward Detecting Fraudulent e Commerce Websites at Scale,"Security and privacy, Computing methodologies","Intrusion/anomaly detection and malware mitigation, Machine learning"
'Beyond_The_Gates_An_Empirical_Analysis_of_HTTP_Managed_Password_Stealers_and_Operators,Beyond The Gates An Empirical Analysis of HTTP Managed Password Stealers and Operators,"Security and privacy, Information systems","Intrusion/anomaly detection and malware mitigation, World Wide Web"
'Beyond_the_Surface_Uncovering_the_Unprotected_Components_of_Android_Against_Overlay_Attack,Beyond the Surface Uncovering the Unprotected Components of Android Against Overlay Attack,"Security and privacy, Software and its engineering","Systems security, Software organization and properties"
'Beyond_Typosquatting_An_In_depth_Look_at_Package_Confusion,Beyond Typosquatting An In depth Look at Package Confusion,"Security and privacy, Software and its engineering","Software and application security, Software creation and management"
'BGP_iSec_Improved_Security_of_Internet_Routing_Against_Post_ROV_Attacks,BGP iSec Improved Security of Internet Routing Against Post ROV Attacks,"Security and privacy, Networks","Network security, Network protocols"
'Binary_Search_in_Secure_Computation,Binary Search in Secure Computation,"Security and privacy, Theory of computation","Security services, Design and analysis of algorithms"
'BinEnhance An Enhancement Framework Based on External Environment Semantics for Binary Code Search,BinEnhance An Enhancement Framework Based on External Environment Semantics for Binary Code Search,"Security and privacy, Computing methodologies","Software and application security, Machine learning"
'BinSim_Trace_based_Semantic_Binary_Diffing_via_System_Call_Sliced_Segment_Equivalence_Checking,BinSim Trace based Semantic Binary Diffing via System Call Sliced Segment Equivalence Checking,"Security and privacy, Software and its engineering","Intrusion/anomaly detection and malware mitigation, Software organization and properties"
'Biosignal_Authentication_Considered_Harmful_Today,Biosignal Authentication Considered Harmful Today,"Security and privacy, Computing methodologies","Security services, Artificial intelligence"
'Birds_of_a_Feather_Flock_Together_How_Set_Bias_Helps_to_Deanonymize_You_via_Revealed_Intersection_Sizes,Birds of a Feather Flock Together How Set Bias Helps to Deanonymize You via Revealed Intersection Sizes,"Security and privacy, Theory of computation","Security services, Design and analysis of algorithms"
'Birthday_Name_and_Bifacial_security_Understanding_Passwords_of_Chinese_Web_Users,Birthday Name and Bifacial security Understanding Passwords of Chinese Web Users,"Security and privacy, Human-centered computing","Security services, Human computer interaction (HCI)"
'Bitcontracts_Supporting_Smart_Contracts_in_Legacy_Blockchains,Bitcontracts Supporting Smart Contracts in Legacy Blockchains,"Security and privacy, Computer systems organization","Systems security, Dependable and fault-tolerant systems and networks"
'BitShield Defending Against Bit-Flip Attacks on DNN Executables,BitShield Defending Against Bit Flip Attacks on DNN Executables,Security and privacy,"Security in hardware, Software and application security"
'Black-box Membership Inference Attacks against Fine-tuned Diffusion Models,Black box Membership Inference Attacks against Fine tuned Diffusion Models,"Security and privacy, Computing methodologies","Security services, Machine learning"
'Blacklight_Scalable_Defense_for_Neural_Networks_against_Query_Based_Black_Box_Attacks,Blacklight Scalable Defense for Neural Networks against Query Based Black Box Attacks,"Security and privacy, Computing methodologies","Intrusion/anomaly detection and malware mitigation, Machine learning"
'Black_box_Adversarial_Example_Attack_towards_FCG_Based_Android_Malware_Detection_under_Incomplete_Feature_Information,Black box Adversarial Example Attack towards FCG Based Android Malware Detection under Incomplete Feature Information,"Security and privacy, Computing methodologies","Intrusion/anomaly detection and malware mitigation, Machine learning"
'BLAG_Improving_the_Accuracy_of_Blacklists,BLAG Improving the Accuracy of Blacklists,"Security and privacy, Computing methodologies","Intrusion/anomaly detection and malware mitigation, Machine learning"
'BLAZE_Blazing_Fast_Privacy_Preserving_Machine_Learning,BLAZE Blazing Fast Privacy Preserving Machine Learning,"Security and privacy, Computing methodologies","Security services, Machine learning"
'Bleem_Packet_Sequence_Oriented_Fuzzing_for_Protocol_Implementations,Bleem Packet Sequence Oriented Fuzzing for Protocol Implementations,"Security and privacy, Networks","Software and application security, Network protocols"
'BLENDER_Enabling_Local_Search_with_a_Hybrid_Differential_Privacy_Model,BLENDER Enabling Local Search with a Hybrid Differential Privacy Model,"Security and privacy, Information systems","Security services, Information retrieval"
'BLens Contrastive Captioning of Binary Functions using Ensemble Embedding,BLens Contrastive Captioning of Binary Functions using Ensemble Embedding,"Security and privacy, Computing methodologies","Software and application security, Machine learning"
'Blind Certificate Authorities.,Blind Certificate Authorities.,Security and privacy,"Security services, Cryptography"
'Blind_Backdoors_in_Deep_Learning_Models,Blind Backdoors in Deep Learning Models,"Security and privacy, Computing methodologies","Intrusion/anomaly detection and malware mitigation, Machine learning"
'BlockSci_Design_and_applications_of_a_blockchain_analysis_platform,BlockSci Design and applications of a blockchain analysis platform,"Security and privacy, Information systems","Human and societal aspects of security and privacy, Data management systems"
'BlockScope_Detecting_and_Investigating_Propagated_Vulnerabilities_in_Forked_Blockchain_Projects,BlockScope Detecting and Investigating Propagated Vulnerabilities in Forked Blockchain Projects,"Security and privacy, Software and its engineering","Software and application security, Software creation and management"
'Bloom_Cookies_Web_Search_Personalization_without_User_Tracking,Bloom Cookies Web Search Personalization without User Tracking,"Security and privacy, Information systems","Security services, Information retrieval"
'Blue_Is_the_New_Black_Market_Privacy_Leaks_and_Re-Victimization_from_Police-Auctioned_Cellphones,Blue Is the New Black Market Privacy Leaks and Re Victimization from Police Auctioned Cellphones,"Security and privacy, Social and professional topics","Human and societal aspects of security and privacy, Computing / technology policy"
'BoKASAN_Binary_only_Kernel_Address_Sanitizer_for_Effective_Kernel_Fuzzing,BoKASAN Binary only Kernel Address Sanitizer for Effective Kernel Fuzzing,"Security and privacy, Software and its engineering","Systems security, Software creation and management"
'BootStomp_On_the_Security_of_Bootloaders_in_Mobile_Devices,BootStomp On the Security of Bootloaders in Mobile Devices,"Security and privacy, Computer systems organization","Systems security, Embedded and cyber-physical systems"
'Born_with_a_Silver_Spoon_On_the_InSecurity_of_Native_Granted_App_Privileges_in_Custom_Android_ROMs,Born with a Silver Spoon On the InSecurity of Native Granted App Privileges in Custom Android ROMs,"Security and privacy, Software and its engineering","Systems security, Software organization and properties"
'Bots can Snoop Uncovering and Mitigating Privacy Risks of Bots in Group Chats,Bots can Snoop Uncovering and Mitigating Privacy Risks of Bots in Group Chats,Security and privacy,"Security services, Cryptography"
'BotScreen_Trust_Everybody_but_Cut_the_Aimbots_Yourself,BotScreen Trust Everybody but Cut the Aimbots Yourself,"Security and privacy, Computing methodologies","Intrusion/anomaly detection and malware mitigation, Machine learning"
'Boxed_Out_Blocking_Cellular_Interconnect_Bypass_Fraud_at_the_Network_Edge,Boxed Out Blocking Cellular Interconnect Bypass Fraud at the Network Edge,"Security and privacy, Networks","Network security, Network components"
'Boxer_Preventing_fraud_by_scanning_credit_cards,Boxer Preventing fraud by scanning credit cards,"Security and privacy, Computing methodologies","Security services, Machine learning"
'Boxify_Full_fledged_App_Sandboxing_for_Stock_Android,Boxify Full fledged App Sandboxing for Stock Android,"Security and privacy, Software and its engineering","Systems security, Software organization and properties"
'BPSniff_Continuously_Surveilling_Private_Blood_Pressure_Information_in_the_Metaverse_via_Unrestricted_Inbuilt_Motion_Sensors,BPSniff Continuously Surveilling Private Blood Pressure Information in the Metaverse via Unrestricted Inbuilt Motion Sensors,"Security and privacy, Human-centered computing","Human and societal aspects of security and privacy, Ubiquitous and mobile computing"
'Breaking Web Applications Built On Top of Encrypted Data.,Breaking Web Applications Built On Top of Encrypted Data.,Security and privacy,"Database and storage security, Software and application security"
'Breaking_Bridgefy_again_Adopting_libsignal_is_not_enough,Breaking Bridgefy again Adopting libsignal is not enough,Security and privacy,"Cryptography, Software and application security"
'BreakSPF_How_Shared_Infrastructures_Magnify_SPF_Vulnerabilities_Across_the_Internet,BreakSPF How Shared Infrastructures Magnify SPF Vulnerabilities Across the Internet,"Security and privacy, Networks","Network security, Network protocols"
'Broken_Fingers_On_the_Usage_of_the_Fingerprint_API_in_Android,Broken Fingers On the Usage of the Fingerprint API in Android,"Security and privacy, Human-centered computing","Software and application security, Ubiquitous and mobile computing"
'Broken_Hearted_How_To_Attack_ECG_Biometrics,Broken Hearted How To Attack ECG Biometrics,"Security and privacy, Computing methodologies","Security services, Artificial intelligence"
'Browser_Permission_Mechanisms_Demystified,Browser Permission Mechanisms Demystified,"Security and privacy, Human-centered computing","Systems security, Human computer interaction (HCI)"
'Browsing Unicity On the Limits of Anonymizing Web Tracking Data.,Browsing Unicity On the Limits of Anonymizing Web Tracking Data.,"Security and privacy, Information systems","Database and storage security, World Wide Web"
'BScout_Direct_Whole_Patch_Presence_Test_for_Java_Executables,BScout Direct Whole Patch Presence Test for Java Executables,"Security and privacy, Software and its engineering","Software and application security, Software organization and properties"
'Bug_Fixes_Improvements_and_Privacy_Leaks_A_Longitudinal_Study_of_PII_Leaks_Across_Android_App_Versions,Bug Fixes Improvements and Privacy Leaks A Longitudinal Study of PII Leaks Across Android App Versions,"Security and privacy, Human-centered computing","Software and application security, Ubiquitous and mobile computing"
"'Build It, Break It, Fix It_ Contesting Secure Development.","Build It, Break It, Fix It Contesting Secure Development.","Security and privacy, Software and its engineering","Software and application security, Software creation and management"
'Building_an_Open_Robust_and_Stable_Voting_Based_Domain_Top_List,Building an Open Robust and Stable Voting Based Domain Top List,"Security and privacy, Information systems","Intrusion/anomaly detection and malware mitigation, World Wide Web"
'Building_Embedded_Systems_Like_Its_1996,Building Embedded Systems Like Its 1996,"Security and privacy, Computer systems organization","Security in hardware, Embedded and cyber-physical systems"
'BumbleBee Secure Two-party Inference Framework for Large Transformers,BumbleBee Secure Two party Inference Framework for Large Transformers,"Security and privacy, Computing methodologies","Cryptography, Machine learning"
'But_they_have_overlooked_a_few_things_in_Afghanistan_An_Analysis_of_the_Integration_of_Biometric_Voter_Verification_in_the_2019_Afghan_Presidential_Elections,But they have overlooked a few things in Afghanistan An Analysis of the Integration of Biometric Voter Verification in the 2019 Afghan Presidential Elections,"Security and privacy, Computing methodologies","Human and societal aspects of security and privacy, Artificial intelligence"
'C2C Fine-grained Configuration-driven System Call Filtering,C2C Fine grained Configuration driven System Call Filtering,Security and privacy,"Software and application security, Systems security"
'Cached_and_Confused_Web_Cache_Deception_in_the_Wild,Cached and Confused Web Cache Deception in the Wild,"Security and privacy, Information systems","Software and application security, World Wide Web"
'CacheQL_Quantifying_and_Localizing_Cache_Side_Channel_Vulnerabilities_in_Production_Software,CacheQL Quantifying and Localizing Cache Side Channel Vulnerabilities in Production Software,"Security and privacy, Software and its engineering","Security in hardware, Software creation and management"
'Cache_Telepathy_Leveraging_Shared_Resource_Attacks_to_Learn_DNN_Architectures,Cache Telepathy Leveraging Shared Resource Attacks to Learn DNN Architectures,"Security and privacy, Computing methodologies","Security in hardware, Machine learning"
'Cache_Trigger_Impersonate_Enabling_Context_Sensitive_Honeyclient_Analysis_On_the_Wire,Cache Trigger Impersonate Enabling Context Sensitive Honeyclient Analysis On the Wire,"Security and privacy, Networks","Intrusion/anomaly detection and malware mitigation, Network services"
'CADE_Detecting_and_Explaining_Concept_Drift_Samples_for_Security_Applications,CADE Detecting and Explaining Concept Drift Samples for Security Applications,"Security and privacy, Computing methodologies","Intrusion/anomaly detection and malware mitigation, Machine learning"
'CalcuLatency_Leveraging_Cross_Layer_Network_Latency_Measurements_to_Detect_Proxy_Enabled_Abuse,CalcuLatency Leveraging Cross Layer Network Latency Measurements to Detect Proxy Enabled Abuse,"Security and privacy, Networks","Intrusion/anomaly detection and malware mitigation, Network performance evaluation"
'Callee_Recovering_Call_Graphs_for_Binaries_with_Transfer_and_Contrastive_Learning,Callee Recovering Call Graphs for Binaries with Transfer and Contrastive Learning,"Security and privacy, Software and its engineering","Software and application security, Software organization and properties"
'CALM Consistent Adaptive Local Marginal for Marginal Release under Local Differential Privacy.,CALM Consistent Adaptive Local Marginal for Marginal Release under Local Differential Privacy.,"Security and privacy, Information systems","Security services, Data management systems"
'Calpric_Inclusive_and_Fine_grain_Labeling_of_Privacy_Policies_with_Crowdsourcing_and_Active_Learning,Calpric Inclusive and Fine grain Labeling of Privacy Policies with Crowdsourcing and Active Learning,"Security and privacy, Computing methodologies","Human and societal aspects of security and privacy, Machine learning"
'CAMP in the Odyssey Provably Robust Reinforcement Learning with Certified Radius Maximization,CAMP in the Odyssey Provably Robust Reinforcement Learning with Certified Radius Maximization,"Security and privacy, Computing methodologies","Formal methods and theory of security, Machine learning"
'CamPro_Camera_based_Anti_Facial_Recognition,CamPro Camera based Anti Facial Recognition,"Security and privacy, Computing methodologies","Security services, Artificial intelligence"
'CAMP_Compiler_and_Allocator_based_Heap_Memory_Protection,CAMP Compiler and Allocator based Heap Memory Protection,"Security and privacy, Software and its engineering","Software and application security, Software organization and properties"
'Can We Use Arbitrary Objects to Attack LiDAR Perception in Autonomous Driving,Can We Use Arbitrary Objects to Attack LiDAR Perception in Autonomous Driving,"Security and privacy, Computer systems organization","Software and application security, Embedded and cyber-physical systems"
'Can_a_Deep_Learning_Model_for_One_Architecture_Be_Used_for_Others_Retargeted_Architecture_Binary_Code_Analysis,Can a Deep Learning Model for One Architecture Be Used for Others Retargeted Architecture Binary Code Analysis,"Security and privacy, Computing methodologies","Intrusion/anomaly detection and malware mitigation, Machine learning"
'Can_I_Hear_Your_Face_Pervasive_Attack_on_Voice_Authentication_Systems_with_a_Single_Face_Image,Can I Hear Your Face Pervasive Attack on Voice Authentication Systems with a Single Face Image,"Security and privacy, Computing methodologies","Security services, Artificial intelligence"
'Can_I_Take_Your_Subdomain_Exploring_Same_Site_Attacks_in_the_Modern_Web,Can I Take Your Subdomain Exploring Same Site Attacks in the Modern Web,"Security and privacy, Information systems","Software and application security, World Wide Web"
'Can_one_hear_the_shape_of_a_neural_network_Snooping_the_GPU_via_Magnetic_Side_Channel,Can one hear the shape of a neural network Snooping the GPU via Magnetic Side Channel,"Security and privacy, Computing methodologies","Security in hardware, Machine learning"
'Can_Systems_Explain_Permissions_Better_Understanding_Users_Misperceptions_under_Smartphone_Runtime_Permission_Model,Can Systems Explain Permissions Better Understanding Users Misperceptions under Smartphone Runtime Permission Model,"Security and privacy, Human-centered computing","Human and societal aspects of security and privacy, Human computer interaction (HCI)"
'Can_Virtual_Reality_Protect_Users_from_Keystroke_Inference_Attacks,Can Virtual Reality Protect Users from Keystroke Inference Attacks,"Security and privacy, Human-centered computing","Human and societal aspects of security and privacy, Human computer interaction (HCI)"
'CAPatch_Physical_Adversarial_Patch_against_Image_Captioning_Systems,CAPatch Physical Adversarial Patch against Image Captioning Systems,"Security and privacy, Computing methodologies","Software and application security, Machine learning"
'Capture_Centralized_Library_Management_for_Heterogeneous_IoT_Devices,Capture Centralized Library Management for Heterogeneous IoT Devices,"Security and privacy, Computer systems organization","Systems security, Embedded and cyber-physical systems"
'Capturing Malware Propagations with Code Injections and Code-Reuse Attacks.,Capturing Malware Propagations with Code Injections and Code Reuse Attacks.,"Security and privacy, Software and its engineering","Intrusion/anomaly detection and malware mitigation, Software organization and properties"
'Cardpliance_PCI_DSS_Compliance_of_Android_Applications,Cardpliance PCI DSS Compliance of Android Applications,"Security and privacy, Software and its engineering","Software and application security, Software notations and tools"
'CARDSHARK_Understanding_and_Stablizing_Linux_Kernel_Concurrency_Bugs_Against_the_Odds,CARDSHARK Understanding and Stablizing Linux Kernel Concurrency Bugs Against the Odds,"Security and privacy, Software and its engineering","Systems security, Software organization and properties"
'Careful About What App Promotion Ads Recommend Detecting and Explaining Malware Promotion via App Promotion Graph,Careful About What App Promotion Ads Recommend Detecting and Explaining Malware Promotion via App Promotion Graph,"Security and privacy, Computing methodologies","Intrusion/anomaly detection and malware mitigation, Machine learning"
'Careless Retention and Management Understanding and Detecting Data Retention Denial-of-Service Vulnerabilities in Java Web Containers,Careless Retention and Management Understanding and Detecting Data Retention Denial of Service Vulnerabilities in Java Web Containers,"Security and privacy, Software and its engineering","Software and application security, Software organization and properties"
'Carnus_Exploring_the_Privacy_Threats_of_Browser_Extension_Fingerprinting,Carnus Exploring the Privacy Threats of Browser Extension Fingerprinting,Security and privacy,"Systems security, Human and societal aspects of security and privacy"
'CarpetFuzz_Automatic_Program_Option_Constraint_Extraction_from_Documentation_for_Fuzzing,CarpetFuzz Automatic Program Option Constraint Extraction from Documentation for Fuzzing,"Security and privacy, Computing methodologies","Systems security, Artificial intelligence"
'Cart-ology Intercepting Targeted Advertising via Ad Network Identity Entanglement,Cart ology Intercepting Targeted Advertising via Ad Network Identity Entanglement,Security and privacy,Software and application security
'Cascading Spy Sheets Exploiting the Complexity of Modern CSS for Email and Browser Fingerprinting,Cascading Spy Sheets Exploiting the Complexity of Modern CSS for Email and Browser Fingerprinting,"Security and privacy, Information systems","Systems security, World Wide Web"
'CASPR Context-Aware Security Policy Recommendation,CASPR Context Aware Security Policy Recommendation,"Security and privacy, Computing methodologies","Security services, Machine learning"
'Catch-22 Uncovering Compromised Hosts using SSH Public Keys,Catch 22 Uncovering Compromised Hosts using SSH Public Keys,"Security and privacy, Networks","Intrusion/anomaly detection and malware mitigation, Network protocols"
'Catching Transparent Phish Analyzing and Detecting MITM Phishing Toolkits,Catching Transparent Phish Analyzing and Detecting MITM Phishing Toolkits,Social and professional topics,Computing / technology policy
'Catching_Phishers_By_Their_Bait_Investigating_the_Dutch_Phishing_Landscape_through_Phishing_Kit_Detection,Catching Phishers By Their Bait Investigating the Dutch Phishing Landscape through Phishing Kit Detection,"Security and privacy, Information systems","Intrusion/anomaly detection and malware mitigation, World Wide Web"
'Catching_Worms_Trojan_Horses_and_PUPs_Unsupervised_Detection_of_Silent_Delivery_Campaigns,Catching Worms Trojan Horses and PUPs Unsupervised Detection of Silent Delivery Campaigns,"Security and privacy, Computing methodologies","Intrusion/anomaly detection and malware mitigation, Machine learning"
'Catch_You_and_I_Can_Revealing_Source_Voiceprint_Against_Voice_Conversion,Catch You and I Can Revealing Source Voiceprint Against Voice Conversion,"Security and privacy, Computing methodologies","Security services, Artificial intelligence"
"'CCCP Closed Caption Crypto Phones to Resist MITM Attacks, Human Errors and Click-Through.","CCCP Closed Caption Crypto Phones to Resist MITM Attacks, Human Errors and Click Through.",Security and privacy,"Security services, Human and societal aspects of security and privacy"
'CCSP_Controlled_Relaxation_of_Content_Security_Policies_by_Runtime_Policy_Composition,CCSP Controlled Relaxation of Content Security Policies by Runtime Policy Composition,"Security and privacy, Information systems","Software and application security, World Wide Web"
'CDN_Judo_Breaking_the_CDN_DoS_Protection_with_Itself,CDN Judo Breaking the CDN DoS Protection with Itself,"Security and privacy, Networks","Network security, Network protocols"
'CellularLint_A_Systematic_Approach_to_Identify_Inconsistent_Behavior_in_Cellular_Network_Specifications,CellularLint A Systematic Approach to Identify Inconsistent Behavior in Cellular Network Specifications,"Security and privacy, Computing methodologies","Network security, Machine learning"
'CENSOR Defense Against Gradient Inversion via Orthogonal Subspace Bayesian Sampling,CENSOR Defense Against Gradient Inversion via Orthogonal Subspace Bayesian Sampling,"Security and privacy, Computing methodologies","Security services, Machine learning"
"'Censored Planet An Internet-wide, Longitudinal Censorship Observatory.","Censored Planet An Internet wide, Longitudinal Censorship Observatory.","General and reference, Social and professional topics","Cross-computing tools and techniques, Computing / technology policy"
'Cerberus Query-driven Scalable Vulnerability Detection in OAuth Service Provider Implementations,Cerberus Query driven Scalable Vulnerability Detection in OAuth Service Provider Implementations,"Security and privacy, Theory of computation","Software and application security, Formal languages and automata theory"
'Cerebro_A_Platform_for_Multi_Party_Cryptographic_Collaborative_Learning,Cerebro A Platform for Multi Party Cryptographic Collaborative Learning,"Security and privacy, Computing methodologies","Cryptography, Machine learning"
'Certificate Transparency in the Wild Exploring the Reliability of Monitors.,Certificate Transparency in the Wild Exploring the Reliability of Monitors.,Security and privacy,"Security services, Network security"
'Certificate_Transparency_Revisited_The_Public_Inspections_on_Third_party_Monitors,Certificate Transparency Revisited The Public Inspections on Third party Monitors,"Security and privacy, Software and its engineering","Security services, Software organization and properties"
'Certified Malware_ Measuring Breaches of Trust in the Windows Code-Signing PKI.,Certified Malware Measuring Breaches of Trust in the Windows Code Signing PKI.,Security and privacy,Systems security
'Certified PUP_ Abuse in Authenticode Code Signing.,Certified PUP Abuse in Authenticode Code Signing.,Security and privacy,"Intrusion/anomaly detection and malware mitigation, Security services"
'Certified Robustness to Adversarial Examples with Differential Privacy.,Certified Robustness to Adversarial Examples with Differential Privacy.,"Security and privacy, Computing methodologies","Formal methods and theory of security, Machine learning"
'Certified_Side_Channels,Certified Side Channels,"Security and privacy, Software and its engineering","Security in hardware, Software organization and properties"
'CertPHash Towards Certified Perceptual Hashing via Robust Training,CertPHash Towards Certified Perceptual Hashing via Robust Training,"Security and privacy, Computing methodologies","Formal methods and theory of security, Machine learning"
'ChainFuzz Exploiting Upstream Vulnerabilities in Open-Source Supply Chains,ChainFuzz Exploiting Upstream Vulnerabilities in Open Source Supply Chains,"Security and privacy, Software and its engineering","Software and application security, Software creation and management"
'ChainPatrol_Balancing_Attack_Detection_and_Classification_with_Performance_Overhead_for_Service_Function_Chains_Using_Virtual_Trailers,ChainPatrol Balancing Attack Detection and Classification with Performance Overhead for Service Function Chains Using Virtual Trailers,"Security and privacy, Networks","Intrusion/anomaly detection and malware mitigation, Network services"
'Chainsaw_ Chained Automated Workflow-based Exploit Generation.,Chainsaw Chained Automated Workflow based Exploit Generation.,"Security and privacy, Software and its engineering","Software and application security, Software organization and properties"
'Chaperone_Real_time_Locking_and_Loss_Prevention_for_Smartphones,Chaperone Real time Locking and Loss Prevention for Smartphones,"Security and privacy, Human-centered computing","Systems security, Ubiquitous and mobile computing"
'Characterizing and Detecting Propaganda-Spreading Accounts on Telegram,Characterizing and Detecting Propaganda Spreading Accounts on Telegram,"Security and privacy, Computing methodologies","Intrusion/anomaly detection and malware mitigation, Machine learning"
'Characterizing Pixel Tracking through the Lens of Disposable Email Services.,Characterizing Pixel Tracking through the Lens of Disposable Email Services.,"Security and privacy, Information systems","Human and societal aspects of security and privacy, World Wide Web"
'Characterizing the Impact of Audio Deepfakes in the Presence of Cochlear Implant,Characterizing the Impact of Audio Deepfakes in the Presence of Cochlear Implant,"Security and privacy, Computing methodologies","Intrusion/anomaly detection and malware mitigation, Machine learning"
'Characterizing the MrDeepFakes Sexual Deepfake Marketplace,Characterizing the MrDeepFakes Sexual Deepfake Marketplace,"Security and privacy, Computing methodologies","Human and societal aspects of security and privacy, Artificial intelligence"
'Characterizing_Robocalls_with_Multiple_Vantage_Points,Characterizing Robocalls with Multiple Vantage Points,"Security and privacy, Computing methodologies","Network security, Machine learning"
'Characterizing_the_Nature_and_Dynamics_of_Tor_Exit_Blocking,Characterizing the Nature and Dynamics of Tor Exit Blocking,"Security and privacy, Networks","Network security, Network performance evaluation"
'Characterizing_the_Security_of_Github_CI_Workflows,Characterizing the Security of Github CI Workflows,"Security and privacy, Software and its engineering","Systems security, Software creation and management"
'ChargePrint_A_Framework_for_Internet_Scale_Discovery_and_Security_Analysis_of_EV_Charging_Management_Systems,ChargePrint A Framework for Internet Scale Discovery and Security Analysis of EV Charging Management Systems,"Security and privacy, Networks","Software and application security, Network services"
'Charger_Surfing_Exploiting_a_Power_Line_Side_Channel_for_Smartphone_Information_Leakage,Charger Surfing Exploiting a Power Line Side Channel for Smartphone Information Leakage,"Security and privacy, Human-centered computing","Security in hardware, Ubiquitous and mobile computing"
'Charting the Attack Surface of Trigger-Action IoT Platforms.,Charting the Attack Surface of Trigger Action IoT Platforms.,Security and privacy,"Formal methods and theory of security, Systems security, Software and application security"
'Check It Again_ Detecting Lacking-Recheck Bugs in OS Kernels.,Check It Again Detecting Lacking Recheck Bugs in OS Kernels.,Security and privacy,Systems security
'CheckDP_ An Automated and Integrated Approach for Proving Differential Privacy or Finding Precise Counterexamples.,CheckDP An Automated and Integrated Approach for Proving Differential Privacy or Finding Precise Counterexamples.,"Security and privacy, Theory of computation","Formal methods and theory of security, Semantics and reasoning"
'Checking_More_and_Alerting_Less_Detecting_Privacy_Leakages_via_Enhanced_Data_flow_Analysis_and_Peer_Voting,Checking More and Alerting Less Detecting Privacy Leakages via Enhanced Data flow Analysis and Peer Voting,"Security and privacy, Software and its engineering","Software and application security, Software organization and properties"
'Checking_Passwords_on_Leaky_Computers_A_Side_Channel_Analysis_of_Chromes_Password_Leak_Detect_Protocol,Checking Passwords on Leaky Computers A Side Channel Analysis of Chromes Password Leak Detect Protocol,Security and privacy,"Security in hardware, Systems security"
'Cheetah_Lean_and_Fast_Secure_Two_Party_Deep_Neural_Network_Inference,Cheetah Lean and Fast Secure Two Party Deep Neural Network Inference,"Security and privacy, Computing methodologies","Cryptography, Machine learning"
'CHERI_A_Hybrid_Capability-System_Architecture_for_Scalable_Software_Compartmentalization,CHERI A Hybrid Capability System Architecture for Scalable Software Compartmentalization,"Security and privacy, Computer systems organization","Systems security, Architectures"
'Chimera Creating Digitally Signed Fake Photos by Fooling Image Recapture and Deepfake Detectors,Chimera Creating Digitally Signed Fake Photos by Fooling Image Recapture and Deepfake Detectors,"Security and privacy, Computing methodologies","Cryptography, Machine learning"
'Chimera_Fuzzing_P4_Network_Infrastructure_for_Multi-Plane_Bug_Detection_and_Vulnerability_Discovery,Chimera Fuzzing P4 Network Infrastructure for Multi Plane Bug Detection and Vulnerability Discovery,"Security and privacy, Networks","Systems security, Network protocols"
'CHKPLUG_Checking_GDPR_Compliance_of_WordPress_Plugins_via_Cross_language_Code_Property_Graph,CHKPLUG Checking GDPR Compliance of WordPress Plugins via Cross language Code Property Graph,"Security and privacy, Software and its engineering","Software and application security, Software organization and properties"
'Chosen_Instruction_Attack_Against_Commercial_Code_Virtualization_Obfuscators,Chosen Instruction Attack Against Commercial Code Virtualization Obfuscators,"Security and privacy, Software and its engineering","Software and application security, Software organization and properties"
'Chunk-Level Password Guessing Towards Modeling Refined Password Composition Representations.,Chunk Level Password Guessing Towards Modeling Refined Password Composition Representations.,Security and privacy,Security services
'CipherSteal_Stealing_Input_Data_from_TEE-Shielded_Neural_Networks_with_Ciphertext_Side_Channels,CipherSteal Stealing Input Data from TEE Shielded Neural Networks with Ciphertext Side Channels,"Security and privacy, Computing methodologies","Security in hardware, Machine learning"
'Circuit ORAM_ On Tightness of the Goldreich-Ostrovsky Lower Bound.,Circuit ORAM On Tightness of the Goldreich Ostrovsky Lower Bound.,"Security and privacy, Theory of computation","Cryptography, Computational complexity and cryptography"
'Circuit_Fingerprinting_Attacks_Passive_Deanonymization_of_Tor_Hidden_Services,Circuit Fingerprinting Attacks Passive Deanonymization of Tor Hidden Services,Security and privacy,"Security services, Network security"
'Civet_An_Efficient_Java_Partitioning_Framework_for_Hardware_Enclaves,Civet An Efficient Java Partitioning Framework for Hardware Enclaves,"Security and privacy, Software and its engineering","Systems security, Software organization and properties"
'CLAPS_ Client-Location-Aware Path Selection in Tor.,CLAPS Client Location Aware Path Selection in Tor.,"Security and privacy, Networks","Network security, Network performance evaluation"
'Cleaning_Up_the_Internet_of_Evil_Things_Real_World_Evidence_on_ISP_and_Consumer_Efforts_to_Remove_Mirai,Cleaning Up the Internet of Evil Things Real World Evidence on ISP and Consumer Efforts to Remove Mirai,"Security and privacy, Networks","Intrusion/anomaly detection and malware mitigation, Network performance evaluation"
'ClearStamp_A_Human_Visible_and_Robust_Model_Ownership_Proof_based_on_Transposed_Model_Training,ClearStamp A Human Visible and Robust Model Ownership Proof based on Transposed Model Training,"Security and privacy, Computing methodologies","Security services, Machine learning"
'CLIBE Detecting Dynamic Backdoors in Transformer-based NLP Models,CLIBE Detecting Dynamic Backdoors in Transformer based NLP Models,"Security and privacy, Computing methodologies","Intrusion/anomaly detection and malware mitigation, Artificial intelligence"
'ClickShield Are You Hiding Something Towards Eradicating Clickjacking on Android.,ClickShield Are You Hiding Something Towards Eradicating Clickjacking on Android.,"Security and privacy, Human-centered computing","Systems security, Ubiquitous and mobile computing"
'Click_Without_Compromise_Online_Advertising_Measurement_via_Per_User_Differential_Privacy,Click Without Compromise Online Advertising Measurement via Per User Differential Privacy,"Security and privacy, Information systems","Security services, World Wide Web"
'Client-side Name Collision Vulnerability in the New gTLD Era_ A Systematic Study.,Client side Name Collision Vulnerability in the New gTLD Era A Systematic Study.,"Security and privacy, Networks","Software and application security, Network protocols"
'Cloak of Visibility Detecting When Machines Browse a Different Web.,Cloak of Visibility Detecting When Machines Browse a Different Web.,"Security and privacy, Information systems","Intrusion/anomaly detection and malware mitigation, World Wide Web"
'Clock Around the Clock_ Time-Based Device Fingerprinting.,Clock Around the Clock Time Based Device Fingerprinting.,"Security and privacy, Information systems","Security services, World Wide Web"
'Clockwork_Finance_Automated_Analysis_of_Economic_Security_in_Smart_Contracts,Clockwork Finance Automated Analysis of Economic Security in Smart Contracts,"Security and privacy, Software and its engineering","Formal methods and theory of security, Software organization and properties"
'Closed_Form_Bounds_for_DP_SGD_against_Record_level_Inference,Closed Form Bounds for DP SGD against Record level Inference,"Security and privacy, Computing methodologies","Security services, Machine learning"
'CloudLeak_Large_Scale_Deep_Learning_Models_Stealing_Through_Adversarial_Examples,CloudLeak Large Scale Deep Learning Models Stealing Through Adversarial Examples,"Security and privacy, Computing methodologies","Software and application security, Machine learning"
'Cloudy_with_a_Chance_of_Breach_Forecasting_Cyber_Security_Incidents,Cloudy with a Chance of Breach Forecasting Cyber Security Incidents,"Security and privacy, Computing methodologies","Intrusion/anomaly detection and malware mitigation, Machine learning"
'Cloud_Strife_Mitigating_the_Security_Risks_of_Domain_Validated_Certificates,Cloud Strife Mitigating the Security Risks of Domain Validated Certificates,"Security and privacy, Software and its engineering","Security services, Software organization and properties"
'Clubcards_for_the_WebPKI_Smaller_Certificate_Revocation_Tests_in_Theory_and_Practice,Clubcards for the WebPKI Smaller Certificate Revocation Tests in Theory and Practice,"Security and privacy, Information systems","Security services, World Wide Web"
'Clues in Tweets Twitter-Guided Discovery and Analysis of SMS Spam,Clues in Tweets Twitter Guided Discovery and Analysis of SMS Spam,"Security and privacy, Information systems","Intrusion/anomaly detection and malware mitigation, World Wide Web"
'Code-Reuse Attacks for the Web_ Breaking Cross-Site Scripting Mitigations via Script Gadgets.,Code Reuse Attacks for the Web Breaking Cross Site Scripting Mitigations via Script Gadgets.,Security and privacy,"Systems security, Software and application security, Intrusion/anomaly detection and malware mitigation"
'Codebreaker_Dynamic_Extraction_Attacks_on_Code_Language_Models,Codebreaker Dynamic Extraction Attacks on Code Language Models,"Security and privacy, Computing methodologies","Security services, Machine learning"
'CodexLeaks_Privacy_Leaks_from_Code_Generation_Language_Models_in_GitHub_Copilot,CodexLeaks Privacy Leaks from Code Generation Language Models in GitHub Copilot,"Security and privacy, Computing methodologies","Human and societal aspects of security and privacy, Machine learning"
'Code_is_not_Natural_Language_Unlock_the_Power_of_Semantics_Oriented_Graph_Representation_for_Binary_Code_Similarity_Detection,Code is not Natural Language Unlock the Power of Semantics Oriented Graph Representation for Binary Code Similarity Detection,"Security and privacy, Computing methodologies","Software and application security, Machine learning"
'Code_Speaks_Louder_Exploring_Security_and_Privacy_Relevant_Regional_Variations_in_Mobile_Applications,Code Speaks Louder Exploring Security and Privacy Relevant Regional Variations in Mobile Applications,"Security and privacy, Human-centered computing","Software and application security, Ubiquitous and mobile computing"
'Cognitive_Triaging_of_Phishing_Attacks,Cognitive Triaging of Phishing Attacks,"Security and privacy, Computing methodologies","Human and societal aspects of security and privacy, Machine learning"
'CoinDef_A_Comprehensive_Code_Injection_Defense_for_the_Electron_Framework,CoinDef A Comprehensive Code Injection Defense for the Electron Framework,"Security and privacy, Software and its engineering","Software and application security, Software notations and tools"
'Collaborative_Ad_Transparency_Promises_and_Limitations,Collaborative Ad Transparency Promises and Limitations,"Security and privacy, Information systems","Human and societal aspects of security and privacy, Information systems applications"
'Collect Responsibly But Deliver Arbitrarily A Study on Cross-User Privacy Leakage in Mobile Apps,Collect Responsibly But Deliver Arbitrarily A Study on Cross User Privacy Leakage in Mobile Apps,Security and privacy,Software and application security
'Collective_Information_Security_in_Large_Scale_Urban_Protests_the_Case_of_Hong_Kong,Collective Information Security in Large Scale Urban Protests the Case of Hong Kong,Security and privacy,"Human and societal aspects of security and privacy, Cryptography"
'Combating Dependence Explosion in Forensic Analysis Using Alternative Tag Propagation Semantics.,Combating Dependence Explosion in Forensic Analysis Using Alternative Tag Propagation Semantics.,"Security and privacy, Applied computing","Intrusion/anomaly detection and malware mitigation, Law, social and behavioral sciences"
'Combating_Robocalls_with_Phone_Virtual_Assistant_Mediated_Interaction,Combating Robocalls with Phone Virtual Assistant Mediated Interaction,"Security and privacy, Human-centered computing","Intrusion/anomaly detection and malware mitigation, Human computer interaction (HCI)"
'Comet_Accelerating_Private_Inference_for_Large_Language_Model_by_Predicting_Activation_Sparsity,Comet Accelerating Private Inference for Large Language Model by Predicting Activation Sparsity,"Security and privacy, Computing methodologies","Security services, Machine learning"
'CommanderSong_A_Systematic_Approach_for_Practical_Adversarial_Voice_Recognition,CommanderSong A Systematic Approach for Practical Adversarial Voice Recognition,"Security and privacy, Computing methodologies","Software and application security, Machine learning"
'Communication_Computation_Trade_offs_in_PIR,Communication Computation Trade offs in PIR,"Security and privacy, Theory of computation","Cryptography, Computational complexity and cryptography"
'Communication_Efficient_Triangle_Counting_under_Local_Differential_Privacy,Communication Efficient Triangle Counting under Local Differential Privacy,"Security and privacy, Theory of computation","Security services, Design and analysis of algorithms"
'Compensating_Removed_Frequency_Components_Thwarting_Voice_Spectrum_Reduction_Attacks,Compensating Removed Frequency Components Thwarting Voice Spectrum Reduction Attacks,"Security and privacy, Computing methodologies","Intrusion/anomaly detection and malware mitigation, Artificial intelligence"
'Compiled Models Built-In Exploits Uncovering Pervasive Bit-Flip Attack Surfaces in DNN Executables,Compiled Models Built In Exploits Uncovering Pervasive Bit Flip Attack Surfaces in DNN Executables,"Security and privacy, Computing methodologies","Security in hardware, Machine learning"
'Compiler-Assisted Code Randomization.,Compiler Assisted Code Randomization.,"Security and privacy, Software and its engineering","Software and application security, Software notations and tools"
'Complex_Security_Policy_A_Longitudinal_Analysis_of_Deployed_Content_Security_Policies,Complex Security Policy A Longitudinal Analysis of Deployed Content Security Policies,"Security and privacy, Information systems","Software and application security, World Wide Web"
'Compliance_Cautions_Investigating_Security_Issues_Associated_with_US_Digital_Security_Standards,Compliance Cautions Investigating Security Issues Associated with US Digital Security Standards,"Security and privacy, Social and professional topics","Human and societal aspects of security and privacy, Computing / technology policy"
'Composing Differential Privacy and Secure Computation_ A Case Study on Scaling Private Record Linkage.,Composing Differential Privacy and Secure Computation A Case Study on Scaling Private Record Linkage.,"Security and privacy, Information systems","Security services, Data management systems"
'Composite Backdoor Attack for Deep Neural Network by Mixing Existing Benign Features.,Composite Backdoor Attack for Deep Neural Network by Mixing Existing Benign Features.,"Security and privacy, Computing methodologies","Intrusion/anomaly detection and malware mitigation, Machine learning"
'Comprehensive Privacy Analysis of Deep Learning Passive and Active White-box Inference Attacks against Centralized and Federated Learning.,Comprehensive Privacy Analysis of Deep Learning Passive and Active White box Inference Attacks against Centralized and Federated Learning.,"Security and privacy, Computing methodologies","Security services, Machine learning"
'Compressive Traffic Analysis_ A New Paradigm for Scalable Traffic Analysis.,Compressive Traffic Analysis A New Paradigm for Scalable Traffic Analysis.,Security and privacy,Security services
'Compromised_or_Attacker_Owned_A_Large_Scale_Classification_and_Study_of_Hosting_Domains_of_Malicious_URLs,Compromised or Attacker Owned A Large Scale Classification and Study of Hosting Domains of Malicious URLs,"Security and privacy, Information systems","Intrusion/anomaly detection and malware mitigation, World Wide Web"
'Compromising_Industrial_Processes_using_Web_Based_Programmable_Logic_Controller_Malware,Compromising Industrial Processes using Web Based Programmable Logic Controller Malware,"Security and privacy, Computer systems organization","Intrusion/anomaly detection and malware mitigation, Embedded and cyber-physical systems"
'Confusum_Contractum_Confused_Deputy_Vulnerabilities_in_Ethereum_Smart_Contracts,Confusum Contractum Confused Deputy Vulnerabilities in Ethereum Smart Contracts,"Security and privacy, Software and its engineering","Software and application security, Software organization and properties"
'Connecting_the_Extra_Dots_Contexts_Correlating_External_Information_about_Point_of_Interest_for_Attack_Investigation,Connecting the Extra Dots Contexts Correlating External Information about Point of Interest for Attack Investigation,Security and privacy,Intrusion/anomaly detection and malware mitigation
'Conning_the_Crypto_Conman_End-to-End_Analysis_of_Cryptocurrency-based_Technical_Support_Scams,Conning the Crypto Conman End to End Analysis of Cryptocurrency based Technical Support Scams,"Security and privacy, Social and professional topics","Human and societal aspects of security and privacy, Computing / technology policy"
'Consensual_and_Privacy_Preserving_Sharing_of_Multi_Subject_and_Interdependent_Data,Consensual and Privacy Preserving Sharing of Multi Subject and Interdependent Data,"Security and privacy, Human-centered computing","Security services, Collaborative and social computing"
'Consistency Analysis of Data-Usage Purposes in Mobile Apps,Consistency Analysis of Data Usage Purposes in Mobile Apps,Security and privacy,Human and societal aspects of security and privacy
'Constant Communication ORAM with Small Blocksize.,Constant Communication ORAM with Small Blocksize.,Security and privacy,"Database and storage security, Cryptography"
'Content Security Problems_ Evaluating the Effectiveness of Content Security Policy in the Wild.,Content Security Problems Evaluating the Effectiveness of Content Security Policy in the Wild.,"Security and privacy, Information systems","Software and application security, World Wide Web"
'ContexloT_Towards_Providing_Contextual_Integrity_to_Appified_IoT_Platforms,ContexloT Towards Providing Contextual Integrity to Appified IoT Platforms,"Security and privacy, Human-centered computing","Systems security, Ubiquitous and mobile computing"
'Continual_Observation_under_User-level_Differential_Privacy,Continual Observation under User level Differential Privacy,"Security and privacy, Theory of computation","Security services, Design and analysis of algorithms"
'Continuous_Learning_for_Android_Malware_Detection,Continuous Learning for Android Malware Detection,"Security and privacy, Computing methodologies","Intrusion/anomaly detection and malware mitigation, Machine learning"
"'Control, Confidentiality, and the Right to be Forgotten","Control, Confidentiality, and the Right to be Forgotten","Security and privacy, Social and professional topics","Cryptography, Human and societal aspects of security and privacy, Computing / technology policy"
'Cookie_Crumbles_Breaking_and_Fixing_Web_Session_Integrity,Cookie Crumbles Breaking and Fixing Web Session Integrity,Security and privacy,"Software and application security, Formal methods and theory of security"
'CopperDroid_Automatic_Reconstruction_of_Android_Malware_Behaviors,CopperDroid Automatic Reconstruction of Android Malware Behaviors,"Security and privacy, Human-centered computing","Intrusion/anomaly detection and malware mitigation, Ubiquitous and mobile computing"
'Copy_on_Flip_Hardening_ECC_Memory_Against_Rowhammer_Attacks,Copy on Flip Hardening ECC Memory Against Rowhammer Attacks,"Security and privacy, Software and its engineering","Security in hardware, Software organization and properties"
'Correction_based_Defense_Against_Adversarial_Video_Attacks_via_Discretization_Enhanced_Video_Compressive_Sensing,Correction based Defense Against Adversarial Video Attacks via Discretization Enhanced Video Compressive Sensing,"Security and privacy, Computing methodologies","Software and application security, Machine learning"
'Cost_Aware_Robust_Tree_Ensembles_for_Security_Applications,Cost Aware Robust Tree Ensembles for Security Applications,"Security and privacy, Computing methodologies","Intrusion/anomaly detection and malware mitigation, Machine learning"
'Cost_effective_Attack_Forensics_by_Recording_and_Correlating_File_System_Changes,Cost effective Attack Forensics by Recording and Correlating File System Changes,"Security and privacy, Information systems","Systems security, Information storage systems"
'Counter-RAPTOR Safeguarding Tor Against Active Routing Attacks.,Counter RAPTOR Safeguarding Tor Against Active Routing Attacks.,"Security and privacy, Networks","Network security, Network protocols"
'COUNTERFOIL_Verifying_Provenance_of_Integrated_Circuits_using_Intrinsic_Package_Fingerprints_and_Inexpensive_Cameras,COUNTERFOIL Verifying Provenance of Integrated Circuits using Intrinsic Package Fingerprints and Inexpensive Cameras,"Security and privacy, Hardware","Security in hardware, Integrated circuits"
'Countering_Malicious_Processes_with_Process_DNS_Association,Countering Malicious Processes with Process DNS Association,"Security and privacy, Computing methodologies","Intrusion/anomaly detection and malware mitigation, Machine learning"
'Counting_in_Regexes_Considered_Harmful_Exposing_ReDoS_Vulnerability_of_Nonbacktracking_Matchers,Counting in Regexes Considered Harmful Exposing ReDoS Vulnerability of Nonbacktracking Matchers,"Security and privacy, Theory of computation","Software and application security, Formal languages and automata theory"
'Countmamba_A_Generalized_Website_Fingerprinting_Attack_via_Coarse-Grained_Representation_and_Fine-Grained_Prediction,Countmamba A Generalized Website Fingerprinting Attack via Coarse Grained Representation and Fine Grained Prediction,"Security and privacy, Computing methodologies","Network security, Machine learning"
'CoVault Secure Scalable Analytics of Personal Data,CoVault Secure Scalable Analytics of Personal Data,"Security and privacy, Information systems","Database and storage security, Data management systems"
'CPscan Detecting Bugs Caused by Code Pruning in IoT Kernels,CPscan Detecting Bugs Caused by Code Pruning in IoT Kernels,Security and privacy,"Systems security, Software and application security"
'CP_IoT_A_Cross_Platform_Monitoring_System_for_Smart_Home,CP IoT A Cross Platform Monitoring System for Smart Home,"Security and privacy, Computer systems organization","Intrusion/anomaly detection and malware mitigation, Embedded and cyber-physical systems"
'Cracking_the_Wall_of_Confinement_Understanding_and_Analyzing_Malicious_Domain_Take_downs,Cracking the Wall of Confinement Understanding and Analyzing Malicious Domain Take downs,"Security and privacy, Networks","Intrusion/anomaly detection and malware mitigation, Network protocols"
'Crafter_Facial_Feature_Crafting_against_Inversion_based_Identity_Theft_on_Deep_Models,Crafter Facial Feature Crafting against Inversion based Identity Theft on Deep Models,"Security and privacy, Computing methodologies","Security services, Machine learning"
'CrawlPhish_Large-scale_Analysis_of_Client-side_Cloaking_Techniques_in_Phishing,CrawlPhish Large scale Analysis of Client side Cloaking Techniques in Phishing,"Security and privacy, Information systems","Intrusion/anomaly detection and malware mitigation, World Wide Web"
'Creating_a_Secure_Underlay_for_the_Internet,Creating a Secure Underlay for the Internet,"Security and privacy, Networks","Network security, Network architectures"
'Credit_Karma_Understanding_Security_Implications_of_Exposed_Cloud_Services_through_Automated_Capability_Inference,Credit Karma Understanding Security Implications of Exposed Cloud Services through Automated Capability Inference,"Security and privacy, Software and its engineering","Software and application security, Software organization and properties"
'Critical_Code_Guided_Directed_Greybox_Fuzzing_for_Commits,Critical Code Guided Directed Greybox Fuzzing for Commits,"Security and privacy, Software and its engineering","Software and application security, Software creation and management"
'CRLite A Scalable System for Pushing All TLS Revocations to All Browsers.,CRLite A Scalable System for Pushing All TLS Revocations to All Browsers.,"Security and privacy, Information systems","Network security, World Wide Web"
'Cross-Origin Web Attacks via HTTP2 Server Push and Signed HTTP Exchange,Cross Origin Web Attacks via HTTP2 Server Push and Signed HTTP Exchange,"Security and privacy, Networks","Software and application security, Network protocols"
'CrossFire_An_Analysis_of_Firefox_Extension_Reuse_Vulnerabilities,CrossFire An Analysis of Firefox Extension Reuse Vulnerabilities,Security and privacy,"Software and application security, Systems security"
'Crosstalk-induced Side Channel Threats in Multi-Tenant NISQ Computers,Crosstalk induced Side Channel Threats in Multi Tenant NISQ Computers,"Security and privacy, Hardware","Security in hardware, Emerging technologies"
'Cross_Browser_Fingerprinting_via_OS_and_Hardware_Level_Features,Cross Browser Fingerprinting via OS and Hardware Level Features,"Security and privacy, Information systems","Human and societal aspects of security and privacy, World Wide Web"
'Cross_Container_Attacks_The_Bewildered_eBPF_on_Clouds,Cross Container Attacks The Bewildered eBPF on Clouds,"Security and privacy, Software and its engineering","Systems security, Software organization and properties"
'Cross_the_Zone_Toward_a_Covert_Domain_Hijacking_via_Shared_DNS_Infrastructure,Cross the Zone Toward a Covert Domain Hijacking via Shared DNS Infrastructure,"Security and privacy, Networks","Network security, Network protocols"
'Crowd-GPS-Sec Leveraging Crowdsourcing to Detect and Localize GPS Spoofing Attacks.,Crowd GPS Sec Leveraging Crowdsourcing to Detect and Localize GPS Spoofing Attacks.,"Security and privacy, Information systems","Intrusion/anomaly detection and malware mitigation, World Wide Web"
'CrowdGuard_Federated_Backdoor_Detection_in_Federated_Learning,CrowdGuard Federated Backdoor Detection in Federated Learning,"Security and privacy, Computing methodologies","Intrusion/anomaly detection and malware mitigation, Machine learning"
'CrowdTarget_ Target-based Detection of Crowdturfing in Online Social Networks.,CrowdTarget Target based Detection of Crowdturfing in Online Social Networks.,"Security and privacy, Human-centered computing","Intrusion/anomaly detection and malware mitigation, Collaborative and social computing"
'CrypTFlow Secure TensorFlow Inference.,CrypTFlow Secure TensorFlow Inference.,Security and privacy,"Cryptography, Security in hardware"
'CryptGPU_Fast_Privacy-Preserving_Machine_Learning_on_the_GPU,CryptGPU Fast Privacy Preserving Machine Learning on the GPU,"Security and privacy, Computing methodologies","Security services, Machine learning"
'Cryptographic Function Detection in Obfuscated Binaries via Bit-Precise Symbolic Loop Mapping.,Cryptographic Function Detection in Obfuscated Binaries via Bit Precise Symbolic Loop Mapping.,"Security and privacy, Computing methodologies","Intrusion/anomaly detection and malware mitigation, Symbolic and algebraic manipulation"
'Cryptographic_Deniability_A_Multi_perspective_Study_of_User_Perceptions_and_Expectations,Cryptographic Deniability A Multi perspective Study of User Perceptions and Expectations,"Security and privacy, Human-centered computing","Human and societal aspects of security and privacy, Human computer interaction (HCI)"
'CSI_NN_Reverse_Engineering_of_Neural_Network_Architectures_Through_Electromagnetic_Side_Channel,CSI NN Reverse Engineering of Neural Network Architectures Through Electromagnetic Side Channel,"Security and privacy, Computing methodologies","Security in hardware, Machine learning"
"'CSP Is Dead, Long Live CSP! On the Insecurity of Whitelists and the Future of Content Security Policy.","CSP Is Dead, Long Live CSP! On the Insecurity of Whitelists and the Future of Content Security Policy.","Security and privacy, Information systems","Software and application security, World Wide Web"
'CSPAutoGen_ Black-box Enforcement of Content Security Policy upon Real-world Websites.,CSPAutoGen Black box Enforcement of Content Security Policy upon Real world Websites.,"Security and privacy, Information systems","Software and application security, World Wide Web"
'CSProp_Ciphertext_and_Signature_Propagation_Low_Overhead_Public_Key_Cryptosystem_for_IoT_Environments,CSProp Ciphertext and Signature Propagation Low Overhead Public Key Cryptosystem for IoT Environments,"Security and privacy, Computer systems organization","Cryptography, Embedded and cyber-physical systems"
'CtrlAltDeceive Quantifying User Exposure to Online Scams,CtrlAltDeceive Quantifying User Exposure to Online Scams,"Security and privacy, Information systems","Human and societal aspects of security and privacy, World Wide Web"
'CT_GAN_Malicious_Tampering_of_3D_Medical_Imagery_using_Deep_Learning,CT GAN Malicious Tampering of 3D Medical Imagery using Deep Learning,"Security and privacy, Computing methodologies","Intrusion/anomaly detection and malware mitigation, Machine learning"
'Current Affairs A Security Measurement Study of CCS EV Charging Deployments,Current Affairs A Security Measurement Study of CCS EV Charging Deployments,"Security and privacy, Networks","Network security, Network protocols"
'Custos_Practical_Tamper_Evident_Auditing_of_Operating_Systems_Using_Trusted_Execution,Custos Practical Tamper Evident Auditing of Operating Systems Using Trusted Execution,Security and privacy,"Systems security, Security in hardware"
'CV_Inspector_Towards_Automating_Detection_of_Adblock_Circumvention,CV Inspector Towards Automating Detection of Adblock Circumvention,Security and privacy,"Intrusion/anomaly detection and malware mitigation, Systems security"
'Cybercriminal_Minds_An_investigative_study_of_cryptocurrency_abuses_in_the_Dark_Web,Cybercriminal Minds An investigative study of cryptocurrency abuses in the Dark Web,"Security and privacy, Information systems","Human and societal aspects of security and privacy, World Wide Web"
'D-ARM_Disassembling_ARM_Binaries_by_Lightweight_Superset_Instruction_Interpretation_and_Graph_Modeling,D ARM Disassembling ARM Binaries by Lightweight Superset Instruction Interpretation and Graph Modeling,"Security and privacy, Software and its engineering","Software and application security, Software organization and properties"
'D-DAE_Defense-Penetrating_Model_Extraction_Attacks,D DAE Defense Penetrating Model Extraction Attacks,"Security and privacy, Computing methodologies","Software and application security, Machine learning"
'DAAP_Privacy_Preserving_Model_Accuracy_Estimation_on_Unlabeled_Datasets_Through_Distribution_Aware_Adversarial_Perturbation,DAAP Privacy Preserving Model Accuracy Estimation on Unlabeled Datasets Through Distribution Aware Adversarial Perturbation,"Security and privacy, Computing methodologies","Security services, Machine learning"
'DAFL_Directed_Grey_box_Fuzzing_guided_by_Data_Dependency,DAFL Directed Grey box Fuzzing guided by Data Dependency,"Security and privacy, Software and its engineering","Software and application security, Software creation and management"
'Dangerous Skills Got Certified_ Measuring the Trustworthiness of Skill Certification in Voice Personal Assistant Platforms.,Dangerous Skills Got Certified Measuring the Trustworthiness of Skill Certification in Voice Personal Assistant Platforms.,Security and privacy,Human and societal aspects of security and privacy
'DARKFLEECE_Probing_the_Dark_Side_of_Android_Subscription_Apps,DARKFLEECE Probing the Dark Side of Android Subscription Apps,"Security and privacy, Computing methodologies","Intrusion/anomaly detection and malware mitigation, Machine learning"
'DarkGram A Large-Scale Analysis of Cybercriminal Activity Channels on Telegram,DarkGram A Large Scale Analysis of Cybercriminal Activity Channels on Telegram,Security and privacy,"Intrusion/anomaly detection and malware mitigation, Human and societal aspects of security and privacy"
'Dark_Hazard_Learning_based_Large_Scale_Discovery_of_Hidden_Sensitive_Operations_in_Android_Apps,Dark Hazard Learning based Large Scale Discovery of Hidden Sensitive Operations in Android Apps,"Security and privacy, Computing methodologies","Intrusion/anomaly detection and malware mitigation, Machine learning"
"'Data Breaches, Phishing, or Malware Understanding the Risks of Stolen Credentials.","Data Breaches, Phishing, or Malware Understanding the Risks of Stolen Credentials.",Security and privacy,"Intrusion/anomaly detection and malware mitigation, Human and societal aspects of security and privacy"
'Data Duplication A Novel Multi-Purpose Attack Paradigm in Machine Unlearning,Data Duplication A Novel Multi Purpose Attack Paradigm in Machine Unlearning,"Security and privacy, Computing methodologies","Database and storage security, Machine learning"
'Data Recovery on Encrypted Databases with k-Nearest Neighbor Query Leakage.,Data Recovery on Encrypted Databases with k Nearest Neighbor Query Leakage.,"Security and privacy, Information systems","Database and storage security, Information systems applications"
'Data-Free Model-Related Attacks Unleashing the Potential of Generative AI,Data Free Model Related Attacks Unleashing the Potential of Generative AI,"Security and privacy, Computing methodologies","Human and societal aspects of security and privacy, Machine learning"
'Database_Reconstruction_from_Noisy_Volumes_A_Cache_Side_Channel_Attack_on_SQLite,Database Reconstruction from Noisy Volumes A Cache Side Channel Attack on SQLite,Security and privacy,"Security in hardware, Database and storage security"
'DataSeal_Ensuring_the_Verifiability_of_Private_Computation_on_Encrypted_Data,DataSeal Ensuring the Verifiability of Private Computation on Encrypted Data,Security and privacy,"Cryptography, Formal methods and theory of security"
'DataSentinel_A_Game-Theoretic_Detection_of_Prompt_Injection_Attacks,DataSentinel A Game Theoretic Detection of Prompt Injection Attacks,"Security and privacy, Computing methodologies","Intrusion/anomaly detection and malware mitigation, Machine learning"
'Data_Oblivious_ISA_Extensions_for_Side_Channel_Resistant_and_High_Performance_Computing,Data Oblivious ISA Extensions for Side Channel Resistant and High Performance Computing,"Security and privacy, Computer systems organization","Security in hardware, Architectures"
'Data_Poisoning_Attacks_to_Deep_Learning_Based_Recommender_Systems,Data Poisoning Attacks to Deep Learning Based Recommender Systems,"Security and privacy, Information systems","Intrusion/anomaly detection and malware mitigation, Information retrieval"
'Data_Poisoning_Attacks_to_Local_Differential_Privacy_Protocols,Data Poisoning Attacks to Local Differential Privacy Protocols,"Security and privacy, Information systems","Security services, Data management systems"
'Data_Privacy_in_Trigger-Action_Systems,Data Privacy in Trigger Action Systems,Security and privacy,Security services
'Data_Subjects_Reactions_to_Exercising_Their_Right_of_Access,Data Subjects Reactions to Exercising Their Right of Access,"Security and privacy, Human-centered computing","Human and societal aspects of security and privacy, Human computer interaction (HCI)"
'Data_to_Infinity_and_Beyond_Examining_Data_Sharing_and_Reuse_Practices_in_the_Computer_Security_Community,Data to Infinity and Beyond Examining Data Sharing and Reuse Practices in the Computer Security Community,"Security and privacy, Information systems","Human and societal aspects of security and privacy, Data management systems"
'DBREACH_Stealing_from_Databases_Using_Compression_Side_Channels,DBREACH Stealing from Databases Using Compression Side Channels,"Security and privacy, Information systems","Database and storage security, Information storage systems"
'DDRace_Finding_Concurrency_UAF_Vulnerabilities_in_Linux_Drivers_with_Directed_Fuzzing,DDRace Finding Concurrency UAF Vulnerabilities in Linux Drivers with Directed Fuzzing,"Security and privacy, Software and its engineering","Software and application security, Software organization and properties"
'DE-FAKE Detection and Attribution of Fake Images Generated by Text-to-Image Generation Models,DE FAKE Detection and Attribution of Fake Images Generated by Text to Image Generation Models,Security and privacy,Human and societal aspects of security and privacy
'Deanonymizing Ethereum Validators The P2P Network Has a Privacy Issue,Deanonymizing Ethereum Validators The P2P Network Has a Privacy Issue,"Security and privacy, Networks","Network security, Network protocols"
'DeBackdoor A Deductive Framework for Detecting Backdoor Attacks on Deep Models with Limited Data,DeBackdoor A Deductive Framework for Detecting Backdoor Attacks on Deep Models with Limited Data,"Security and privacy, Computing methodologies","Intrusion/anomaly detection and malware mitigation, Machine learning"
'Debin Predicting Debug Information in Stripped Binaries.,Debin Predicting Debug Information in Stripped Binaries.,"Security and privacy, Social and professional topics","Systems security, Computing / technology policy"
'Debloating_Address_Sanitizer,Debloating Address Sanitizer,"Security and privacy, Software and its engineering","Software and application security, Software notations and tools"
'Decentralization_of_Ethereums_Builder_Market,Decentralization of Ethereums Builder Market,"Security and privacy, Theory of computation","Human and societal aspects of security and privacy, Theory and algorithms for application domains"
'Decentralized_Action_Integrity_for_Trigger_Action_IoT_Platforms,Decentralized Action Integrity for Trigger Action IoT Platforms,"Security and privacy, Computer systems organization","Security services, Embedded and cyber-physical systems"
'Deceptive_Deletions_for_Protecting_Withdrawn_Posts_on_Social_Media_Platforms,Deceptive Deletions for Protecting Withdrawn Posts on Social Media Platforms,"Security and privacy, Computing methodologies","Security services, Machine learning"
'Deciphering_Textual_Authenticity_A_Generalized_Strategy_through_the_Lens_of_Large_Language_Semantics_for_Detecting_Human_vs_Machine_Generated_Text,Deciphering Textual Authenticity A Generalized Strategy through the Lens of Large Language Semantics for Detecting Human vs Machine Generated Text,"Security and privacy, Computing methodologies","Intrusion/anomaly detection and malware mitigation, Artificial intelligence"
"'Decoding the Secrets of Machine Learning in Malware Classification A Deep Dive into Datasets, Feature Extraction, and Model Performance","Decoding the Secrets of Machine Learning in Malware Classification A Deep Dive into Datasets, Feature Extraction, and Model Performance",Security and privacy,Intrusion/anomaly detection and malware mitigation
'Decomperson_How_Humans_Decompile_and_What_We_Can_Learn_From_It,Decomperson How Humans Decompile and What We Can Learn From It,"Security and privacy, Human-centered computing","Intrusion/anomaly detection and malware mitigation, Human computer interaction (HCI)"
'Decompiling_x86_Deep_Neural_Network_Executables,Decompiling x86 Deep Neural Network Executables,"Security and privacy, Computing methodologies","Software and application security, Machine learning"
'Deep Fingerprinting_ Undermining Website Fingerprinting Defenses with Deep Learning.,Deep Fingerprinting Undermining Website Fingerprinting Defenses with Deep Learning.,"Security and privacy, Networks","Security services, Network properties"
'Deep Learning with Differential Privacy.,Deep Learning with Differential Privacy.,"Security and privacy, Computing methodologies","Security services, Machine learning"
'Deep Models Under the GAN_ Information Leakage from Collaborative Deep Learning.,Deep Models Under the GAN Information Leakage from Collaborative Deep Learning.,Security and privacy,"Security services, Systems security, Software and application security"
'DeepBinDiff_Learning_Program_Wide_Code_Representations_for_Binary_Diffing,DeepBinDiff Learning Program Wide Code Representations for Binary Diffing,"Security and privacy, Computing methodologies","Software and application security, Machine learning"
'DEEPCASE_Semi-Supervised_Contextual_Analysis_of_Security_Events,DEEPCASE Semi Supervised Contextual Analysis of Security Events,"Security and privacy, Computing methodologies","Intrusion/anomaly detection and malware mitigation, Machine learning"
'DeepCoFFEA_Improved_Flow_Correlation_Attacks_on_Tor_via_Metric_Learning_and_Amplification,DeepCoFFEA Improved Flow Correlation Attacks on Tor via Metric Learning and Amplification,"Security and privacy, Computing methodologies","Network security, Machine learning"
'DeepCorr Strong Flow Correlation Attacks on Tor Using Deep Learning.,DeepCorr Strong Flow Correlation Attacks on Tor Using Deep Learning.,"Information systems, Security and privacy, Networks","Information systems applications, Security services, Network properties"
'DeepDi_Learning_a_Relational_Graph_Convolutional_Network_Model_on_Instructions_for_Fast_and_Accurate_Disassembly,DeepDi Learning a Relational Graph Convolutional Network Model on Instructions for Fast and Accurate Disassembly,"Security and privacy, Computing methodologies","Intrusion/anomaly detection and malware mitigation, Machine learning"
'DeepDyve Dynamic Verification for Deep Neural Networks.,DeepDyve Dynamic Verification for Deep Neural Networks.,"Computing methodologies, Hardware","Machine learning, Robustness"
'DeepEclipse_How_to_Break_White_Box_DNN_Watermarking_Schemes,DeepEclipse How to Break White Box DNN Watermarking Schemes,"Security and privacy, Computing methodologies","Software and application security, Machine learning"
'DeepHammer_Depleting_the_Intelligence_of_Deep_Neural_Networks_through_Targeted_Chain_of_Bit_Flips,DeepHammer Depleting the Intelligence of Deep Neural Networks through Targeted Chain of Bit Flips,"Security and privacy, Computing methodologies","Security in hardware, Machine learning"
'DeepIntent_ Deep Icon-Behavior Learning for Detecting Intention-Behavior Discrepancy in Mobile Apps.,DeepIntent Deep Icon Behavior Learning for Detecting Intention Behavior Discrepancy in Mobile Apps.,Security and privacy,"Intrusion/anomaly detection and malware mitigation, Software and application security"
'DeepLog_ Anomaly Detection and Diagnosis from System Logs through Deep Learning.,DeepLog Anomaly Detection and Diagnosis from System Logs through Deep Learning.,"Security and privacy, Computing methodologies","Intrusion/anomaly detection and malware mitigation, Machine learning"
'DeepMem Learning Graph Neural Network Models for Fast and Robust Memory Forensic Analysis.,DeepMem Learning Graph Neural Network Models for Fast and Robust Memory Forensic Analysis.,"Applied computing, Computing methodologies, Security and privacy","Law, social and behavioral sciences, Machine learning, Systems security"
'DeepPhish_Understanding_User_Trust_Towards_Artificially_Generated_Profiles_in_Online_Social_Networks,DeepPhish Understanding User Trust Towards Artificially Generated Profiles in Online Social Networks,"Security and privacy, Human-centered computing","Human and societal aspects of security and privacy, Collaborative and social computing"
'DeepReflect_Discovering_Malicious_Functionality_through_Binary_Reconstruction,DeepReflect Discovering Malicious Functionality through Binary Reconstruction,"Security and privacy, Computing methodologies","Intrusion/anomaly detection and malware mitigation, Machine learning"
'DeepShuffle_A_Lightweight_Defense_Framework_against_Adversarial_Fault_Injection_Attacks_on_Deep_Neural_Networks_in_Multi-Tenant_Cloud-FPGA,DeepShuffle A Lightweight Defense Framework against Adversarial Fault Injection Attacks on Deep Neural Networks in Multi Tenant Cloud FPGA,"Security and privacy, Computing methodologies","Security in hardware, Machine learning"
'DeepSight_Mitigating_Backdoor_Attacks_in_Federated_Learning_Through_Deep_Model_Inspection,DeepSight Mitigating Backdoor Attacks in Federated Learning Through Deep Model Inspection,"Security and privacy, Computing methodologies","Intrusion/anomaly detection and malware mitigation, Machine learning"
'DeepSteal_Advanced_Model_Extractions_Leveraging_Efficient_Weight_Stealing_in_Memories,DeepSteal Advanced Model Extractions Leveraging Efficient Weight Stealing in Memories,"Security and privacy, Computing methodologies","Security in hardware, Machine learning"
'DeepTheft_Stealing_DNN_Model_Architectures_through_Power_Side_Channel,DeepTheft Stealing DNN Model Architectures through Power Side Channel,"Security and privacy, Computing methodologies","Security in hardware, Machine learning"
'DEEPVSA_Facilitating_Value_set_Analysis_with_Deep_Learning_for_Postmortem_Program_Analysis,DEEPVSA Facilitating Value set Analysis with Deep Learning for Postmortem Program Analysis,"Security and privacy, Software and its engineering","Software and application security, Software organization and properties"
'Deep_Dup_An_Adversarial_Weight_Duplication_Attack_Framework_to_Crush_Deep_Neural_Network_in_Multi_Tenant_FPGA,Deep Dup An Adversarial Weight Duplication Attack Framework to Crush Deep Neural Network in Multi Tenant FPGA,"Security and privacy, Computing methodologies","Security in hardware, Machine learning"
'Deep_Entity_Classification_Abusive_Account_Detection_for_Online_Social_Networks,Deep Entity Classification Abusive Account Detection for Online Social Networks,"Security and privacy, Computing methodologies","Intrusion/anomaly detection and malware mitigation, Machine learning"
'Deep_perceptual_hashing_algorithms_with_hidden_dual_purpose_when_client-side_scanning_does_facial_recognition,Deep perceptual hashing algorithms with hidden dual purpose when client side scanning does facial recognition,"Security and privacy, Computing methodologies","Human and societal aspects of security and privacy, Artificial intelligence"
'Defeating_DNN_Based_Traffic_Analysis_Systems_in_Real_Time_With_Blind_Adversarial_Perturbations,Defeating DNN Based Traffic Analysis Systems in Real Time With Blind Adversarial Perturbations,"Security and privacy, Computing methodologies","Network security, Machine learning"
'Defending Against Membership Inference Attacks on Iteratively Pruned Deep Neural Networks,Defending Against Membership Inference Attacks on Iteratively Pruned Deep Neural Networks,"Security and privacy, Computing methodologies","Security services, Machine learning"
'Defending_Against_Data_Reconstruction_Attacks_in_Federated_Learning_An_Information_Theory_Approach,Defending Against Data Reconstruction Attacks in Federated Learning An Information Theory Approach,"Security and privacy, Computing methodologies","Security services, Machine learning"
'Defining_Broken_User_Experiences_and_Remediation_Tactics_When_Ad_Blocking_or_Tracking_Protection_Tools_Break_a_Websites_User_Experience,Defining Broken User Experiences and Remediation Tactics When Ad Blocking or Tracking Protection Tools Break a Websites User Experience,"Security and privacy, Human-centered computing","Human and societal aspects of security and privacy, Human computer interaction (HCI)"
'DEFInit_An_Analysis_of_Exposed_Android_Init_Routines,DEFInit An Analysis of Exposed Android Init Routines,"Security and privacy, Software and its engineering","Systems security, Software organization and properties"
'DefRec_Establishing_Physical_Function_Virtualization_to_Disrupt_Reconnaissance_of_Power_Grids_Cyber_Physical_Infrastructures,DefRec Establishing Physical Function Virtualization to Disrupt Reconnaissance of Power Grids Cyber Physical Infrastructures,"Security and privacy, Computer systems organization","Systems security, Embedded and cyber-physical systems"
'DeGPT_Optimizing_Decompiler_Output_with_LLM,DeGPT Optimizing Decompiler Output with LLM,"Security and privacy, Computing methodologies","Software and application security, Artificial intelligence"
'Delay-allowed Differentially Private Data Stream Release,Delay allowed Differentially Private Data Stream Release,"Security and privacy, Information systems","Security services, Data management systems"
'Delphi_A_Cryptographic_Inference_Service_for_Neural_Networks,Delphi A Cryptographic Inference Service for Neural Networks,"Security and privacy, Computing methodologies","Cryptography, Machine learning"
'DEMASQ_Unmasking_the_ChatGPT_Wordsmith,DEMASQ Unmasking the ChatGPT Wordsmith,"Security and privacy, Computing methodologies","Intrusion/anomaly detection and malware mitigation, Artificial intelligence"
'DeMiCPU_ Device Fingerprinting with Magnetic Signals Radiated by CPU.,DeMiCPU Device Fingerprinting with Magnetic Signals Radiated by CPU.,Security and privacy,Security services
'Demon_in_the_Variant_Statistical_Analysis_of_DNNs_for_Robust_Backdoor_Contamination_Detection,Demon in the Variant Statistical Analysis of DNNs for Robust Backdoor Contamination Detection,"Security and privacy, Computing methodologies","Intrusion/anomaly detection and malware mitigation, Machine learning"
'Demystifying Resource Management Risks in Emerging Mobile App-in-App Ecosystems.,Demystifying Resource Management Risks in Emerging Mobile App in App Ecosystems.,Security and privacy,Systems security
'Demystifying the InSecurity of QR Code-based Login in Real-world Deployments,Demystifying the InSecurity of QR Code based Login in Real world Deployments,"Security and privacy, Human-centered computing","Security services, Human computer interaction (HCI)"
'Demystifying_Local_Business_Search_Poisoning_for_Illicit_Drug_Promotion,Demystifying Local Business Search Poisoning for Illicit Drug Promotion,"Security and privacy, Information systems","Intrusion/anomaly detection and malware mitigation, World Wide Web"
'Demystifying_the_Security_Implications_in_IoT_Device_Rental_Services,Demystifying the Security Implications in IoT Device Rental Services,Security and privacy,"Systems security, Software and application security"
'Density Boosts Everything A One-stop Strategy for Improving Performance Robustness and Sustainability of Malware Detectors,Density Boosts Everything A One stop Strategy for Improving Performance Robustness and Sustainability of Malware Detectors,"Security and privacy, Computing methodologies","Intrusion/anomaly detection and malware mitigation, Machine learning"
'DEPCOMM_Graph_Summarization_on_System_Audit_Logs_for_Attack_Investigation,DEPCOMM Graph Summarization on System Audit Logs for Attack Investigation,"Security and privacy, Computing methodologies","Intrusion/anomaly detection and malware mitigation, Machine learning"
'Dependence_Makes_You_Vulnberable_Differential_Privacy_Under_Dependent_Tuples,Dependence Makes You Vulnberable Differential Privacy Under Dependent Tuples,"Security and privacy, Information systems","Database and storage security, Data management systems"
'Dependence_Preserving_Data_Compaction_for_Scalable_Forensic_Analysis,Dependence Preserving Data Compaction for Scalable Forensic Analysis,"Security and privacy, Information systems","Intrusion/anomaly detection and malware mitigation, Data management systems"
"'Deploying Android Security Updates an Extensive Study Involving Manufacturers, Carriers, and End Users.","Deploying Android Security Updates an Extensive Study Involving Manufacturers, Carriers, and End Users.",Security and privacy,Systems security
'Deployment_of_Source_Address_Validation_by_Network_Operators_A_Randomized_Control_Trial,Deployment of Source Address Validation by Network Operators A Randomized Control Trial,"Security and privacy, Networks","Network security, Network performance evaluation"
'Designing_a_Better_Browser_for_Tor_with_BLAST,Designing a Better Browser for Tor with BLAST,"Security and privacy, Information systems","Security services, World Wide Web"
'Detecting Fake Accounts in Online Social Networks at the Time of Registrations.,Detecting Fake Accounts in Online Social Networks at the Time of Registrations.,Security and privacy,"Security services, Network security"
'Detecting IMSI-Catchers by Characterizing Identity Exposing Messages in Cellular Traffic,Detecting IMSI Catchers by Characterizing Identity Exposing Messages in Cellular Traffic,"Security and privacy, Networks","Intrusion/anomaly detection and malware mitigation, Network protocols"
'Detecting Ransomware Despite IO Overhead A Practical Multi-Staged Approach,Detecting Ransomware Despite IO Overhead A Practical Multi Staged Approach,"Security and privacy, Information systems","Intrusion/anomaly detection and malware mitigation, Information storage systems"
'Detecting Structurally Anomalous Logins Within Enterprise Networks.,Detecting Structurally Anomalous Logins Within Enterprise Networks.,"Security and privacy, Computing methodologies","Intrusion/anomaly detection and malware mitigation, Network security, Machine learning"
'Detecting Violations of Differential Privacy.,Detecting Violations of Differential Privacy.,Security and privacy,Human and societal aspects of security and privacy
'Detecting_AI_Trojans_Using_Meta_Neural_Analysis,Detecting AI Trojans Using Meta Neural Analysis,"Security and privacy, Computing methodologies","Intrusion/anomaly detection and malware mitigation, Machine learning"
'Detecting_Android_Root_Exploits_by_Learning_from_Root_Providers,Detecting Android Root Exploits by Learning from Root Providers,Security and privacy,"Intrusion/anomaly detection and malware mitigation, Systems security"
'Detecting_and_Characterizing_Lateral_Phishing_at_Scale,Detecting and Characterizing Lateral Phishing at Scale,"Security and privacy, Computing methodologies","Intrusion/anomaly detection and malware mitigation, Machine learning"
'Detecting_and_Mitigating_Sampling_Bias_in_Cybersecurity_with_Unlabeled_Data,Detecting and Mitigating Sampling Bias in Cybersecurity with Unlabeled Data,"Security and privacy, Computing methodologies","Intrusion/anomaly detection and malware mitigation, Machine learning"
'Detecting_API_Post_Handling_Bugs_Using_Code_and_Description_in_Patches,Detecting API Post Handling Bugs Using Code and Description in Patches,"Security and privacy, Software and its engineering","Software and application security, Software creation and management"
'Detecting_Credential_Spearphishing_in_Enterprise_Settings,Detecting Credential Spearphishing in Enterprise Settings,"Security and privacy, Computing methodologies","Intrusion/anomaly detection and malware mitigation, Machine learning"
'Detecting_Probe_resistant_Proxies,Detecting Probe resistant Proxies,"Security and privacy, Networks","Network security, Network performance evaluation"
'Detecting_Taint-Style_Vulnerabilities_in_Microservice-Structured_Web_Applications,Detecting Taint Style Vulnerabilities in Microservice Structured Web Applications,"Security and privacy, Software and its engineering","Software and application security, Software organization and properties"
'Detecting_Unknown_Encrypted_Malicious_Traffic_in_Real_Time_via_Flow_Interaction_Graph_Analysis,Detecting Unknown Encrypted Malicious Traffic in Real Time via Flow Interaction Graph Analysis,"Security and privacy, Computing methodologies","Intrusion/anomaly detection and malware mitigation, Machine learning"
'Detecting_Voice_Cloning_Attacks_via_Timbre_Watermarking,Detecting Voice Cloning Attacks via Timbre Watermarking,"Security and privacy, Computing methodologies","Security services, Machine learning"
'Detection_of_Inconsistencies_in_Privacy_Practices_of_Browser_Extensions,Detection of Inconsistencies in Privacy Practices of Browser Extensions,Security and privacy,"Human and societal aspects of security and privacy, Software and application security"
'DeTor_Provably_Avoiding_Geographic_Regions_in_Tor,DeTor Provably Avoiding Geographic Regions in Tor,"Security and privacy, Networks","Security services, Network performance evaluation"
'Device_Fingerprinting_with_Peripheral_Timestamps,Device Fingerprinting with Peripheral Timestamps,"Security and privacy, Computing methodologies","Security services, Machine learning"
'Device_Pairing_at_the_Touch_of_an_Electrode,Device Pairing at the Touch of an Electrode,"Security and privacy, Hardware","Security services, Communication hardware, interfaces and storage"
'Devils_in_the_Guidance_Predicting_Logic_Vulnerabilities_in_Payment_Syndication_Services_through_Automated_Documentation_Analysis,Devils in the Guidance Predicting Logic Vulnerabilities in Payment Syndication Services through Automated Documentation Analysis,"Security and privacy, Computing methodologies","Software and application security, Artificial intelligence"
'Devils_Whisper_A_General_Approach_for_Physical_Adversarial_Attacks_against_Commercial_Black_box_Speech_Recognition_Devices,Devils Whisper A General Approach for Physical Adversarial Attacks against Commercial Black box Speech Recognition Devices,"Security and privacy, Computing methodologies","Systems security, Artificial intelligence"
'Devil_in_the_Room_Triggering_Audio_Backdoors_in_the_Physical_World,Devil in the Room Triggering Audio Backdoors in the Physical World,"Security and privacy, Computing methodologies","Software and application security, Machine learning"
'De_anonymization_of_Mobility_Trajectories_Dissecting_the_Gaps_between_Theory_and_Practice,De anonymization of Mobility Trajectories Dissecting the Gaps between Theory and Practice,"Security and privacy, Information systems","Database and storage security, Information systems applications"
'De_anonymizing_Programmers_via_Code_Stylometry,De anonymizing Programmers via Code Stylometry,"Security and privacy, Computing methodologies","Intrusion/anomaly detection and malware mitigation, Machine learning"
'Diane_Identifying_Fuzzing_Triggers_in_Apps_to_Generate_Under-constrained_Inputs_for_IoT_Devices,Diane Identifying Fuzzing Triggers in Apps to Generate Under constrained Inputs for IoT Devices,"Security and privacy, Computer systems organization","Software and application security, Embedded and cyber-physical systems"
'Didnt_You_Hear_Me_Towards_More_Successful_Web_Vulnerability_Notifications,Didnt You Hear Me Towards More Successful Web Vulnerability Notifications,"Security and privacy, Human-centered computing","Human and societal aspects of security and privacy, Human computer interaction (HCI)"
'Did_the_Neurons_Read_your_Book_Document_level_Membership_Inference_for_Large_Language_Models,Did the Neurons Read your Book Document level Membership Inference for Large Language Models,"Security and privacy, Computing methodologies","Database and storage security, Machine learning"
'DiffCSP_Finding_Browser_Bugs_in_Content_Security_Policy_Enforcement_through_Differential_Testing,DiffCSP Finding Browser Bugs in Content Security Policy Enforcement through Differential Testing,Security and privacy,"Systems security, Software and application security"
'Diffence Fencing Membership Privacy With Diffusion Models,Diffence Fencing Membership Privacy With Diffusion Models,"Security and privacy, Computing methodologies","Security services, Machine learning"
'Differential Privacy as a Mutual Information Constraint.,Differential Privacy as a Mutual Information Constraint.,"Security and privacy, Mathematics of computing","Database and storage security, Information theory"
'Differential Privacy with Bounded Priors Reconciling Utility and Privacy in Genome-Wide Association Studies.,Differential Privacy with Bounded Priors Reconciling Utility and Privacy in Genome Wide Association Studies.,"Social and professional topics, Security and privacy, Applied computing","Computing / technology policy, Network security, Life and medical sciences"
'Differentially Private Bayesian Programming.,Differentially Private Bayesian Programming.,"Security and privacy, Computing methodologies","Formal methods and theory of security, Machine learning"
'Differentially_Private_Histograms_in_the_Shuffle_Model_from_Fake_Users,Differentially Private Histograms in the Shuffle Model from Fake Users,"Security and privacy, Theory of computation","Security services, Design and analysis of algorithms"
'Differentially_Private_Password_Frequency_Lists,Differentially Private Password Frequency Lists,"Security and privacy, Theory of computation","Database and storage security, Design and analysis of algorithms"
'Differentially_Private_Release_of_Israels_National_Registry_of_Live_Births,Differentially Private Release of Israels National Registry of Live Births,"Security and privacy, Information systems","Database and storage security, Data management systems"
'Differentially_Private_Selection_Using_Smooth_Sensitivity,Differentially Private Selection Using Smooth Sensitivity,"Security and privacy, Theory of computation","Security services, Theory and algorithms for application domains"
'Differential_Privacy_and_Swapping_Examining_De-Identifications_Impact_on_Minority_Representation_and_Privacy_Preservation_in_the_U.S._Census,Differential Privacy and Swapping Examining De Identifications Impact on Minority Representation and Privacy Preservation in the U.S. Census,"Security and privacy, Mathematics of computing","Database and storage security, Probability and statistics"
'Differential_Testing_of_Cross_Deep_Learning_Framework_APIs_Revealing_Inconsistencies_and_Vulnerabilities,Differential Testing of Cross Deep Learning Framework APIs Revealing Inconsistencies and Vulnerabilities,"Security and privacy, Computing methodologies","Software and application security, Machine learning"
'Differential_Training_A_Generic_Framework_to_Reduce_Label_Noises_for_Android_Malware_Detection,Differential Training A Generic Framework to Reduce Label Noises for Android Malware Detection,"Security and privacy, Computing methodologies","Intrusion/anomaly detection and malware mitigation, Machine learning"
'DiffSmooth_Certifiably_Robust_Learning_via_Diffusion_Models_and_Local_Smoothing,DiffSmooth Certifiably Robust Learning via Diffusion Models and Local Smoothing,"Security and privacy, Computing methodologies","Formal methods and theory of security, Machine learning"
'Digital Security Perceptions and Practices Around the World A WEIRD versus Non-WEIRD Comparison,Digital Security Perceptions and Practices Around the World A WEIRD versus Non WEIRD Comparison,"Security and privacy, Human-centered computing","Human and societal aspects of security and privacy, Human computer interaction (HCI)"
'Digital_Healthcare_Associated_Infection_A_Case_Study_on_the_Security_of_a_Major_Multi_Campus_Hospital_System,Digital Healthcare Associated Infection A Case Study on the Security of a Major Multi Campus Hospital System,Security and privacy,"Intrusion/anomaly detection and malware mitigation, Network security"
'Directed Greybox Fuzzing.,Directed Greybox Fuzzing.,"Security and privacy, Software and its engineering","Software and application security, Software creation and management"
'Dirty_Road_Can_Attack_Security_of_Deep_Learning_based_Automated_Lane_Centering_under_Physical_World_Attack,Dirty Road Can Attack Security of Deep Learning based Automated Lane Centering under Physical World Attack,"Security and privacy, Computing methodologies","Systems security, Machine learning"
'Disassembly_as_Weighted_Interval_Scheduling_with_Learned_Weights,Disassembly as Weighted Interval Scheduling with Learned Weights,"Security and privacy, Computing methodologies","Software and application security, Machine learning"
'Discop_Provably_Secure_Steganography_in_Practice_Based_on_Distribution_Copies,Discop Provably Secure Steganography in Practice Based on Distribution Copies,Security and privacy,Formal methods and theory of security
'Discovering_Flaws_in_Security_Focused_Static_Analysis_Tools_for_Android_using_Systematic_Mutation,Discovering Flaws in Security Focused Static Analysis Tools for Android using Systematic Mutation,"Security and privacy, Software and its engineering","Software and application security, Software organization and properties"
'discovRE_Efficient_Cross_Architecture_Identification_of_Bugs_in_Binary_Code,discovRE Efficient Cross Architecture Identification of Bugs in Binary Code,"Security and privacy, Computing methodologies","Software and application security, Machine learning"
'DISCO_Sidestepping_RPKIs_Deployment_Barriers,DISCO Sidestepping RPKIs Deployment Barriers,"Security and privacy, Networks","Network security, Network protocols"
'Disparate Privacy Vulnerability Targeted Attribute Inference Attacks and Defenses,Disparate Privacy Vulnerability Targeted Attribute Inference Attacks and Defenses,"Security and privacy, Computing methodologies","Database and storage security, Machine learning"
'DISPATCH Unraveling Security Patches from Entangled Code Changes,DISPATCH Unraveling Security Patches from Entangled Code Changes,"Security and privacy, Software and its engineering","Software and application security, Software creation and management"
'Dissecting Payload-based Transaction Phishing on Ethereum,Dissecting Payload based Transaction Phishing on Ethereum,Security and privacy,"Intrusion/anomaly detection and malware mitigation, Software and application security"
'Dissecting Residual APIs in Custom Android ROMs,Dissecting Residual APIs in Custom Android ROMs,Security and privacy,Systems security
'Dissecting_Privacy_Perspectives_of_Websites_Around_the_World_Aceptar_Todo_Alle_Akzeptieren_Accept_All,Dissecting Privacy Perspectives of Websites Around the World Aceptar Todo Alle Akzeptieren Accept All,"Security and privacy, Information systems","Human and societal aspects of security and privacy, World Wide Web"
'Distance_Aware_Private_Set_Intersection,Distance Aware Private Set Intersection,Security and privacy,"Security services, Cryptography"
'DISTDET_A_Cost_Effective_Distributed_Cyber_Threat_Detection_System,DISTDET A Cost Effective Distributed Cyber Threat Detection System,"Security and privacy, Computing methodologies","Intrusion/anomaly detection and malware mitigation, Distributed computing methodologies"
'Distributed Measurement with Private Set-Union Cardinality.,Distributed Measurement with Private Set Union Cardinality.,Security and privacy,Systems security
'Distributed Private Aggregation in Graph Neural Networks,Distributed Private Aggregation in Graph Neural Networks,"Security and privacy, Computing methodologies","Security services, Machine learning"
"'Distributed, Private, Sparse Histograms in the Two-Server Model","Distributed, Private, Sparse Histograms in the Two Server Model",Security and privacy,Security services
'Distributional Private Information Retrieval,Distributional Private Information Retrieval,"Security and privacy, Theory of computation","Security services, Computational complexity and cryptography"
'ditto_WAN_Traffic_Obfuscation_at_Line_Rate,ditto WAN Traffic Obfuscation at Line Rate,"Security and privacy, Networks","Network security, Network components"
'Diving_into_Robocall_Content_with_SnorCall,Diving into Robocall Content with SnorCall,"Security and privacy, Computing methodologies","Intrusion/anomaly detection and malware mitigation, Machine learning"
'DIZK_A_Distributed_Zero_Knowledge_Proof_System,DIZK A Distributed Zero Knowledge Proof System,"Security and privacy, Computing methodologies","Cryptography, Distributed computing methodologies"
'DLBox New Model Training Framework for Protecting Training Data,DLBox New Model Training Framework for Protecting Training Data,"Security and privacy, Computing methodologies","Systems security, Machine learning"
'DnD_A_Cross_Architecture_Deep_Neural_Network_Decompiler,DnD A Cross Architecture Deep Neural Network Decompiler,"Security and privacy, Computing methodologies","Software and application security, Machine learning"
'DNN_GP_Diagnosing_and_Mitigating_Models_Faults_Using_Latent_Concepts,DNN GP Diagnosing and Mitigating Models Faults Using Latent Concepts,"Security and privacy, Computing methodologies","Intrusion/anomaly detection and malware mitigation, Machine learning"
'Do Not Follow the White Rabbit Challenging the Myth of Harmless Open Redirection,Do Not Follow the White Rabbit Challenging the Myth of Harmless Open Redirection,"Security and privacy, Information systems","Software and application security, World Wide Web"
'Do We Really Need to Design New Byzantine-robust Aggregation Rules,Do We Really Need to Design New Byzantine robust Aggregation Rules,"Security and privacy, Computing methodologies","Systems security, Machine learning"
'Do You Feel What I Hear Enabling Autonomous IoT Device Pairing Using Different Sensor Types.,Do You Feel What I Hear Enabling Autonomous IoT Device Pairing Using Different Sensor Types.,"Security and privacy, Computer systems organization","Security services, Embedded and cyber-physical systems"
'Does_Every_Second_Count_Time_based_Evolution_of_Malware_Behavior_in_Sandboxes,Does Every Second Count Time based Evolution of Malware Behavior in Sandboxes,"Security and privacy, Computing methodologies","Intrusion/anomaly detection and malware mitigation, Machine learning"
'Does_Online_Anonymous_Market_Vendor_Reputation_Matter,Does Online Anonymous Market Vendor Reputation Matter,"Security and privacy, Human-centered computing","Human and societal aspects of security and privacy, Collaborative and social computing"
'DOITRUST_Dissecting_On_chain_Compromised_Internet_Domains_via_Graph_Learning,DOITRUST Dissecting On chain Compromised Internet Domains via Graph Learning,"Security and privacy, Computing methodologies","Intrusion/anomaly detection and malware mitigation, Machine learning"
'Domain Validation++ For MitM-Resilient PKI.,Domain Validation++ For MitM Resilient PKI.,Security and privacy,"Network security, Cryptography, Systems security"
'Dompteur_Taming_Audio_Adversarial_Examples,Dompteur Taming Audio Adversarial Examples,"Security and privacy, Computing methodologies","Software and application security, Machine learning"
'Don't Forget the Stuffing! Revisiting the Security Impact of Typo-Tolerant Password Authentication.,Don't Forget the Stuffing! Revisiting the Security Impact of Typo Tolerant Password Authentication.,Security and privacy,Security services
'Don't Let One Rotten Apple Spoil the Whole Barrel_ Towards Automated Detection of Shadowed Domains.,Don't Let One Rotten Apple Spoil the Whole Barrel Towards Automated Detection of Shadowed Domains.,"Security and privacy, Computing methodologies","Intrusion/anomaly detection and malware mitigation, Machine learning"
'DONAPI_Malicious_NPM_Packages_Detector_using_Behavior_Sequence_Knowledge_Mapping,DONAPI Malicious NPM Packages Detector using Behavior Sequence Knowledge Mapping,"Security and privacy, Computing methodologies","Intrusion/anomaly detection and malware mitigation, Machine learning"
'Dont_Forget_to_Lock_the_Back_Door_A_Characterization_of_IPv6_Network_Security_Policy,Dont Forget to Lock the Back Door A Characterization of IPv6 Network Security Policy,"Security and privacy, Networks","Network security, Network protocols"
'Dont_Interrupt_Me_A_Large_Scale_Study_of_On_Device_Permission_Prompt_Quieting_in_Chrome,Dont Interrupt Me A Large Scale Study of On Device Permission Prompt Quieting in Chrome,"Security and privacy, Human-centered computing","Human and societal aspects of security and privacy, Human computer interaction (HCI)"
'Dont_Listen_To_Me_Understanding_and_Exploring_Jailbreak_Prompts_of_Large_Language_Models,Dont Listen To Me Understanding and Exploring Jailbreak Prompts of Large Language Models,"Security and privacy, Computing methodologies","Systems security, Artificial intelligence"
'Dont_Trust_The_Locals_Investigating_the_Prevalence_of_Persistent_Client_Side_Cross_Site_Scripting_in_the_Wild,Dont Trust The Locals Investigating the Prevalence of Persistent Client Side Cross Site Scripting in the Wild,"Security and privacy, Information systems","Software and application security, World Wide Web"
'Dont_Waste_My_Efforts_Pruning_Redundant_Sanitizer_Checks_by_Developer_Implemented_Type_Checks,Dont Waste My Efforts Pruning Redundant Sanitizer Checks by Developer Implemented Type Checks,"Security and privacy, Software and its engineering","Software and application security, Software organization and properties"
'Dormant Defending against Pose-driven Human Image Animation,Dormant Defending against Pose driven Human Image Animation,"Security and privacy, Computing methodologies","Human and societal aspects of security and privacy, Machine learning"
'DorPatch Distributed and Occlusion-Robust,DorPatch Distributed and Occlusion Robust,"Security and privacy, Computing methodologies","Software and application security, Machine learning"
'Dos_and_Donts_of_Machine_Learning_in_Computer_Security,Dos and Donts of Machine Learning in Computer Security,"Security and privacy, Computing methodologies","Intrusion/anomaly detection and malware mitigation, Machine learning"
'Double-Edged Shield On the Fingerprintability of Customized Ad Blockers,Double Edged Shield On the Fingerprintability of Customized Ad Blockers,"Security and privacy, Information systems","Systems security, World Wide Web"
'DoubleStar_Long_Range_Attack_Towards_Depth_Estimation_based_Obstacle_Avoidance_in_Autonomous_Systems,DoubleStar Long Range Attack Towards Depth Estimation based Obstacle Avoidance in Autonomous Systems,"Security and privacy, Computing methodologies","Systems security, Artificial intelligence"
'Double_and_Nothing_Understanding_and_Detecting_Cryptocurrency_Giveaway_Scams,Double and Nothing Understanding and Detecting Cryptocurrency Giveaway Scams,"Security and privacy, Information systems","Intrusion/anomaly detection and malware mitigation, World Wide Web"
'Double_Cross_Attacks_Subverting_Active_Learning_Systems,Double Cross Attacks Subverting Active Learning Systems,"Security and privacy, Computing methodologies","Intrusion/anomaly detection and malware mitigation, Machine learning"
'Double_Face_Leveraging_User_Intelligence_to_Characterize_and_Recognize_AI_synthesized_Faces,Double Face Leveraging User Intelligence to Characterize and Recognize AI synthesized Faces,"Security and privacy, Computing methodologies","Intrusion/anomaly detection and malware mitigation, Machine learning"
'Doubly Efficient Interactive Proofs for General Arithmetic Circuits with Linear Prover Time,Doubly Efficient Interactive Proofs for General Arithmetic Circuits with Linear Prover Time,Security and privacy,Cryptography
'DOVE_A_Data_Oblivious_Virtual_Environment,DOVE A Data Oblivious Virtual Environment,"Security and privacy, Software and its engineering","Systems security, Software organization and properties"
'Downgrading_DNSSEC_How_to_Exploit_Crypto_Agility_for_Hijacking_Signed_Zones,Downgrading DNSSEC How to Exploit Crypto Agility for Hijacking Signed Zones,Security and privacy,"Network security, Cryptography"
'Do_Not_Give_a_Dog_Bread_Every_Time_He_Wags_His_Tail_Stealing_Passwords_through_Content_Queries_CONQUER_Attacks,Do Not Give a Dog Bread Every Time He Wags His Tail Stealing Passwords through Content Queries CONQUER Attacks,"Security and privacy, Human-centered computing","Systems security, Accessibility"
'Do_You_See_How_I_Pose_Using_Poses_as_an_Implicit_Authentication_Factor_for_QR_Code_Payment,Do You See How I Pose Using Poses as an Implicit Authentication Factor for QR Code Payment,"Security and privacy, Computing methodologies","Security services, Artificial intelligence"
'Do_You_See_What_I_See_Differential_Treatment_of_Anonymous_Users,Do You See What I See Differential Treatment of Anonymous Users,Security and privacy,"Security services, Human and societal aspects of security and privacy"
'DP-Auditorium_A_Large-Scale_Library_for_Auditing_Differential_Privacy,DP Auditorium A Large Scale Library for Auditing Differential Privacy,"Security and privacy, Mathematics of computing","Security services, Probability and statistics"
'DP-BREM Differentially-Private and Byzantine-Robust Federated Learning with Client Momentum,DP BREM Differentially Private and Byzantine Robust Federated Learning with Client Momentum,"Security and privacy, Computing methodologies","Security services, Machine learning"
'DPAdapter_Improving_Differentially_Private_Deep_Learning_through_Noise_Tolerance_Pre_training,DPAdapter Improving Differentially Private Deep Learning through Noise Tolerance Pre training,"Security and privacy, Computing methodologies","Security services, Machine learning"
'DPolicy_Managing_Privacy_Risks_Across_Multiple_Releases_with_Differential_Privacy,DPolicy Managing Privacy Risks Across Multiple Releases with Differential Privacy,"Security and privacy, Information systems","Security services, Data management systems"
'DPSense_ Differentially Private Crowdsourced Spectrum Sensing.,DPSense Differentially Private Crowdsourced Spectrum Sensing.,Security and privacy,"Security services, Network security"
'dp_promise_Differentially_Private_Diffusion_Probabilistic_Models_for_Image_Synthesis,dp promise Differentially Private Diffusion Probabilistic Models for Image Synthesis,"Security and privacy, Computing methodologies","Security services, Machine learning"
'Draco_ A System for Uniform and Fine-grained Access Control for Web Code on Android.,Draco A System for Uniform and Fine grained Access Control for Web Code on Android.,"Security and privacy, Human-centered computing","Software and application security, Ubiquitous and mobile computing"
'DRAINCLoG_Detecting_Rogue_Accounts_with_Illegally_obtained_NFTs_using_Classifiers_Learned_on_Graphs,DRAINCLoG Detecting Rogue Accounts with Illegally obtained NFTs using Classifiers Learned on Graphs,"Security and privacy, Computing methodologies","Intrusion/anomaly detection and malware mitigation, Machine learning"
'DRAWN_APART_A_Device_Identification_Technique_based_on_Remote_GPU_Fingerprinting,DRAWN APART A Device Identification Technique based on Remote GPU Fingerprinting,"Security and privacy, Computing methodologies","Security services, Machine learning"
'Drift_with_Devil_Security_of_Multi_Sensor_Fusion_based_Localization_in_High_Level_Autonomous_Driving_under_GPS_Spoofing,Drift with Devil Security of Multi Sensor Fusion based Localization in High Level Autonomous Driving under GPS Spoofing,"Security and privacy, Computer systems organization","Systems security, Embedded and cyber-physical systems"
'Driller_Augmenting_Fuzzing_Through_Selective_Symbolic_Execution,Driller Augmenting Fuzzing Through Selective Symbolic Execution,"Security and privacy, Computing methodologies","Software and application security, Symbolic and algebraic manipulation"
'DRMI_A_Dataset_Reduction_Technology_based_on_Mutual_Information_for_Black_box_Attacks,DRMI A Dataset Reduction Technology based on Mutual Information for Black box Attacks,"Security and privacy, Computing methodologies","Software and application security, Machine learning"
'DroneKey A Drone-Aided Group-Key Generation Scheme for Large-Scale IoT Networks,DroneKey A Drone Aided Group Key Generation Scheme for Large Scale IoT Networks,Security and privacy,Network security
'Droplet_Decentralized_Authorization_and_Access_Control_for_Encrypted_Data_Streams,Droplet Decentralized Authorization and Access Control for Encrypted Data Streams,Security and privacy,"Security services, Database and storage security"
'Drops for Stuff_ An Analysis of Reshipping Mule Scams.,Drops for Stuff An Analysis of Reshipping Mule Scams.,"Security and privacy, Applied computing, Social and professional topics","Security services, Electronic commerce, Computing / technology policy"
'dRR_A_Decentralized_Scalable_and_Auditable_Architecture_for_RPKI_Repository,dRR A Decentralized Scalable and Auditable Architecture for RPKI Repository,"Security and privacy, Computer systems organization","Network security, Dependable and fault-tolerant systems and networks"
'DScope_A_Cloud_Native_Internet_Telescope,DScope A Cloud Native Internet Telescope,"Security and privacy, Networks","Intrusion/anomaly detection and malware mitigation, Network performance evaluation"
'DShield Defending against Backdoor Attacks on Graph Neural Networks via Discrepancy Learning,DShield Defending against Backdoor Attacks on Graph Neural Networks via Discrepancy Learning,"Security and privacy, Computing methodologies","Intrusion/anomaly detection and malware mitigation, Machine learning"
'Duumviri Detecting Trackers and Mixed Trackers with a Breakage Detector,Duumviri Detecting Trackers and Mixed Trackers with a Breakage Detector,"Security and privacy, Computing methodologies","Intrusion/anomaly detection and malware mitigation, Machine learning"
'DVa_Extracting_Victims_and_Abuse_Vectors_from_Android_Accessibility_Malware,DVa Extracting Victims and Abuse Vectors from Android Accessibility Malware,"Security and privacy, Human-centered computing","Intrusion/anomaly detection and malware mitigation, Accessibility"
'DVSorder_Ballot_Randomization_Flaws_Threaten_Voter_Privacy,DVSorder Ballot Randomization Flaws Threaten Voter Privacy,"Security and privacy, Software and its engineering","Human and societal aspects of security and privacy, Software creation and management"
'Dynamic_Differential_Location_Privacy_with_Personalized_Error_Bounds,Dynamic Differential Location Privacy with Personalized Error Bounds,"Security and privacy, Human-centered computing","Security services, Ubiquitous and mobile computing"
'Dynamic_Searchable_Encryption_with_Optimal_Search_in_the_Presence_of_Deletions,Dynamic Searchable Encryption with Optimal Search in the Presence of Deletions,Security and privacy,"Database and storage security, Cryptography"
'Dynamic_Searchable_Encryption_with_Small_Client_Storage,Dynamic Searchable Encryption with Small Client Storage,Security and privacy,"Cryptography, Database and storage security"
'DynPRE_Protocol_Reverse_Engineering_via_Dynamic_Inference,DynPRE Protocol Reverse Engineering via Dynamic Inference,"Security and privacy, Software and its engineering","Network security, Software organization and properties"
'd_DSE_Distinct_Dynamic_Searchable_Encryption_Resisting_Volume_Leakage_in_Encrypted_Databases,d DSE Distinct Dynamic Searchable Encryption Resisting Volume Leakage in Encrypted Databases,Security and privacy,"Database and storage security, Cryptography"
'D_Helix_A_Generic_Decompiler_Testing_Framework_Using_Symbolic_Differentiation,D Helix A Generic Decompiler Testing Framework Using Symbolic Differentiation,"Security and privacy, Computing methodologies","Software and application security, Symbolic and algebraic manipulation"
'EAGLEYE Exposing Hidden Web Interfaces in IoT Devices via Routing Analysis,EAGLEYE Exposing Hidden Web Interfaces in IoT Devices via Routing Analysis,"Security and privacy, Information systems","Software and application security, World Wide Web"
'EASEAndroid_Automatic_Policy_Analysis_and_Refinement_for_Security_Enhanced_Android_via_Large_Scale_Semi_Supervised_Learning,EASEAndroid Automatic Policy Analysis and Refinement for Security Enhanced Android via Large Scale Semi Supervised Learning,"Security and privacy, Computing methodologies","Systems security, Machine learning"
'EASI_Edge_Based_Sender_Identification_on_Resource_Constrained_Platforms_for_Automotive_Networks,EASI Edge Based Sender Identification on Resource Constrained Platforms for Automotive Networks,"Security and privacy, Computer systems organization","Intrusion/anomaly detection and malware mitigation, Embedded and cyber-physical systems"
'Easy As Childs Play An Empirical Study on Age Verification of Adult-Oriented Android Apps,Easy As Childs Play An Empirical Study on Age Verification of Adult Oriented Android Apps,"Security and privacy, Human-centered computing","Software and application security, Ubiquitous and mobile computing"
'EaTVul_ChatGPT_based_Evasion_Attack_Against_Software_Vulnerability_Detection,EaTVul ChatGPT based Evasion Attack Against Software Vulnerability Detection,"Security and privacy, Computing methodologies","Software and application security, Machine learning"
'Eavesdropping_Mobile_App_Activity_via_Radio_Frequency_Energy_Harvesting,Eavesdropping Mobile App Activity via Radio Frequency Energy Harvesting,"Security and privacy, Hardware","Security in hardware, Power and energy"
'Eavesdropping_on_Black_box_Mobile_Devices_via_Audio_Amplifiers_EMR,Eavesdropping on Black box Mobile Devices via Audio Amplifiers EMR,"Security and privacy, Human-centered computing","Security in hardware, Ubiquitous and mobile computing"
'Eavesdropping_on_Controller_Acoustic_Emanation_for_Keystroke_Inference_Attack_in_Virtual_Reality,Eavesdropping on Controller Acoustic Emanation for Keystroke Inference Attack in Virtual Reality,"Security and privacy, Human-centered computing","Security in hardware, Human computer interaction (HCI)"
'ECDSA Key Extraction from Mobile Devices via Nonintrusive Physical Side Channels.,ECDSA Key Extraction from Mobile Devices via Nonintrusive Physical Side Channels.,Security and privacy,"Cryptography, Security in hardware"
'EchoHand High Accuracy and Presentation Attack Resistant Hand Authentication on Commodity Mobile Devices,EchoHand High Accuracy and Presentation Attack Resistant Hand Authentication on Commodity Mobile Devices,"Security and privacy, Computing methodologies","Human and societal aspects of security and privacy, Security services, Artificial intelligence"
'Eclipse_Attacks_on_Bitcoins_Peer_to_Peer_Network,Eclipse Attacks on Bitcoins Peer to Peer Network,"Security and privacy, Networks","Network security, Network types"
'ECMO Peripheral Transplantation to Rehost Embedded Linux Kernels,ECMO Peripheral Transplantation to Rehost Embedded Linux Kernels,Security and privacy,Systems security
'EcoFuzz_Adaptive_Energy_Saving_Greybox_Fuzzing_as_a_Variant_of_the_Adversarial_Multi_Armed_Bandit,EcoFuzz Adaptive Energy Saving Greybox Fuzzing as a Variant of the Adversarial Multi Armed Bandit,"Security and privacy, Computing methodologies","Software and application security, Machine learning"
'Economic Factors of Vulnerability Trade and Exploitation.,Economic Factors of Vulnerability Trade and Exploitation.,Security and privacy,Human and societal aspects of security and privacy
'EC_Embedded_Systems_Compartmentalization_via_Intra-Kernel_Isolation,EC Embedded Systems Compartmentalization via Intra Kernel Isolation,"Security and privacy, Computer systems organization","Systems security, Embedded and cyber-physical systems"
'Edge_Unlearning_is_Not_on_Edge_an_Adaptive_Exact_Unlearning_System_on_Resource-Constrained_Devices,Edge Unlearning is Not on Edge an Adaptive Exact Unlearning System on Resource Constrained Devices,"Security and privacy, Computer systems organization","Database and storage security, Embedded and cyber-physical systems"
'Efail_Breaking_SMIME_and_OpenPGP_Email_Encryption_using_Exfiltration_Channels,Efail Breaking SMIME and OpenPGP Email Encryption using Exfiltration Channels,Security and privacy,"Cryptography, Software and application security"
'Effective and Light-Weight Deobfuscation and Semantic-Aware Attack Detection for PowerShell Scripts.,Effective and Light Weight Deobfuscation and Semantic Aware Attack Detection for PowerShell Scripts.,Security and privacy,"Intrusion/anomaly detection and malware mitigation, Systems security"
'Effective Directed Fuzzing with Hierarchical Scheduling for Web Vulnerability Detection,Effective Directed Fuzzing with Hierarchical Scheduling for Web Vulnerability Detection,"Security and privacy, Software and its engineering","Software and application security, Software creation and management"
'Effective Program Debloating via Reinforcement Learning.,Effective Program Debloating via Reinforcement Learning.,Security and privacy,Software and application security
'Effective Real-Time Android Application Auditing.,Effective Real Time Android Application Auditing.,"Security and privacy, Software and its engineering","Software and application security, Software organization and properties"
'Effective_Detection_of_Multimedia_Protocol_Tunneling_using_Machine_Learning,Effective Detection of Multimedia Protocol Tunneling using Machine Learning,"Security and privacy, Computing methodologies","Intrusion/anomaly detection and malware mitigation, Machine learning"
'Effective_Notification_Campaigns_on_the_Web_A_Matter_of_Trust_Framing_and_Support,Effective Notification Campaigns on the Web A Matter of Trust Framing and Support,"Security and privacy, Human-centered computing","Human and societal aspects of security and privacy, Human computer interaction (HCI)"
'Effective_Seed_Scheduling_for_Fuzzing_with_Graph_Centrality_Analysis,Effective Seed Scheduling for Fuzzing with Graph Centrality Analysis,"Security and privacy, Software and its engineering","Software and application security, Software creation and management"
"'Efficient Genome-Wide, Privacy-Preserving Similar Patient Query based on Private Edit Distance.","Efficient Genome Wide, Privacy Preserving Similar Patient Query based on Private Edit Distance.","Security and privacy, Applied computing","Security services, Life and medical sciences"
'Efficient Multi-Key Homomorphic Encryption with Packed Ciphertexts with Application to Oblivious Neural Network Inference.,Efficient Multi Key Homomorphic Encryption with Packed Ciphertexts with Application to Oblivious Neural Network Inference.,Security and privacy,Cryptography
'Efficient Query-Based Attack against ML-Based Android Malware Detection under Zero Knowledge Setting,Efficient Query Based Attack against ML Based Android Malware Detection under Zero Knowledge Setting,"Security and privacy, Computing methodologies","Intrusion/anomaly detection and malware mitigation, Software and application security, Machine learning"
'Efficient Zero-Knowledge Proofs on Signed Data with Applications to Verifiable Computation on Data Streams,Efficient Zero Knowledge Proofs on Signed Data with Applications to Verifiable Computation on Data Streams,Security and privacy,Cryptography
'Efficient_Differentially_Private_Secure_Aggregation_for_Federated_Learning_via_Hardness_of_Learning_with_Errors,Efficient Differentially Private Secure Aggregation for Federated Learning via Hardness of Learning with Errors,"Security and privacy, Computing methodologies","Security services, Machine learning"
'Efficient_Dynamic_Proof_of_Retrievability_for_Cold_Storage,Efficient Dynamic Proof of Retrievability for Cold Storage,"Security and privacy, Information systems","Database and storage security, Information storage systems"
'Efficient_Privacy_Auditing_in_Federated_Learning,Efficient Privacy Auditing in Federated Learning,"Security and privacy, Computing methodologies","Security services, Machine learning"
'Efficient_Private_Statistics_with_Succinct_Sketches,Efficient Private Statistics with Succinct Sketches,"Security and privacy, Theory of computation","Security services, Design and analysis of algorithms"
'Efficient_Representation_of_Numerical_Optimization_Problems_for_SNARKs,Efficient Representation of Numerical Optimization Problems for SNARKs,"Security and privacy, Mathematics of computing","Cryptography, Mathematical analysis"
'Egg_Hunt_in_Tesla_Infotainment_A_First_Look_at_Reverse_Engineering_of_Qt_Binaries,Egg Hunt in Tesla Infotainment A First Look at Reverse Engineering of Qt Binaries,"Security and privacy, Software and its engineering","Software and application security, Software organization and properties"
'EKHunter_A_Counter_Offensive_Toolkit_for_Exploit_Kit_Infiltration,EKHunter A Counter Offensive Toolkit for Exploit Kit Infiltration,"Security and privacy, Software and its engineering","Intrusion/anomaly detection and malware mitigation, Software organization and properties"
'EL3XIR_Fuzzing_COTS_Secure_Monitors,EL3XIR Fuzzing COTS Secure Monitors,"Security and privacy, Software and its engineering","Systems security, Software creation and management"
'ELASM_Error_Latency_Aware_Scale_Management_for_Fully_Homomorphic_Encryption,ELASM Error Latency Aware Scale Management for Fully Homomorphic Encryption,"Security and privacy, Software and its engineering","Cryptography, Software organization and properties"
'Elephants Do Not Forget Differential Privacy with State Continuity for Privacy Budget,Elephants Do Not Forget Differential Privacy with State Continuity for Privacy Budget,Security and privacy,"Human and societal aspects of security and privacy, Security in hardware"
'ELISE_A_Storage_Efficient_Logging_System_Powered_by_Redundancy_Reduction_and_Representation_Learning,ELISE A Storage Efficient Logging System Powered by Redundancy Reduction and Representation Learning,"Security and privacy, Computing methodologies","Database and storage security, Machine learning"
'ELSA_Secure_Aggregation_for_Federated_Learning_with_Malicious_Actors,ELSA Secure Aggregation for Federated Learning with Malicious Actors,"Security and privacy, Computing methodologies","Security services, Machine learning"
'Eluding Secure Aggregation in Federated Learning via Model Inconsistency,Eluding Secure Aggregation in Federated Learning via Model Inconsistency,Security and privacy,"Software and application security, Security services, Systems security"
'EMIRIS Eavesdropping on Iris Information via Electromagnetic Side Channel,EMIRIS Eavesdropping on Iris Information via Electromagnetic Side Channel,"Security and privacy, Computing methodologies","Security in hardware, Artificial intelligence"
'Empirical_Measurement_of_Systemic_2FA_Usability,Empirical Measurement of Systemic 2FA Usability,"Security and privacy, Human-centered computing","Human and societal aspects of security and privacy, Human computer interaction (HCI)"
'EmPoWeb Empowering Web Applications with Browser Extensions.,EmPoWeb Empowering Web Applications with Browser Extensions.,Security and privacy,"Software and application security, Systems security"
'EMS_History_Driven_Mutation_for_Coverage_based_Fuzzing,EMS History Driven Mutation for Coverage based Fuzzing,"Security and privacy, Software and its engineering","Software and application security, Software creation and management"
'EM_Eye_Characterizing_Electromagnetic_Side_channel_Eavesdropping_on_Embedded_Cameras,EM Eye Characterizing Electromagnetic Side channel Eavesdropping on Embedded Cameras,"Security and privacy, Computer systems organization","Security in hardware, Embedded and cyber-physical systems"
'Enabling Rack-scale Confidential Computing using Heterogeneous Trusted Execution Environment.,Enabling Rack scale Confidential Computing using Heterogeneous Trusted Execution Environment.,"Security and privacy, Computer systems organization","Security in hardware, Architectures"
'Enabling_Contextual_Soft_Moderation_on_Social_Media_through_Contrastive_Textual_Deviation,Enabling Contextual Soft Moderation on Social Media through Contrastive Textual Deviation,"Security and privacy, Computing methodologies","Human and societal aspects of security and privacy, Machine learning"
'Encarsia Evaluating CPU Fuzzers via Automatic Bug Injection,Encarsia Evaluating CPU Fuzzers via Automatic Bug Injection,"Hardware, Security and privacy","Hardware validation, Security in hardware"
'Encrypted Databases_ New Volume Attacks against Range Queries.,Encrypted Databases New Volume Attacks against Range Queries.,Security and privacy,"Cryptography, Database and storage security"
'Encrypted_DNS_Privacy_A_Traffic_Analysis_Perspective,Encrypted DNS Privacy A Traffic Analysis Perspective,"Security and privacy, Networks","Network security, Network protocols"
'Endangered Privacy Large-Scale Monitoring of Video Streaming Services,Endangered Privacy Large Scale Monitoring of Video Streaming Services,Security and privacy,"Network security, Human and societal aspects of security and privacy"
'End_to_End_Measurements_of_Email_Spoofing_Attacks,End to End Measurements of Email Spoofing Attacks,"Security and privacy, Information systems","Security services, World Wide Web"
'End_to_Same_End_Encryption_Modularly_Augmenting_an_App_with_an_Efficient_Portable_and_Blind_Cloud_Storage,End to Same End Encryption Modularly Augmenting an App with an Efficient Portable and Blind Cloud Storage,Security and privacy,"Database and storage security, Cryptography"
'Enforcing Unique Code Target Property for Control-Flow Integrity.,Enforcing Unique Code Target Property for Control Flow Integrity.,Security and privacy,"Systems security, Software and application security"
'EnFuzz_Ensemble_Fuzzing_with_Seed_Synchronization_among_Diverse_Fuzzers,EnFuzz Ensemble Fuzzing with Seed Synchronization among Diverse Fuzzers,"Security and privacy, Software and its engineering","Systems security, Software creation and management"
'Engaging_Company_Developers_in_Security_Research_Studies_A_Comprehensive_Literature_Review_and_Quantitative_Survey,Engaging Company Developers in Security Research Studies A Comprehensive Literature Review and Quantitative Survey,"Security and privacy, Human-centered computing","Human and societal aspects of security and privacy, Human computer interaction (HCI)"
'Engorgio An Arbitrary-Precision Unbounded-Size Hybrid Encrypted Database via Quantized Fully Homomorphic Encryption,Engorgio An Arbitrary Precision Unbounded Size Hybrid Encrypted Database via Quantized Fully Homomorphic Encryption,Security and privacy,"Cryptography, Database and storage security"
'Enhanced Label-Only Membership Inference Attacks with Fewer Queries,Enhanced Label Only Membership Inference Attacks with Fewer Queries,"Security and privacy, Computing methodologies","Security services, Machine learning"
'Enhanced Membership Inference Attacks against Machine Learning Models,Enhanced Membership Inference Attacks against Machine Learning Models,"Security and privacy, Computing methodologies","Database and storage security, Machine learning"
'Enhance_Stealthiness_and_Transferability_of_Adversarial_Attacks_with_Class_Activation_Mapping_Ensemble_Attack,Enhance Stealthiness and Transferability of Adversarial Attacks with Class Activation Mapping Ensemble Attack,"Security and privacy, Computing methodologies","Software and application security, Machine learning"
'Enhancing Security in Third-Party Library Reuse Comprehensive Detection of 1-day Vulnerability through Code Patch Analysis,Enhancing Security in Third Party Library Reuse Comprehensive Detection of 1 day Vulnerability through Code Patch Analysis,"Security and privacy, Software and its engineering","Software and application security, Software creation and management"
'Enhancing State-of-the-art Classifiers with API Semantics to Detect Evolved Android Malware.,Enhancing State of the art Classifiers with API Semantics to Detect Evolved Android Malware.,Security and privacy,"Intrusion/anomaly detection and malware mitigation, Systems security"
'Enhancing_Network_Attack_Detection_with_Distributed_and_In_Network_Data_Collection_System,Enhancing Network Attack Detection with Distributed and In Network Data Collection System,"Security and privacy, Networks","Intrusion/anomaly detection and malware mitigation, Network services"
'Entangled_Watermarks_as_a_Defense_against_Model_Extraction,Entangled Watermarks as a Defense against Model Extraction,"Security and privacy, Computing methodologies","Security services, Machine learning"
'EOSAFE_Security_Analysis_of_EOSIO_Smart_Contracts,EOSAFE Security Analysis of EOSIO Smart Contracts,"Security and privacy, Software and its engineering","Software and application security, Software organization and properties"
'EpicRec_ Towards Practical Differentially Private Framework for Personalized Recommendation.,EpicRec Towards Practical Differentially Private Framework for Personalized Recommendation.,"Security and privacy, Information systems","Security services, Information retrieval"
'EPScan_Automated_Detection_of_Excessive_RBAC_Permissions_in_Kubernetes_Applications,EPScan Automated Detection of Excessive RBAC Permissions in Kubernetes Applications,"Security and privacy, Software and its engineering","Software and application security, Software organization and properties"
'EqualNet_A_Secure_and_Practical_Defense_for_Long_term_Network_Topology_Obfuscation,EqualNet A Secure and Practical Defense for Long term Network Topology Obfuscation,"Security and privacy, Networks","Network security, Network properties"
'Erays_Reverse_Engineering_Ethereums_Opaque_Smart_Contracts,Erays Reverse Engineering Ethereums Opaque Smart Contracts,"Security and privacy, Social and professional topics","Software and application security, Computing / technology policy"
'Erebus_Access_Control_for_Augmented_Reality_Systems,Erebus Access Control for Augmented Reality Systems,"Security and privacy, Human-centered computing","Security services, Human computer interaction (HCI)"
'ERW-Radar An Adaptive Detection System against Evasive Ransomware by Contextual Behavior Detection and Fine-grained Content Analysis,ERW Radar An Adaptive Detection System against Evasive Ransomware by Contextual Behavior Detection and Fine grained Content Analysis,"Security and privacy, Computing methodologies","Intrusion/anomaly detection and malware mitigation, Machine learning"
'Estimating g-Leakage via Machine Learning.,Estimating g Leakage via Machine Learning.,"Security and privacy, Computing methodologies","Formal methods and theory of security, Systems security, Machine learning"
'Estonian_Electronic_Identity_Card_Security_Flaws_in_Key_Management,Estonian Electronic Identity Card Security Flaws in Key Management,Security and privacy,"Cryptography, Human and societal aspects of security and privacy"
'ETHBMC_A_Bounded_Model_Checker_for_Smart_Contracts,ETHBMC A Bounded Model Checker for Smart Contracts,"Security and privacy, Software and its engineering","Formal methods and theory of security, Software organization and properties"
'eThor Practical and Provably Sound Static Analysis of Ethereum Smart Contracts.,eThor Practical and Provably Sound Static Analysis of Ethereum Smart Contracts.,"Security and privacy, Software and its engineering","Formal methods and theory of security, Software organization and properties"
'EUCLEAK_Side-Channel_Attack_on_the_YubiKey_5_Series_Revealing_and_Breaking_Infineon_ECDSA_Implementation_on_the_Way,EUCLEAK Side Channel Attack on the YubiKey 5 Series Revealing and Breaking Infineon ECDSA Implementation on the Way,Security and privacy,"Security in hardware, Cryptography"
'Euler_Detecting_Network_Lateral_Movement_via_Scalable_Temporal_Graph_Link_Prediction,Euler Detecting Network Lateral Movement via Scalable Temporal Graph Link Prediction,"Security and privacy, Computing methodologies","Intrusion/anomaly detection and malware mitigation, Machine learning"
'Evading Classifiers by Morphing in the Dark.,Evading Classifiers by Morphing in the Dark.,"Security and privacy, Computing methodologies","Intrusion/anomaly detection and malware mitigation, Machine learning"
'Evading_Provenance_Based_ML_Detectors_with_Adversarial_System_Actions,Evading Provenance Based ML Detectors with Adversarial System Actions,"Security and privacy, Computing methodologies","Intrusion/anomaly detection and malware mitigation, Machine learning"
'Evaluating LLM-based Personal Information Extraction and Countermeasures,Evaluating LLM based Personal Information Extraction and Countermeasures,"Security and privacy, Computing methodologies","Database and storage security, Artificial intelligence"
'Evaluating Machine Learning-Based IoT Device Identification Models for Security Applications,Evaluating Machine Learning Based IoT Device Identification Models for Security Applications,"Security and privacy, Computing methodologies","Intrusion/anomaly detection and malware mitigation, Machine learning"
'Evaluating the Effectiveness and Robustness of Visual Similarity-based Phishing Detection Models,Evaluating the Effectiveness and Robustness of Visual Similarity based Phishing Detection Models,"Security and privacy, Computing methodologies","Intrusion/anomaly detection and malware mitigation, Machine learning"
'Evaluating_Differentially_Private_Machine_Learning_in_Practice,Evaluating Differentially Private Machine Learning in Practice,"Security and privacy, Computing methodologies","Security services, Machine learning"
'Evaluating_the_Effectiveness_of_Memory_Safety_Sanitizers,Evaluating the Effectiveness of Memory Safety Sanitizers,"Security and privacy, Software and its engineering","Software and application security, Software organization and properties"
'Eva_Efficient_Privacy-Preserving_Proof_of_Authenticity_for_Lossily_Encoded_Videos,Eva Efficient Privacy Preserving Proof of Authenticity for Lossily Encoded Videos,Security and privacy,Cryptography
'EveGuard_Defeating_Vibration-based_Side-Channel_Eavesdropping_with_Audio_Adversarial_Perturbations,EveGuard Defeating Vibration based Side Channel Eavesdropping with Audio Adversarial Perturbations,"Security and privacy, Computing methodologies","Security in hardware, Machine learning"
'EverParse_Verified_Secure_Zero_Copy_Parsers_for_Authenticated_Message_Formats,EverParse Verified Secure Zero Copy Parsers for Authenticated Message Formats,"Security and privacy, Software and its engineering","Formal methods and theory of security, Software notations and tools"
'Everything_Old_is_New_Again_Binary_Security_of_WebAssembly,Everything Old is New Again Binary Security of WebAssembly,"Security and privacy, Software and its engineering","Systems security, Software notations and tools"
'Every_Vote_Counts_Ranking_Based_Training_of_Federated_Learning_to_Resist_Poisoning_Attacks,Every Vote Counts Ranking Based Training of Federated Learning to Resist Poisoning Attacks,"Security and privacy, Computing methodologies","Systems security, Machine learning"
'EVILCOHORT_Detecting_Communities_of_Malicious_Accounts_on_Online_Services,EVILCOHORT Detecting Communities of Malicious Accounts on Online Services,"Security and privacy, Information systems","Intrusion/anomaly detection and malware mitigation, World Wide Web"
'EvilHarmony_Stealthy_Adversarial_Attacks_Against_Black-Box_Speech_Recognition_Systems,EvilHarmony Stealthy Adversarial Attacks Against Black Box Speech Recognition Systems,"Security and privacy, Computing methodologies","Software and application security, Artificial intelligence"
'Evil_Under_the_Sun_Understanding_and_Discovering_Attacks_on_Ethereum_Decentralized_Applications,Evil Under the Sun Understanding and Discovering Attacks on Ethereum Decentralized Applications,"Security and privacy, Computing methodologies","Software and application security, Machine learning"
'EVMPatch_Timely_and_Automated_Patching_of_Ethereum_Smart_Contracts,EVMPatch Timely and Automated Patching of Ethereum Smart Contracts,"Security and privacy, Software and its engineering","Software and application security, Software creation and management"
'EVOKE_Efficient_Revocation_of_Verifiable_Credentials_in_IoT_Networks,EVOKE Efficient Revocation of Verifiable Credentials in IoT Networks,Security and privacy,"Security services, Cryptography"
'Exaggerated Error Handling Hurts! An In-Depth Study and Context-Aware Detection.,Exaggerated Error Handling Hurts! An In Depth Study and Context Aware Detection.,Security and privacy,Systems security
'Examining Mirai's Battle over the Internet of Things.,Examining Mirai's Battle over the Internet of Things.,Security and privacy,"Network security, Intrusion/anomaly detection and malware mitigation"
'Examining_Consumer_Reviews_to_Understand_Security_and_Privacy_Issues_in_the_Market_of_Smart_Home_Devices,Examining Consumer Reviews to Understand Security and Privacy Issues in the Market of Smart Home Devices,"Security and privacy, Human-centered computing","Human and societal aspects of security and privacy, Human computer interaction (HCI)"
'Exorcising_Wraith_Protecting_LiDAR_based_Object_Detector_in_Automated_Driving_System_from_Appearing_Attacks,Exorcising Wraith Protecting LiDAR based Object Detector in Automated Driving System from Appearing Attacks,"Security and privacy, Computing methodologies","Intrusion/anomaly detection and malware mitigation, Machine learning"
'Expected_Exploitability_Predicting_the_Development_of_Functional_Vulnerability_Exploits,Expected Exploitability Predicting the Development of Functional Vulnerability Exploits,"Security and privacy, Computing methodologies","Systems security, Machine learning"
'Experiences_Deploying_Multi_Vantage_Point_Domain_Validation_at_Lets_Encrypt,Experiences Deploying Multi Vantage Point Domain Validation at Lets Encrypt,"Security and privacy, Networks","Network security, Network performance evaluation"
'Experimental_Analyses_of_the_Physical_Surveillance_Risks_in_Client_Side_Content_Scanning,Experimental Analyses of the Physical Surveillance Risks in Client Side Content Scanning,Security and privacy,"Software and application security, Human and societal aspects of security and privacy"
'Experimenting_with_Collaborative_zk_SNARKs_Zero_Knowledge_Proofs_for_Distributed_Secrets,Experimenting with Collaborative zk SNARKs Zero Knowledge Proofs for Distributed Secrets,"Security and privacy, Computing methodologies","Cryptography, Distributed computing methodologies"
'Expert Insights into Advanced Persistent Threats Analysis Attribution and Challenges,Expert Insights into Advanced Persistent Threats Analysis Attribution and Challenges,Security and privacy,"Intrusion/anomaly detection and malware mitigation, Human and societal aspects of security and privacy"
'Explanation as a Watermark Towards Harmless and Multi-bit Model Ownership Verification via Watermarking Feature Attribution,Explanation as a Watermark Towards Harmless and Multi bit Model Ownership Verification via Watermarking Feature Attribution,"Security and privacy, Computing methodologies","Software and application security, Machine learning"
'Explanation_Guided_Backdoor_Poisoning_Attacks_Against_Malware_Classifiers,Explanation Guided Backdoor Poisoning Attacks Against Malware Classifiers,"Security and privacy, Computing methodologies","Intrusion/anomaly detection and malware mitigation, Machine learning"
'Exploiting Temporal Dynamics in Sybil Defenses.,Exploiting Temporal Dynamics in Sybil Defenses.,"Security and privacy, Social and professional topics","Network security, Computing / technology policy, Security services"
'Exploiting Unintended Feature Leakage in Collaborative Learning.,Exploiting Unintended Feature Leakage in Collaborative Learning.,"Security and privacy, Computing methodologies","Security services, Machine learning"
'Exploiting_Leakage_in_Password_Managers_via_Injection_Attacks,Exploiting Leakage in Password Managers via Injection Attacks,"Security and privacy, Information systems","Software and application security, World Wide Web"
'Exploring User Perceptions of Security Auditing in the Web3 Ecosystem,Exploring User Perceptions of Security Auditing in the Web3 Ecosystem,"Security and privacy, Human-centered computing","Human and societal aspects of security and privacy, Human computer interaction (HCI)"
'Exploring_ChatGPTs_Capabilities_on_Vulnerability_Management,Exploring ChatGPTs Capabilities on Vulnerability Management,"Security and privacy, Computing methodologies","Systems security, Artificial intelligence"
'Exploring_Connections_Between_Active_Learning_and_Model_Extraction,Exploring Connections Between Active Learning and Model Extraction,"Security and privacy, Computing methodologies","Software and application security, Machine learning"
'Exploring_Covert_Third_party_Identifiers_through_External_Storage_in_the_Android_New_Era,Exploring Covert Third party Identifiers through External Storage in the Android New Era,"Security and privacy, Human-centered computing","Database and storage security, Ubiquitous and mobile computing"
'Exploring_digital_security_and_privacy_in_relative_poverty_in_Germany_through_qualitative_interviews,Exploring digital security and privacy in relative poverty in Germany through qualitative interviews,"Security and privacy, Human-centered computing","Human and societal aspects of security and privacy, Human computer interaction (HCI)"
'Exploring_Parent-Child_Perceptions_on_Safety_in_Generative_AI_Concerns_Mitigation_Strategies_and_Design_Implications,Exploring Parent Child Perceptions on Safety in Generative AI Concerns Mitigation Strategies and Design Implications,"Security and privacy, Human-centered computing","Human and societal aspects of security and privacy, Human computer interaction (HCI)"
'Exploring_Tenants_Preferences_of_Privacy_Negotiation_in_Airbnb,Exploring Tenants Preferences of Privacy Negotiation in Airbnb,"Security and privacy, Human-centered computing","Human and societal aspects of security and privacy, Human computer interaction (HCI)"
'Exploring_the_Security_Boundary_of_Data_Reconstruction_via_Neuron_Exclusivity_Analysis,Exploring the Security Boundary of Data Reconstruction via Neuron Exclusivity Analysis,"Security and privacy, Computing methodologies","Database and storage security, Machine learning"
'Exploring_the_Unknown_DTLS_Universe_Analysis_of_the_DTLS_Server_Ecosystem_on_the_Internet,Exploring the Unknown DTLS Universe Analysis of the DTLS Server Ecosystem on the Internet,"Security and privacy, Networks","Network security, Network protocols"
'Exploring_User_Perceptions_of_Discrimination_in_Online_Targeted_Advertising,Exploring User Perceptions of Discrimination in Online Targeted Advertising,"Security and privacy, Human-centered computing","Human and societal aspects of security and privacy, Human computer interaction (HCI)"
'Exposing the Guardrails Reverse-Engineering and Jailbreaking Safety Filters in DALLE Text-to-Image Pipelines,Exposing the Guardrails Reverse Engineering and Jailbreaking Safety Filters in DALLE Text to Image Pipelines,"Security and privacy, Computing methodologies","Systems security, Machine learning"
'Exposing the Rat in the Tunnel Using Traffic Analysis for Tor-based Malware Detection,Exposing the Rat in the Tunnel Using Traffic Analysis for Tor based Malware Detection,Security and privacy,"Intrusion/anomaly detection and malware mitigation, Security services"
'Extended_Hello_A_Comprehensive_Large_Scale_Study_on_Email_Confidentiality_and_Integrity_Mechanisms_in_the_Wild,Extended Hello A Comprehensive Large Scale Study on Email Confidentiality and Integrity Mechanisms in the Wild,Security and privacy,"Network security, Security services"
'Extension_Breakdown_Security_Analysis_of_Browsers_Extension_Resources_Control_Policies,Extension Breakdown Security Analysis of Browsers Extension Resources Control Policies,"Security and privacy, Information systems","Systems security, World Wide Web"
'Extracting_Training_Data_from_Diffusion_Models,Extracting Training Data from Diffusion Models,"Security and privacy, Computing methodologies","Database and storage security, Machine learning"
'Extracting_Training_Data_from_Large_Language_Models,Extracting Training Data from Large Language Models,"Security and privacy, Computing methodologies","Security services, Machine learning"
'Extract_Me_If_You_Can_Abusing_PDF_Parsers_in_Malware_Detectors,Extract Me If You Can Abusing PDF Parsers in Malware Detectors,"Security and privacy, Software and its engineering","Intrusion/anomaly detection and malware mitigation, Software notations and tools"
'Eyes_on_your_Typing_Snooping_Finger_Motions_on_Virtual_Keyboards,Eyes on your Typing Snooping Finger Motions on Virtual Keyboards,"Security and privacy, Human-centered computing","Human and societal aspects of security and privacy, Human computer interaction (HCI)"
'Eye_Shield_Real_Time_Protection_of_Mobile_Device_Screen_Information_from_Shoulder_Surfing,Eye Shield Real Time Protection of Mobile Device Screen Information from Shoulder Surfing,"Security and privacy, Human-centered computing","Human and societal aspects of security and privacy, Ubiquitous and mobile computing"
'F-BLEAU Fast Black-Box Leakage Estimation.,F BLEAU Fast Black Box Leakage Estimation.,"Security and privacy, Computing methodologies","Formal methods and theory of security, Machine learning"
'FaceObfuscator_Defending_Deep_Learning_based_Privacy_Attacks_with_Gradient_Descent_resistant_Features_in_Face_Recognition,FaceObfuscator Defending Deep Learning based Privacy Attacks with Gradient Descent resistant Features in Face Recognition,"Security and privacy, Computing methodologies","Security services, Artificial intelligence"
'FaceReader Unobtrusively Mining Vital Signs and Vital Sign Embedded Sensitive Info via AR VR Motion Sensors,FaceReader Unobtrusively Mining Vital Signs and Vital Sign Embedded Sensitive Info via AR VR Motion Sensors,Security and privacy,Security in hardware
'FACE_AUDITOR_Data_Auditing_in_Facial_Recognition_Systems,FACE AUDITOR Data Auditing in Facial Recognition Systems,"Security and privacy, Computing methodologies","Security services, Artificial intelligence"
'Face_Flashing_a_Secure_Liveness_Detection_Protocol_based_on_Light_Reflections,Face Flashing a Secure Liveness Detection Protocol based on Light Reflections,"Security and privacy, Computing methodologies","Security services, Artificial intelligence"
'Face_Off_ Preventing Privacy Leakage From Photos in Social Networks.,Face Off Preventing Privacy Leakage From Photos in Social Networks.,Security and privacy,"Software and application security, Human and societal aspects of security and privacy"
'Fact_Saboteurs_A_Taxonomy_of_Evidence_Manipulation_Attacks_against_Fact_Verification_Systems,Fact Saboteurs A Taxonomy of Evidence Manipulation Attacks against Fact Verification Systems,"Security and privacy, Computing methodologies","Software and application security, Machine learning"
'Fairness_Properties_of_Face_Recognition_and_Obfuscation_Systems,Fairness Properties of Face Recognition and Obfuscation Systems,"Security and privacy, Computing methodologies","Security services, Artificial intelligence"
'FairZK_A_Scalable_System_to_Prove_Machine_Learning_Fairness_in_Zero-Knowledge,FairZK A Scalable System to Prove Machine Learning Fairness in Zero Knowledge,"Security and privacy, Computing methodologies","Cryptography, Machine learning"
'FakeWake Understanding and Mitigating Fake Wake-up Words of Voice Assistants,FakeWake Understanding and Mitigating Fake Wake up Words of Voice Assistants,"Security and privacy, Computing methodologies, Human-centered computing","Human and societal aspects of security and privacy, Artificial intelligence, Ubiquitous and mobile computing"
'Fake_Co_visitation_Injection_Attacks_to_Recommender_Systems,Fake Co visitation Injection Attacks to Recommender Systems,"Security and privacy, Information systems","Software and application security, Information retrieval"
'False_Claims_against_Model_Ownership_Resolution,False Claims against Model Ownership Resolution,"Security and privacy, Computing methodologies","Software and application security, Machine learning"
'FAMOS_Robust_Privacy_Preserving_Authentication_on_Payment_Apps_via_Federated_Multi_Modal_Contrastive_Learning,FAMOS Robust Privacy Preserving Authentication on Payment Apps via Federated Multi Modal Contrastive Learning,"Security and privacy, Computing methodologies","Security services, Machine learning"
'FANCI_Feature_based_Automated_NXDomain_Classification_and_Intelligence,FANCI Feature based Automated NXDomain Classification and Intelligence,"Security and privacy, Computing methodologies","Intrusion/anomaly detection and malware mitigation, Machine learning"
'Fantastic_Four_Honest_Majority_Four_Party_Secure_Computation_With_Malicious_Security,Fantastic Four Honest Majority Four Party Secure Computation With Malicious Security,"Security and privacy, Theory of computation","Cryptography, Computational complexity and cryptography"
'FARE_Enabling_Fine_grained_Attack_Categorization_under_Low_quality_Labeled_Data,FARE Enabling Fine grained Attack Categorization under Low quality Labeled Data,"Security and privacy, Computing methodologies","Intrusion/anomaly detection and malware mitigation, Machine learning"
'Fast Database Joins and PSI for Secret Shared Data.,Fast Database Joins and PSI for Secret Shared Data.,Security and privacy,Cryptography
'Fast Private Set Intersection from Homomorphic Encryption.,Fast Private Set Intersection from Homomorphic Encryption.,Security and privacy,Cryptography
'Faster_and_Better_Detecting_Vulnerabilities_in_Linux_based_IoT_Firmware_with_Optimized_Reaching_Definition_Analysis,Faster and Better Detecting Vulnerabilities in Linux based IoT Firmware with Optimized Reaching Definition Analysis,"Security and privacy, Software and its engineering","Systems security, Software organization and properties"
'Faster_Secure_Comparisons_with_Offline_Phase_for_Efficient_Private_Set_Intersection,Faster Secure Comparisons with Offline Phase for Efficient Private Set Intersection,"Security and privacy, Theory of computation","Cryptography, Design and analysis of algorithms"
'Fast_and_Private_Inference_of_Deep_Neural_Networks_by_Co_designing_Activation_Functions,Fast and Private Inference of Deep Neural Networks by Co designing Activation Functions,"Security and privacy, Computing methodologies","Security services, Machine learning"
'Fast_Lean_and_Accurate_Modeling_Password_Guessability_Using_Neural_Networks,Fast Lean and Accurate Modeling Password Guessability Using Neural Networks,"Security and privacy, Computing methodologies","Security services, Machine learning"
'Fawkes_Protecting_Privacy_against_Unauthorized_Deep_Learning_Models,Fawkes Protecting Privacy against Unauthorized Deep Learning Models,"Security and privacy, Computing methodologies","Human and societal aspects of security and privacy, Machine learning"
'FBS_Radar_Uncovering_Fake_Base_Stations_at_Scale_in_the_Wild,FBS Radar Uncovering Fake Base Stations at Scale in the Wild,"Security and privacy, Networks","Network security, Network components"
'Fear_and_Logging_in_the_Internet_of_Things,Fear and Logging in the Internet of Things,Security and privacy,Intrusion/anomaly detection and malware mitigation
'Fear_the_Reaper_Characterization_and_Fast_Detection_of_Card_Skimmers,Fear the Reaper Characterization and Fast Detection of Card Skimmers,Security and privacy,"Intrusion/anomaly detection and malware mitigation, Security in hardware"
'FEASE_Fast_and_Expressive_Asymmetric_Searchable_Encryption,FEASE Fast and Expressive Asymmetric Searchable Encryption,"Security and privacy, Information systems","Cryptography, Information retrieval"
'FeatureSmith Automatically Engineering Features for Malware Detection by Mining the Security Literature.,FeatureSmith Automatically Engineering Features for Malware Detection by Mining the Security Literature.,"Security and privacy, Computing methodologies","Intrusion/anomaly detection and malware mitigation, Machine learning"
'Feature_Squeezing_Detecting_Adversarial_Examples_in_Deep_Neural_Networks,Feature Squeezing Detecting Adversarial Examples in Deep Neural Networks,"Security and privacy, Computing methodologies","Intrusion/anomaly detection and malware mitigation, Machine learning"
'FedCRI Federated Mobile Cyber-Risk Intelligence,FedCRI Federated Mobile Cyber Risk Intelligence,"Security and privacy, Computing methodologies","Intrusion/anomaly detection and malware mitigation, Machine learning"
'FedVal_Different_good_or_different_bad_in_federated_learning,FedVal Different good or different bad in federated learning,"Security and privacy, Computing methodologies","Intrusion/anomaly detection and malware mitigation, Machine learning"
'FenceSitter,FenceSitter,"Theory of computation, Computing methodologies","Theory and algorithms for application domains, Artificial intelligence"
'Ferry_State_Aware_Symbolic_Execution_for_Exploring_State_Dependent_Program_Paths,Ferry State Aware Symbolic Execution for Exploring State Dependent Program Paths,"Security and privacy, Software and its engineering","Software and application security, Software organization and properties"
'Fighting Fire with Fire Continuous Attack for Adversarial Android Malware Detection,Fighting Fire with Fire Continuous Attack for Adversarial Android Malware Detection,"Security and privacy, Computing methodologies","Intrusion/anomaly detection and malware mitigation, Machine learning"
'Fight_Fire_with_Fire_Combating_Adversarial_Patch_Attacks_using_Pattern-randomized_Defensive_Patches,Fight Fire with Fire Combating Adversarial Patch Attacks using Pattern randomized Defensive Patches,"Security and privacy, Computing methodologies","Intrusion/anomaly detection and malware mitigation, Machine learning"
'File_Hijacking_Vulnerability_The_Elephant_in_the_Room,File Hijacking Vulnerability The Elephant in the Room,"Security and privacy, Software and its engineering","Systems security, Software organization and properties"
'Fill in the Blanks Empirical Analysis of the Privacy Threats of Browser Form Autofill.,Fill in the Blanks Empirical Analysis of the Privacy Threats of Browser Form Autofill.,Security and privacy,Systems security
'Finding_and_Preventing_Bugs_in_JavaScript_Bindings,Finding and Preventing Bugs in JavaScript Bindings,"Security and privacy, Software and its engineering","Software and application security, Software organization and properties"
'Finding_Clues_for_Your_Secrets_Semantics_Driven_Learning_Based_Privacy_Discovery_in_Mobile_Apps,Finding Clues for Your Secrets Semantics Driven Learning Based Privacy Discovery in Mobile Apps,"Security and privacy, Computing methodologies","Software and application security, Machine learning"
'Finding_Unknown_Malice_in_10_Seconds_Mass_Vetting_for_New_Threats_at_the_Google_Play_Scale,Finding Unknown Malice in 10 Seconds Mass Vetting for New Threats at the Google Play Scale,"Security and privacy, Software and its engineering","Intrusion/anomaly detection and malware mitigation, Software organization and properties"
'FINER Enhancing State-of-the-art Classifiers with Feature Attribution to Facilitate Security Analysis,FINER Enhancing State of the art Classifiers with Feature Attribution to Facilitate Security Analysis,Security and privacy,Software and application security
'Fine_grained_Poisoning_Attack_to_Local_Differential_Privacy_Protocols_for_Mean_and_Variance_Estimation,Fine grained Poisoning Attack to Local Differential Privacy Protocols for Mean and Variance Estimation,"Security and privacy, Mathematics of computing","Security services, Probability and statistics"
'Fine_Grained_Trackability_in_Protocol_Executions,Fine Grained Trackability in Protocol Executions,"Security and privacy, Networks","Formal methods and theory of security, Network protocols"
'Fingerprinting_in_Style_Detecting_Browser_Extensions_via_Injected_Style_Sheets,Fingerprinting in Style Detecting Browser Extensions via Injected Style Sheets,Security and privacy,"Systems security, Human and societal aspects of security and privacy"
'Fingerprinting_Obfuscated_Proxy_Traffic_with_Encapsulated_TLS_Handshakes,Fingerprinting Obfuscated Proxy Traffic with Encapsulated TLS Handshakes,Security and privacy,"Network security, Intrusion/anomaly detection and malware mitigation"
'Fingerprinting_the_Fingerprinters_Learning_to_Detect_Browser_Fingerprinting_Behaviors,Fingerprinting the Fingerprinters Learning to Detect Browser Fingerprinting Behaviors,"Security and privacy, Computing methodologies","Intrusion/anomaly detection and malware mitigation, Machine learning"
'FIRE_Combining_Multi_Stage_Filtering_with_Taint_Analysis_for_Scalable_Recurring_Vulnerability_Detection,FIRE Combining Multi Stage Filtering with Taint Analysis for Scalable Recurring Vulnerability Detection,"Security and privacy, Software and its engineering","Software and application security, Software creation and management"
'Firmrca_Towards_Post-Fuzzing_Analysis_on_ARM_Embedded_Firmware_with_Efficient_Event-Based_Fault_Localization,Firmrca Towards Post Fuzzing Analysis on ARM Embedded Firmware with Efficient Event Based Fault Localization,"Security and privacy, Computer systems organization","Software and application security, Embedded and cyber-physical systems"
'FIRMSCOPE_Automatic_Uncovering_of_Privilege_Escalation_Vulnerabilities_in_Pre_Installed_Apps_in_Android_Firmware,FIRMSCOPE Automatic Uncovering of Privilege Escalation Vulnerabilities in Pre Installed Apps in Android Firmware,"Security and privacy, Software and its engineering","Software and application security, Software organization and properties"
'FirmSolo_Enabling_dynamic_analysis_of_binary_Linux_based_IoT_kernel_modules,FirmSolo Enabling dynamic analysis of binary Linux based IoT kernel modules,"Security and privacy, Software and its engineering","Systems security, Software organization and properties"
'FirmWire_Transparent_Dynamic_Analysis_for_Cellular_Baseband_Firmware,FirmWire Transparent Dynamic Analysis for Cellular Baseband Firmware,"Security and privacy, Computer systems organization","Systems security, Embedded and cyber-physical systems"
'FirmXRay Detecting Bluetooth Link Layer Vulnerabilities From Bare-Metal Firmware.,FirmXRay Detecting Bluetooth Link Layer Vulnerabilities From Bare Metal Firmware.,"Security and privacy, Social and professional topics","Security in hardware, Network security, Computing / technology policy"
'FIRM_AFL_High_Throughput_Greybox_Fuzzing_of_IoT_Firmware_via_Augmented_Process_Emulation,FIRM AFL High Throughput Greybox Fuzzing of IoT Firmware via Augmented Process Emulation,"Security and privacy, Computer systems organization","Systems security, Embedded and cyber-physical systems"
'FISHFUZZ_Catch_Deeper_Bugs_by_Throwing_Larger_Nets,FISHFUZZ Catch Deeper Bugs by Throwing Larger Nets,"Security and privacy, Software and its engineering","Software and application security, Software creation and management"
'Five Years of the Right to be Forgotten.,Five Years of the Right to be Forgotten.,Security and privacy,Human and societal aspects of security and privacy
'FIXREVERTER_A_Realistic_Bug_Injection_Methodology_for_Benchmarking_Fuzz_Testing,FIXREVERTER A Realistic Bug Injection Methodology for Benchmarking Fuzz Testing,"Security and privacy, Software and its engineering","Software and application security, Software creation and management"
'FIXX FInding eXploits from eXamples,FIXX FInding eXploits from eXamples,"Security and privacy, Software and its engineering","Software and application security, Software organization and properties"
'FLAME_Taming_Backdoors_in_Federated_Learning,FLAME Taming Backdoors in Federated Learning,"Security and privacy, Computing methodologies","Intrusion/anomaly detection and malware mitigation, Machine learning"
'Flamingo_Multi-Round_Single-Server_Secure_Aggregation_with_Applications_to_Private_Federated_Learning,Flamingo Multi Round Single Server Secure Aggregation with Applications to Private Federated Learning,"Security and privacy, Computing methodologies","Cryptography, Machine learning"
'FlashGuard_ Leveraging Intrinsic Flash Properties to Defend Against Encryption Ransomware.,FlashGuard Leveraging Intrinsic Flash Properties to Defend Against Encryption Ransomware.,Security and privacy,"Systems security, Security in hardware"
'Flawed_but_like_democracy_we_dont_have_a_better_system_The_Experts_Insights_on_the_Peer_Review_Process_of_Evaluating_Security_Papers,Flawed but like democracy we dont have a better system The Experts Insights on the Peer Review Process of Evaluating Security Papers,"Security and privacy, Social and professional topics","Human and societal aspects of security and privacy, Computing profession"
'Fledging_Will_Continue_Until_Privacy_Improves_Empirical_Analysis_of_Googles_Privacy_Preserving_Targeted_Advertising,Fledging Will Continue Until Privacy Improves Empirical Analysis of Googles Privacy Preserving Targeted Advertising,"Security and privacy, Information systems","Human and societal aspects of security and privacy, World Wide Web"
'FLEXDROID_Enforcing_In_App_Privilege_Separation_in_Android,FLEXDROID Enforcing In App Privilege Separation in Android,Security and privacy,"Systems security, Security in hardware"
'Flexsealing_BGP_Against_Route_Leaks_Peerlock_Active_Measurement_and_Analysis,Flexsealing BGP Against Route Leaks Peerlock Active Measurement and Analysis,"Security and privacy, Networks","Network security, Network protocols"
'FlowCog_Context_aware_Semantics_Extraction_and_Analysis_of_Information_Flow_Leaks_in_Android_Apps,FlowCog Context aware Semantics Extraction and Analysis of Information Flow Leaks in Android Apps,"Security and privacy, Software and its engineering","Systems security, Software organization and properties"
'FlowDist_Multi_Staged_Refinement_Based_Dynamic_Information_Flow_Analysis_for_Distributed_Software_Systems,FlowDist Multi Staged Refinement Based Dynamic Information Flow Analysis for Distributed Software Systems,"Security and privacy, Software and its engineering","Systems security, Software organization and properties"
'FlowLens_Enabling_Efficient_Flow_Classification_for_ML_based_Network_Security_Applications,FlowLens Enabling Efficient Flow Classification for ML based Network Security Applications,"Security and privacy, Computing methodologies","Intrusion/anomaly detection and malware mitigation, Machine learning"
'FlowMatrix_GPU_Assisted_Information_Flow_Analysis_through_Matrix_Based_Representation,FlowMatrix GPU Assisted Information Flow Analysis through Matrix Based Representation,"Security and privacy, Computing methodologies","Systems security, Parallel computing methodologies"
'FlowPrint_Semi_Supervised_Mobile_App_Fingerprinting_on_Encrypted_Network_Traffic,FlowPrint Semi Supervised Mobile App Fingerprinting on Encrypted Network Traffic,"Security and privacy, Computing methodologies","Network security, Machine learning"
'FlowWatcher Defending against Data Disclosure Vulnerabilities in Web Applications.,FlowWatcher Defending against Data Disclosure Vulnerabilities in Web Applications.,Security and privacy,Security services
'Flow_Correlation_Attacks_on_Tor_Onion_Service_Sessions_with_Sliding_Subset_Sum,Flow Correlation Attacks on Tor Onion Service Sessions with Sliding Subset Sum,"Security and privacy, Networks","Network security, Network performance evaluation"
'FLTrust_Byzantine_robust_Federated_Learning_via_Trust_Bootstrapping,FLTrust Byzantine robust Federated Learning via Trust Bootstrapping,"Security and privacy, Computing methodologies","Systems security, Machine learning"
'FOAP_Fine_Grained_Open_World_Android_App_Fingerprinting,FOAP Fine Grained Open World Android App Fingerprinting,"Security and privacy, Computing methodologies","Network security, Machine learning"
'Focusing_on_Pinocchios_Nose_A_Gradients_Scrutinizer_to_Thwart_Split_Learning_Hijacking_Attacks_Using_Intrinsic_Attributes,Focusing on Pinocchios Nose A Gradients Scrutinizer to Thwart Split Learning Hijacking Attacks Using Intrinsic Attributes,"Security and privacy, Computing methodologies","Intrusion/anomaly detection and malware mitigation, Machine learning"
'Following Devils Footprint Towards Real-time Detection of Price Manipulation Attacks,Following Devils Footprint Towards Real time Detection of Price Manipulation Attacks,"Security and privacy, Software and its engineering","Intrusion/anomaly detection and malware mitigation, Software organization and properties"
'Following_Devils_Footprints_Cross-Platform_Analysis_of_Potentially_Harmful_Libraries_on_Android_and_iOS,Following Devils Footprints Cross Platform Analysis of Potentially Harmful Libraries on Android and iOS,"Security and privacy, Software and its engineering","Intrusion/anomaly detection and malware mitigation, Software organization and properties"
'Follow_My_Flow_Unveiling_Client-Side_Prototype_Pollution_Gadgets_from_One_Million_Real-World_Websites,Follow My Flow Unveiling Client Side Prototype Pollution Gadgets from One Million Real World Websites,"Security and privacy, Information systems","Software and application security, World Wide Web"
'Fooling_the_Eyes_of_Autonomous_Vehicles_Robust_Physical_Adversarial_Examples_Against_Traffic_Sign_Recognition_Systems,Fooling the Eyes of Autonomous Vehicles Robust Physical Adversarial Examples Against Traffic Sign Recognition Systems,"Security and privacy, Computing methodologies","Software and application security, Machine learning"
'Forecasting_Malware_Capabilities_From_Cyber_Attack_Memory_Images,Forecasting Malware Capabilities From Cyber Attack Memory Images,"Security and privacy, Computing methodologies","Intrusion/anomaly detection and malware mitigation, Machine learning"
'Forensic_Analysis_of_Configuration_based_Attacks,Forensic Analysis of Configuration based Attacks,"Security and privacy, Software and its engineering","Systems security, Software organization and properties"
'Forgetting_of_Passwords_Ecological_Theory_and_Data,Forgetting of Passwords Ecological Theory and Data,"Security and privacy, Human-centered computing","Human and societal aspects of security and privacy, Human computer interaction (HCI)"
'Forget_and_Rewire_Enhancing_the_Resilience_of_Transformer_based_Models_against_Bit_Flip_Attacks,Forget and Rewire Enhancing the Resilience of Transformer based Models against Bit Flip Attacks,"Security and privacy, Computing methodologies","Security in hardware, Machine learning"
'Formalizing_and_Benchmarking_Prompt_Injection_Attacks_and_Defenses,Formalizing and Benchmarking Prompt Injection Attacks and Defenses,Security and privacy,"Software and application security, Intrusion/anomaly detection and malware mitigation"
'Formal_Security_Analysis_of_Neural_Networks_using_Symbolic_Intervals,Formal Security Analysis of Neural Networks using Symbolic Intervals,"Security and privacy, Computing methodologies","Formal methods and theory of security, Machine learning"
'Forward Secure Dynamic Searchable Symmetric Encryption with Efficient Updates.,Forward Secure Dynamic Searchable Symmetric Encryption with Efficient Updates.,Security and privacy,Database and storage security
'Forward_and_Backward_Private_Conjunctive_Searchable_Symmetric_Encryption,Forward and Backward Private Conjunctive Searchable Symmetric Encryption,"Security and privacy, Information systems","Database and storage security, Information retrieval"
'Fourteen_Years_in_the_Life_A_Root_Servers_Perspective_on_DNS_Resolver_Security,Fourteen Years in the Life A Root Servers Perspective on DNS Resolver Security,"Security and privacy, Networks","Network security, Network services"
'FP-STALKER Tracking Browser Fingerprint Evolutions.,FP STALKER Tracking Browser Fingerprint Evolutions.,"Security and privacy, Information systems","Human and societal aspects of security and privacy, World Wide Web"
'FP_Fed_Privacy_Preserving_Federated_Detection_of_Browser_Fingerprinting,FP Fed Privacy Preserving Federated Detection of Browser Fingerprinting,"Security and privacy, Computing methodologies","Security services, Machine learning"
'Fp_Scanner_The_Privacy_Implications_of_Browser_Fingerprint_Inconsistencies,Fp Scanner The Privacy Implications of Browser Fingerprint Inconsistencies,"Security and privacy, Information systems","Human and societal aspects of security and privacy, World Wide Web"
'Fraud De-Anonymization for Fun and Profit.,Fraud De Anonymization for Fun and Profit.,"Security and privacy, Information systems","Software and application security, Human and societal aspects of security and privacy, World Wide Web"
'FraudWhistler_A_Resilient_Robust_and_Plug_and_play_Adversarial_Example_Detection_Method_for_Speaker_Recognition,FraudWhistler A Resilient Robust and Plug and play Adversarial Example Detection Method for Speaker Recognition,"Security and privacy, Computing methodologies","Intrusion/anomaly detection and malware mitigation, Machine learning"
'Freaky_Leaky_SMS_Extracting_User_Locations_by_Analyzing_SMS_Timings,Freaky Leaky SMS Extracting User Locations by Analyzing SMS Timings,Security and privacy,"Network security, Human and societal aspects of security and privacy"
'FreeEagle_Detecting_Complex_Neural_Trojans_in_Data_Free_Cases,FreeEagle Detecting Complex Neural Trojans in Data Free Cases,"Security and privacy, Computing methodologies","Intrusion/anomaly detection and malware mitigation, Machine learning"
'Freely Given Consent Studying Consent Notice of Third-Party Tracking and Its Violations of GDPR in Android Apps,Freely Given Consent Studying Consent Notice of Third Party Tracking and Its Violations of GDPR in Android Apps,"Security and privacy, General and reference","Human and societal aspects of security and privacy, Cross-computing tools and techniques"
'FreeWill_Automatically_Diagnosing_Use_after_free_Bugs_via_Reference_Miscounting_Detection_on_Binaries,FreeWill Automatically Diagnosing Use after free Bugs via Reference Miscounting Detection on Binaries,"Security and privacy, Software and its engineering","Software and application security, Software creation and management"
'Freezing_the_Web_A_Study_of_ReDoS_Vulnerabilities_in_JavaScript_based_Web_Servers,Freezing the Web A Study of ReDoS Vulnerabilities in JavaScript based Web Servers,"Security and privacy, Information systems","Software and application security, World Wide Web"
'Free_for_All_Assessing_User_Data_Exposure_to_Advertising_Libraries_on_Android,Free for All Assessing User Data Exposure to Advertising Libraries on Android,"Security and privacy, Human-centered computing","Systems security, Ubiquitous and mobile computing"
'FreqFed_A_Frequency_Analysis_Based_Approach_for_Mitigating_Poisoning_Attacks_in_Federated_Learning,FreqFed A Frequency Analysis Based Approach for Mitigating Poisoning Attacks in Federated Learning,"Security and privacy, Computing methodologies","Intrusion/anomaly detection and malware mitigation, Machine learning"
'Frequency Throttling Side-Channel Attack,Frequency Throttling Side Channel Attack,Security and privacy,Security in hardware
'Frequency-Hiding Order-Preserving Encryption.,Frequency Hiding Order Preserving Encryption.,Security and privacy,"Cryptography, Database and storage security"
'From Facepalm to Brain Bender Exploring Client-Side Cross-Site Scripting.,From Facepalm to Brain Bender Exploring Client Side Cross Site Scripting.,"Security and privacy, Information systems","Software and application security, World Wide Web"
'From Large to Mammoth A Comparative Evaluation of Large Language Models in Vulnerability Detection,From Large to Mammoth A Comparative Evaluation of Large Language Models in Vulnerability Detection,"Security and privacy, Computing methodologies","Software and application security, Machine learning"
'From Meme to Threat On the Hateful Meme Understanding and Induced Hateful Content Generation in Open-Source Vision Language Models,From Meme to Threat On the Hateful Meme Understanding and Induced Hateful Content Generation in Open Source Vision Language Models,"Security and privacy, Computing methodologies","Human and societal aspects of security and privacy, Artificial intelligence"
'From Purity to Peril Backdooring Merged Models From Harmless Benign Components,From Purity to Peril Backdooring Merged Models From Harmless Benign Components,"Security and privacy, Computing methodologies","Software and application security, Machine learning"
'From_Chatbots_to_Phishbots_Phishing_Scam_Generation_in_Commercial_Large_Language_Models,From Chatbots to Phishbots Phishing Scam Generation in Commercial Large Language Models,"Security and privacy, Social and professional topics","Intrusion/anomaly detection and malware mitigation, Computing / technology policy"
'From_Easy_to_Hard_Building_a_Shortcut_for_Differentially_Private_Image_Synthesis,From Easy to Hard Building a Shortcut for Differentially Private Image Synthesis,"Security and privacy, Computing methodologies","Database and storage security, Machine learning"
'From_Grim_Reality_to_Practical_Solution_Malware_Classification_in_Real-World_Noise,From Grim Reality to Practical Solution Malware Classification in Real World Noise,"Security and privacy, Computing methodologies","Intrusion/anomaly detection and malware mitigation, Machine learning"
'From_Hardware_Fingerprint_to_Access_Token_Enhancing_the_Authentication_on_IoT_Devices,From Hardware Fingerprint to Access Token Enhancing the Authentication on IoT Devices,Security and privacy,"Security services, Security in hardware"
'From_Library_Portability_to_Para_rehosting_Natively_Executing_Microcontroller_Software_on_Commodity_Hardware,From Library Portability to Para rehosting Natively Executing Microcontroller Software on Commodity Hardware,"Security and privacy, Computer systems organization","Systems security, Embedded and cyber-physical systems"
'From_Needs_to_Actions_to_Secure_Apps_The_Effect_of_Requirements_and_Developer_Practices_on_App_Security,From Needs to Actions to Secure Apps The Effect of Requirements and Developer Practices on App Security,"Security and privacy, Software and its engineering","Software and application security, Software creation and management"
'From_One_Stolen_Utterance_Assessing_the_Risks_of_Voice_Cloning_in_the_AIGC_Era,From One Stolen Utterance Assessing the Risks of Voice Cloning in the AIGC Era,"Security and privacy, Computing methodologies","Security services, Artificial intelligence"
'From_Patching_Delays_to_Infection_Symptoms_Using_Risk_Profiles_for_an_Early_Discovery_of_Vulnerabilities_Exploited_in_the_Wild,From Patching Delays to Infection Symptoms Using Risk Profiles for an Early Discovery of Vulnerabilities Exploited in the Wild,"Security and privacy, Computing methodologies","Intrusion/anomaly detection and malware mitigation, Machine learning"
'From_Randomized_Response_to_Randomized_Index_Answering_Subset_Counting_Queries_with_Local_Differential_Privacy,From Randomized Response to Randomized Index Answering Subset Counting Queries with Local Differential Privacy,"Security and privacy, Theory of computation","Security services, Design and analysis of algorithms"
'From_WHOIS_to_WHOWAS_A_Large_Scale_Measurement_Study_of_Domain_Registration_Privacy_under_the_GDPR,From WHOIS to WHOWAS A Large Scale Measurement Study of Domain Registration Privacy under the GDPR,"Security and privacy, Information systems","Human and societal aspects of security and privacy, Data management systems"
'FSAFlow_Lightweight_and_Fast_Dynamic_Path_Tracking_and_Control_for_Privacy_Protection_on_Android_Using_Hybrid_Analysis_with_State-Reduction_Strategy,FSAFlow Lightweight and Fast Dynamic Path Tracking and Control for Privacy Protection on Android Using Hybrid Analysis with State Reduction Strategy,"Security and privacy, Software and its engineering","Software and application security, Software organization and properties"
'FUGIO_Automatic_Exploit_Generation_for_PHP_Object_Injection_Vulnerabilities,FUGIO Automatic Exploit Generation for PHP Object Injection Vulnerabilities,"Security and privacy, Software and its engineering","Software and application security, Software organization and properties"
'Full Database Reconstruction in Two Dimensions.,Full Database Reconstruction in Two Dimensions.,Security and privacy,"Cryptography, Database and storage security"
'Fun-tuning_Characterizing_the_Vulnerability_of_Proprietary_LLMs_to_Optimization-Based_Prompt_Injection_Attacks_via_the_Fine-Tuning_Interface,Fun tuning Characterizing the Vulnerability of Proprietary LLMs to Optimization Based Prompt Injection Attacks via the Fine Tuning Interface,"Security and privacy, Computing methodologies","Systems security, Machine learning"
'FuncTeller_How_Well_Does_eFPGA_Hide_Functionality,FuncTeller How Well Does eFPGA Hide Functionality,"Security and privacy, Hardware","Security in hardware, Electronic design automation"
'Further Study on Frequency Estimation under Local Differential Privacy,Further Study on Frequency Estimation under Local Differential Privacy,"Security and privacy, Mathematics of computing","Security services, Probability and statistics"
'Fusion_Efficient_and_Secure_Inference_Resilient_to_Malicious_Servers,Fusion Efficient and Secure Inference Resilient to Malicious Servers,"Security and privacy, Computing methodologies","Security services, Machine learning"
'FUZE_Towards_Facilitating_Exploit_Generation_for_Kernel_Use_After_Free_Vulnerabilities,FUZE Towards Facilitating Exploit Generation for Kernel Use After Free Vulnerabilities,"Security and privacy, Software and its engineering","Systems security, Software organization and properties"
'Fuzz-Testing_Meets_LLM-Based_Agents_An_Automated_and_Efficient_Framework_for_Jailbreaking_Text-to-Image_Generation_Models,Fuzz Testing Meets LLM Based Agents An Automated and Efficient Framework for Jailbreaking Text to Image Generation Models,"Security and privacy, Computing methodologies","Systems security, Artificial intelligence"
'FuzzGuard_Filtering_out_Unreachable_Inputs_in_Directed_Grey_box_Fuzzing_through_Deep_Learning,FuzzGuard Filtering out Unreachable Inputs in Directed Grey box Fuzzing through Deep Learning,"Security and privacy, Computing methodologies","Systems security, Machine learning"
'FuzziFication Anti-Fuzzing Techniques,FuzziFication Anti Fuzzing Techniques,"Security and privacy, Software and its engineering","Software and application security, Software creation and management"
'Fuzzing_BusyBox_Leveraging_LLM_and_Crash_Reuse_for_Embedded_Bug_Unearthing,Fuzzing BusyBox Leveraging LLM and Crash Reuse for Embedded Bug Unearthing,"Security and privacy, Computer systems organization","Software and application security, Embedded and cyber-physical systems"
'FUZZUER Enabling Fuzzing of UEFI Interfaces on EDK-2,FUZZUER Enabling Fuzzing of UEFI Interfaces on EDK 2,"Security and privacy, Software and its engineering","Systems security, Software creation and management"
'Fuzzware_Using_Precise_MMIO_Modeling_for_Effective_Firmware_Fuzzing,Fuzzware Using Precise MMIO Modeling for Effective Firmware Fuzzing,"Security and privacy, Computer systems organization","Systems security, Embedded and cyber-physical systems"
'Fuzzy_Labeled_Private_Set_Intersection_with_Applications_to_Private_Real_Time_Biometric_Search,Fuzzy Labeled Private Set Intersection with Applications to Private Real Time Biometric Search,"Security and privacy, Computing methodologies","Security services, Artificial intelligence"
'FV8_A_Forced_Execution_JavaScript_Engine_for_Detecting_Evasive_Techniques,FV8 A Forced Execution JavaScript Engine for Detecting Evasive Techniques,"Security and privacy, Software and its engineering","Intrusion/anomaly detection and malware mitigation, Software notations and tools"
'FVD_DPM_Fine_grained_Vulnerability_Detection_via_Conditional_Diffusion_Probabilistic_Models,FVD DPM Fine grained Vulnerability Detection via Conditional Diffusion Probabilistic Models,"Security and privacy, Computing methodologies","Systems security, Machine learning"
'F_PKI_Enabling_Innovation_and_Trust_Flexibility_in_the_HTTPS_Public_Key_Infrastructure,F PKI Enabling Innovation and Trust Flexibility in the HTTPS Public Key Infrastructure,"Security and privacy, Information systems","Security services, World Wide Web"
'GadgetMeter Quantitatively and Accurately Gauging the Exploitability of Speculative Gadgets,GadgetMeter Quantitatively and Accurately Gauging the Exploitability of Speculative Gadgets,Security and privacy,"Security in hardware, Software and application security"
'GALA_Greedy_ComputAtion_for_Linear_Algebra_in_Privacy_Preserved_Neural_Networks,GALA Greedy ComputAtion for Linear Algebra in Privacy Preserved Neural Networks,"Security and privacy, Computing methodologies","Cryptography, Machine learning"
'GAME OF DECOYS_ Optimal Decoy Routing Through Game Theory.,GAME OF DECOYS Optimal Decoy Routing Through Game Theory.,"Security and privacy, Networks","Network security, Network protocols"
'Game_of_Missuggestions_Semantic_Analysis_of_Search_Autocomplete_Manipulations,Game of Missuggestions Semantic Analysis of Search Autocomplete Manipulations,"Security and privacy, Information systems","Intrusion/anomaly detection and malware mitigation, Information retrieval"
'Game_of_Registrars_An_Empirical_Analysis_of_Post_Expiration_Domain_Name_Takeovers,Game of Registrars An Empirical Analysis of Post Expiration Domain Name Takeovers,"Security and privacy, Information systems","Network security, World Wide Web"
'GAN-Leaks A Taxonomy of Membership Inference Attacks against Generative Models.,GAN Leaks A Taxonomy of Membership Inference Attacks against Generative Models.,"Computing methodologies, Security and privacy","Machine learning, Security services"
'GAP-Diff Protecting JPEG-Compressed Images from Diffusion-based Facial Customization,GAP Diff Protecting JPEG Compressed Images from Diffusion based Facial Customization,"Security and privacy, Computing methodologies","Security services, Machine learning"
'GAP_Differentially_Private_Graph_Neural_Networks_with_Aggregation_Perturbation,GAP Differentially Private Graph Neural Networks with Aggregation Perturbation,"Security and privacy, Computing methodologies","Security services, Machine learning"
'GAZELLE_A_Low_Latency_Framework_for_Secure_Neural_Network_Inference,GAZELLE A Low Latency Framework for Secure Neural Network Inference,Security and privacy,"Cryptography, Security services"
'GeCos Replacing Experts Generalizable and Comprehensible Industrial Intrusion Detection,GeCos Replacing Experts Generalizable and Comprehensible Industrial Intrusion Detection,"Security and privacy, Computing methodologies","Intrusion/anomaly detection and malware mitigation, Machine learning"
'GeeSolver_A_Generic_Efficient_and_Effortless_Solver_with_Self-Supervised_Learning_for_Breaking_Text_Captchas,GeeSolver A Generic Efficient and Effortless Solver with Self Supervised Learning for Breaking Text Captchas,"Security and privacy, Computing methodologies","Security services, Machine learning"
'Generated Data with Fake Privacy Hidden Dangers of Fine-tuning Large Language Models on Generated Data,Generated Data with Fake Privacy Hidden Dangers of Fine tuning Large Language Models on Generated Data,"Security and privacy, Computing methodologies","Security services, Machine learning"
'Generating API Parameter Security Rules with LLM for API Misuse Detection,Generating API Parameter Security Rules with LLM for API Misuse Detection,"Security and privacy, Computing methodologies","Software and application security, Machine learning"
'Generating Synthetic Decentralized Social Graphs with Local Differential Privacy.,Generating Synthetic Decentralized Social Graphs with Local Differential Privacy.,"Security and privacy, Human-centered computing","Security services, Collaborative and social computing"
'Generative_Intrusion_Detection_and_Prevention_on_Data_Stream,Generative Intrusion Detection and Prevention on Data Stream,"Security and privacy, Information systems","Intrusion/anomaly detection and malware mitigation, Data management systems"
'Generic Attacks on Secure Outsourced Databases.,Generic Attacks on Secure Outsourced Databases.,"Security and privacy, Information systems","Database and storage security, Data management systems"
'GenHuzz An Efficient Generative Hardware Fuzzer,GenHuzz An Efficient Generative Hardware Fuzzer,"Security and privacy, Hardware","Security in hardware, Hardware validation"
'GenoGuard Protecting Genomic Data against Brute-Force Attacks.,GenoGuard Protecting Genomic Data against Brute Force Attacks.,Security and privacy,"Cryptography, Database and storage security"
'Genotype_Extraction_and_False_Relative_Attacks_Security_Risks_to_Third_Party_Genetic_Genealogy_Services_Beyond_Identity_Inference,Genotype Extraction and False Relative Attacks Security Risks to Third Party Genetic Genealogy Services Beyond Identity Inference,Security and privacy,"Database and storage security, Human and societal aspects of security and privacy"
'Geo_locating_Drivers_A_Study_of_Sensitive_Data_Leakage_in_Ride_Hailing_Services,Geo locating Drivers A Study of Sensitive Data Leakage in Ride Hailing Services,"Security and privacy, Information systems","Software and application security, Information systems applications"
'Gesture Authentication for Smartphones Evaluation of Gesture Password Selection Policies.,Gesture Authentication for Smartphones Evaluation of Gesture Password Selection Policies.,"Security and privacy, Human-centered computing","Security services, Ubiquitous and mobile computing"
'Get_a_Model_Model_Hijacking_Attack_Against_Machine_Learning_Models,Get a Model Model Hijacking Attack Against Machine Learning Models,"Security and privacy, Computing methodologies","Software and application security, Machine learning"
'GForce_GPU_Friendly_Oblivious_and_Rapid_Neural_Network_Inference,GForce GPU Friendly Oblivious and Rapid Neural Network Inference,"Security and privacy, Computing methodologies","Cryptography, Machine learning"
'GFWeb_Measuring_the_Great_Firewalls_Web_Censorship_at_Scale,GFWeb Measuring the Great Firewalls Web Censorship at Scale,"Security and privacy, Networks","Network security, Network performance evaluation"
'GhostShot Manipulating the Image of CCD Cameras with Electromagnetic Interference,GhostShot Manipulating the Image of CCD Cameras with Electromagnetic Interference,"Security and privacy, Hardware","Security in hardware, Printed circuit boards"
'GhostTalk_Interactive_Attack_on_Smartphone_Voice_System_Through_Power_Line,GhostTalk Interactive Attack on Smartphone Voice System Through Power Line,"Security and privacy, Computing methodologies","Security in hardware, Machine learning"
'Ghost_Domain_Reloaded_Vulnerable_Links_in_Domain_Name_Delegation_and_Revocation,Ghost Domain Reloaded Vulnerable Links in Domain Name Delegation and Revocation,"Security and privacy, Networks","Network security, Network protocols"
'Ginseng_Keeping_Secrets_in_Registers_When_You_Distrust_the_Operating_System,Ginseng Keeping Secrets in Registers When You Distrust the Operating System,Security and privacy,Systems security
'Glaze_Protecting_Artists_from_Style_Mimicry_by_Text_to_Image_Models,Glaze Protecting Artists from Style Mimicry by Text to Image Models,"Security and privacy, Computing methodologies","Security services, Machine learning"
'GLeeFuzz_Fuzzing_WebGL_Through_Error_Message_Guided_Mutation,GLeeFuzz Fuzzing WebGL Through Error Message Guided Mutation,"Security and privacy, Software and its engineering","Software and application security, Software creation and management"
'GlitchHiker_Uncovering_Vulnerabilities_of_Image_Signal_Transmission_with_IEMI,GlitchHiker Uncovering Vulnerabilities of Image Signal Transmission with IEMI,Security and privacy,"Security in hardware, Systems security"
'GlobalConfusion_TrustZone_Trusted_Application_0_Days_by_Design,GlobalConfusion TrustZone Trusted Application 0 Days by Design,"Security and privacy, Software and its engineering","Systems security, Software organization and properties"
'Global_Measurement_of_DNS_Manipulation,Global Measurement of DNS Manipulation,"Security and privacy, Networks","Network security, Network performance evaluation"
'Glowing_in_the_Dark_Uncovering_IPv6_Address_Discovery_and_Scanning_Strategies_in_the_Wild,Glowing in the Dark Uncovering IPv6 Address Discovery and Scanning Strategies in the Wild,"Security and privacy, Networks","Network security, Network performance evaluation"
'GNNIC_Finding_Long_Lost_Sibling_Functions_with_Abstract_Similarity,GNNIC Finding Long Lost Sibling Functions with Abstract Similarity,"Security and privacy, Computing methodologies","Software and application security, Machine learning"
'Going_Native_Using_a_Large_Scale_Analysis_of_Android_Apps_to_Create_a_Practical_Native_Code_Sandboxing_Policy,Going Native Using a Large Scale Analysis of Android Apps to Create a Practical Native Code Sandboxing Policy,"Security and privacy, Software and its engineering","Systems security, Software organization and properties"
'Going_through_the_motions_ARVR_keylogging_from_user_head_motions,Going through the motions ARVR keylogging from user head motions,"Security and privacy, Human-centered computing","Systems security, Human computer interaction (HCI)"
'Good-looking but Lacking Faithfulness Understanding Local Explanation Methods through Trend-based Testing,Good looking but Lacking Faithfulness Understanding Local Explanation Methods through Trend based Testing,Security and privacy,Software and application security
'Goshawk_Hunting_Memory_Corruptions_via_Structure-Aware_and_Object-Centric_Memory_Operation_Synopsis,Goshawk Hunting Memory Corruptions via Structure Aware and Object Centric Memory Operation Synopsis,"Security and privacy, Software and its engineering","Software and application security, Software organization and properties"
'GoSonar_Detecting_Logical_Vulnerabilities_in_Memory_Safe_Language_Using_Inductive_Constraint_Reasoning,GoSonar Detecting Logical Vulnerabilities in Memory Safe Language Using Inductive Constraint Reasoning,"Security and privacy, Software and its engineering","Software and application security, Software organization and properties"
'Gossamer_Securely_Measuring_Password_based_Logins,Gossamer Securely Measuring Password based Logins,"Security and privacy, Human-centered computing","Security services, Human computer interaction (HCI)"
'Gotcha! I Know What You Are Doing on the FPGA Cloud Fingerprinting Co-Located Cloud FPGA Accelerators via Measuring Communication Links,Gotcha! I Know What You Are Doing on the FPGA Cloud Fingerprinting Co Located Cloud FPGA Accelerators via Measuring Communication Links,Security and privacy,Security in hardware
'Gotta Catch'Em All_ Using Honeypots to Catch Adversarial Attacks on Neural Networks.,Gotta Catch'Em All Using Honeypots to Catch Adversarial Attacks on Neural Networks.,"Security and privacy, Computing methodologies","Intrusion/anomaly detection and malware mitigation, Machine learning"
'Gotta Detect Em All Fake Base Station and Multi-Step Attack Detection in Cellular Networks,Gotta Detect Em All Fake Base Station and Multi Step Attack Detection in Cellular Networks,"Security and privacy, Networks","Intrusion/anomaly detection and malware mitigation, Network types"
'GPTracker_A_Large-Scale_Measurement_of_Misused_GPTs,GPTracker A Large Scale Measurement of Misused GPTs,"Security and privacy, Computing methodologies","Intrusion/anomaly detection and malware mitigation, Artificial intelligence"
'Gradients_Look_Alike_Sensitivity_is_Often_Overestimated_in_DP_SGD,Gradients Look Alike Sensitivity is Often Overestimated in DP SGD,"Security and privacy, Computing methodologies","Formal methods and theory of security, Machine learning"
'Gradient_Obfuscation_Gives_a_False_Sense_of_Security_in_Federated_Learning,Gradient Obfuscation Gives a False Sense of Security in Federated Learning,"Security and privacy, Computing methodologies","Security services, Machine learning"
'Gradient_Shaping_Enhancing_Backdoor_Attack_Against_Reverse_Engineering,Gradient Shaping Enhancing Backdoor Attack Against Reverse Engineering,"Security and privacy, Computing methodologies","Intrusion/anomaly detection and malware mitigation, Machine learning"
'GraphAce Secure Two-Party Graph Analysis Achieving Communication Efficiency,GraphAce Secure Two Party Graph Analysis Achieving Communication Efficiency,"Security and privacy, Theory of computation","Cryptography, Design and analysis of algorithms"
'GraphGuard_Detecting_and_Counteracting_Training_Data_Misuse_in_Graph_Neural_Networks,GraphGuard Detecting and Counteracting Training Data Misuse in Graph Neural Networks,"Security and privacy, Computing methodologies","Security services, Machine learning"
'GraphGuard_Private_Time_Constrained_Pattern_Detection_Over_Streaming_Graphs_in_the_Cloud,GraphGuard Private Time Constrained Pattern Detection Over Streaming Graphs in the Cloud,"Security and privacy, Information systems","Database and storage security, Data management systems"
'GraphSC Parallel Secure Computation Made Easy.,GraphSC Parallel Secure Computation Made Easy.,"Security and privacy, Computing methodologies","Security services, Parallel computing methodologies"
'GraphSPD_Graph-Based_Security_Patch_Detection_with_Enriched_Code_Semantics,GraphSPD Graph Based Security Patch Detection with Enriched Code Semantics,"Security and privacy, Computing methodologies","Software and application security, Machine learning"
'Graph_Backdoor,Graph Backdoor,"Security and privacy, Computing methodologies","Software and application security, Machine learning"
'Graph_based_Security_and_Privacy_Analytics_via_Collective_Classification_with_Joint_Weight_Learning_and_Propagation,Graph based Security and Privacy Analytics via Collective Classification with Joint Weight Learning and Propagation,"Security and privacy, Computing methodologies","Intrusion/anomaly detection and malware mitigation, Machine learning"
'Great Now Write an Article About That The Crescendo Multi-Turn LLM Jailbreak Attack,Great Now Write an Article About That The Crescendo Multi Turn LLM Jailbreak Attack,"Security and privacy, Computing methodologies","Software and application security, Artificial intelligence"
'GREBE_Unveiling_Exploitation_Potential_for_Linux_Kernel_Bugs,GREBE Unveiling Exploitation Potential for Linux Kernel Bugs,"Security and privacy, Software and its engineering","Systems security, Software organization and properties"
'GRECS_ Graph Encryption for Approximate Shortest Distance Queries.,GRECS Graph Encryption for Approximate Shortest Distance Queries.,"Theory of computation, Security and privacy","Design and analysis of algorithms, Database and storage security, Cryptography"
'Greenhouse_Single_Service_Rehosting_of_Linux_Based_Firmware_Binaries_in_User_Space_Emulation,Greenhouse Single Service Rehosting of Linux Based Firmware Binaries in User Space Emulation,"Security and privacy, Software and its engineering","Systems security, Software organization and properties"
'GREYONE_Data_Flow_Sensitive_Fuzzing,GREYONE Data Flow Sensitive Fuzzing,"Security and privacy, Software and its engineering","Software and application security, Software creation and management"
'GridSE_Towards_Practical_Secure_Geographic_Search_via_Prefix_Symmetric_Searchable_Encryption,GridSE Towards Practical Secure Geographic Search via Prefix Symmetric Searchable Encryption,Security and privacy,"Database and storage security, Cryptography"
'GRID_Protecting_Training_Graph_from_Link_Stealing_Attacks_on_GNN_Models,GRID Protecting Training Graph from Link Stealing Attacks on GNN Models,"Security and privacy, Computing methodologies","Security services, Machine learning"
'Groundhog_A_Restart-Based_Systems_Framework_for_Increasing_Availability_in_Threshold_Cryptosystems,Groundhog A Restart Based Systems Framework for Increasing Availability in Threshold Cryptosystems,"Security and privacy, Computer systems organization","Cryptography, Dependable and fault-tolerant systems and networks"
'Ground_Truth_for_Binary_Disassembly_is_Not_Easy,Ground Truth for Binary Disassembly is Not Easy,"Security and privacy, Software and its engineering","Software and application security, Software notations and tools"
'Group_based_Robustness_A_General_Framework_for_Customized_Robustness_in_the_Real_World,Group based Robustness A General Framework for Customized Robustness in the Real World,"Security and privacy, Computing methodologies","Systems security, Machine learning"
'GrOVe_Ownership_Verification_of_Graph_Neural_Networks_using_Embeddings,GrOVe Ownership Verification of Graph Neural Networks using Embeddings,"Security and privacy, Computing methodologies","Security services, Machine learning"
'Guardain_Protecting_Emerging_Generative_AI_Workloads_on_Heterogeneous_NPU,Guardain Protecting Emerging Generative AI Workloads on Heterogeneous NPU,"Security and privacy, Computer systems organization","Security in hardware, Architectures"
'Guardians_of_the_Galaxy_Content_Moderation_in_the_InterPlanetary_File_System,Guardians of the Galaxy Content Moderation in the InterPlanetary File System,"Security and privacy, Information systems","Human and societal aspects of security and privacy, Information storage systems"
'Guarding_Serverless_Applications_with_Kalium,Guarding Serverless Applications with Kalium,"Security and privacy, Software and its engineering","Systems security, Software organization and properties"
'GUTI_Reallocation_Demystified_Cellular_Location_Tracking_with_Changing_Temporary_Identifier,GUTI Reallocation Demystified Cellular Location Tracking with Changing Temporary Identifier,"Security and privacy, Networks","Network security, Network protocols"
'H2O2RAM A High-Performance Hierarchical Doubly Oblivious RAM,H2O2RAM A High Performance Hierarchical Doubly Oblivious RAM,"Security and privacy, Theory of computation","Database and storage security, Computational complexity and cryptography"
'HADES Attack Understanding and Evaluating Manipulation Risks of Email Blocklists,HADES Attack Understanding and Evaluating Manipulation Risks of Email Blocklists,"Security and privacy, Information systems","Intrusion/anomaly detection and malware mitigation, World Wide Web"
'HALucinator_Firmware_Re_hosting_Through_Abstraction_Layer_Emulation,HALucinator Firmware Re hosting Through Abstraction Layer Emulation,"Security and privacy, Computer systems organization","Systems security, Embedded and cyber-physical systems"
'Hand_Me_Your_PIN_Inferring_ATM_PINs_of_Users_Typing_with_a_Covered_Hand,Hand Me Your PIN Inferring ATM PINs of Users Typing with a Covered Hand,"Security and privacy, Computing methodologies","Security services, Machine learning"
'Happer_Unpacking_Android_Apps_via_a_Hardware-Assisted_Approach,Happer Unpacking Android Apps via a Hardware Assisted Approach,"Security and privacy, Software and its engineering","Intrusion/anomaly detection and malware mitigation, Software notations and tools"
'Hard_label_Black_box_Universal_Adversarial_Patch_Attack,Hard label Black box Universal Adversarial Patch Attack,"Security and privacy, Computing methodologies","Software and application security, Machine learning"
'Hark_A_Deep_Learning_System_for_Navigating_Privacy_Feedback_at_Scale,Hark A Deep Learning System for Navigating Privacy Feedback at Scale,"Security and privacy, Computing methodologies","Human and societal aspects of security and privacy, Machine learning"
'Harmonycloak_Making_Music_Unlearnable_for_Generative_AI,Harmonycloak Making Music Unlearnable for Generative AI,"Security and privacy, Computing methodologies","Database and storage security, Machine learning"
'HARPO_Learning_to_Subvert_Online_Behavioral_Advertising,HARPO Learning to Subvert Online Behavioral Advertising,"Security and privacy, Computing methodologies","Human and societal aspects of security and privacy, Machine learning"
'Harvesting_Inconsistent_Security_Configurations_in_Custom_Android_ROMs_via_Differential_Analysis,Harvesting Inconsistent Security Configurations in Custom Android ROMs via Differential Analysis,"Security and privacy, Software and its engineering","Systems security, Software organization and properties"
'Harvesting_Runtime_Values_in_Android_Applications_That_Feature_Anti_Analysis_Techniques,Harvesting Runtime Values in Android Applications That Feature Anti Analysis Techniques,"Security and privacy, Software and its engineering","Intrusion/anomaly detection and malware mitigation, Software organization and properties"
'Hash-Prune-Invert_Improved_Differentially_Private_Heavy-Hitter_Detection_in_the_Two-Server_Model,Hash Prune Invert Improved Differentially Private Heavy Hitter Detection in the Two Server Model,"Security and privacy, Theory of computation","Security services, Design and analysis of algorithms"
'HateBench Benchmarking Hate Speech Detectors on LLM-Generated Content and Hate Campaigns,HateBench Benchmarking Hate Speech Detectors on LLM Generated Content and Hate Campaigns,"Computing methodologies, Social and professional topics","Machine learning, Computing / technology policy"
'Having_Your_Cake_and_Eating_It_An_Analysis_of_Concession_Abuse_as_a_Service,Having Your Cake and Eating It An Analysis of Concession Abuse as a Service,Security and privacy,"Human and societal aspects of security and privacy, Intrusion/anomaly detection and malware mitigation"
'HAWatcher_Semantics_Aware_Anomaly_Detection_for_Appified_Smart_Homes,HAWatcher Semantics Aware Anomaly Detection for Appified Smart Homes,"Security and privacy, Computing methodologies","Intrusion/anomaly detection and malware mitigation, Machine learning"
'Hawkeye Towards a Desired Directed Grey-box Fuzzer.,Hawkeye Towards a Desired Directed Grey box Fuzzer.,"Security and privacy, Software and its engineering","Systems security, Software creation and management"
'Heavy Hitter Estimation over Set-Valued Data with Local Differential Privacy.,Heavy Hitter Estimation over Set Valued Data with Local Differential Privacy.,"Security and privacy, Theory of computation","Security services, Design and analysis of algorithms"
'HECKLER_Breaking_Confidential_VMs_with_Malicious_Interrupts,HECKLER Breaking Confidential VMs with Malicious Interrupts,"Security and privacy, Software and its engineering","Systems security, Software organization and properties"
'HECO_Fully_Homomorphic_Encryption_Compiler,HECO Fully Homomorphic Encryption Compiler,"Security and privacy, Software and its engineering","Cryptography, Software notations and tools"
'HEIR_A_Unified_Representation_for_Cross_Scheme_Compilation_of_Fully_Homomorphic_Computation,HEIR A Unified Representation for Cross Scheme Compilation of Fully Homomorphic Computation,"Security and privacy, Software and its engineering","Cryptography, Software notations and tools"
'Helen Maliciously Secure Coopetitive Learning for Linear Models.,Helen Maliciously Secure Coopetitive Learning for Linear Models.,"Security and privacy, Computing methodologies","Cryptography, Machine learning"
'HELiKs HE Linear Algebra Kernels for Secure Inferenc,HELiKs HE Linear Algebra Kernels for Secure Inferenc,"Security and privacy, Computing methodologies","Security services, Machine learning"
'Helping or Hindering How Browser Extensions Undermine Security,Helping or Hindering How Browser Extensions Undermine Security,Security and privacy,Software and application security
'Helping_Users_Automatically_Find_and_Manage_Sensitive_Expendable_Files_in_Cloud_Storage,Helping Users Automatically Find and Manage Sensitive Expendable Files in Cloud Storage,"Security and privacy, Human-centered computing","Human and societal aspects of security and privacy, Human computer interaction (HCI)"
'Herding Vulnerable Cats_ A Statistical Approach to Disentangle Joint Responsibility for Web Security in Shared Hosting.,Herding Vulnerable Cats A Statistical Approach to Disentangle Joint Responsibility for Web Security in Shared Hosting.,Security and privacy,"Systems security, Human and societal aspects of security and privacy, Network security"
'Hermes Unlocking Security Analysis of Cellular,Hermes Unlocking Security Analysis of Cellular,"Security and privacy, Computing methodologies","Formal methods and theory of security, Machine learning"
'Hermes_Attack_Steal_DNN_Models_with_Lossless_Inference_Accuracy,Hermes Attack Steal DNN Models with Lossless Inference Accuracy,"Security and privacy, Computing methodologies","Security in hardware, Machine learning"
'Hermes_Efficient_and_Secure_Multi-Writer_Encrypted_Database,Hermes Efficient and Secure Multi Writer Encrypted Database,Security and privacy,"Database and storage security, Cryptography"
'Hey_Alexa_is_this_Skill_Safe_Taking_a_Closer_Look_at_the_Alexa_Skill_Ecosystem,Hey Alexa is this Skill Safe Taking a Closer Look at the Alexa Skill Ecosystem,Security and privacy,"Software and application security, Human and societal aspects of security and privacy"
'Hey_Kimya_Is_My_Smart_Speaker_Spying_on_Me_Taking_Control_of_Sensor_Privacy_Through_Isolation_and_Amnesia,Hey Kimya Is My Smart Speaker Spying on Me Taking Control of Sensor Privacy Through Isolation and Amnesia,"Security and privacy, Computer systems organization","Systems security, Embedded and cyber-physical systems"
'Hey_Your_Secrets_Leaked_Detecting_and_Characterizing_Secret_Leakage_in_the_Wild,Hey Your Secrets Leaked Detecting and Characterizing Secret Leakage in the Wild,"Security and privacy, Information systems","Software and application security, World Wide Web"
'Hey_You_Have_a_Problem_On_the_Feasibility_of_Large_Scale_Web_Vulnerability_Notification,Hey You Have a Problem On the Feasibility of Large Scale Web Vulnerability Notification,"Security and privacy, Information systems","Systems security, World Wide Web"
'Hidden in Plain Sight Exploring Encrypted Channels in Android Apps,Hidden in Plain Sight Exploring Encrypted Channels in Android Apps,Security and privacy,Software and application security
'Hidden_Reality_Caution_Your_Hand_Gesture_Inputs_in_the_Immersive_Virtual_World_are_Visible_to_All,Hidden Reality Caution Your Hand Gesture Inputs in the Immersive Virtual World are Visible to All,"Security and privacy, Human-centered computing","Human and societal aspects of security and privacy, Human computer interaction (HCI)"
'Hidden_Trigger_Backdoor_Attack_on_NLP_Models_via_Linguistic_Style_Manipulation,Hidden Trigger Backdoor Attack on NLP Models via Linguistic Style Manipulation,"Security and privacy, Computing methodologies","Software and application security, Artificial intelligence"
'Hidden_Voice_Commands,Hidden Voice Commands,"Security and privacy, Computing methodologies","Systems security, Machine learning"
'HideMyApp_Hiding_the_Presence_of_Sensitive_Apps_on_Android,HideMyApp Hiding the Presence of Sensitive Apps on Android,"Security and privacy, Human-centered computing","Systems security, Ubiquitous and mobile computing"
'HideNoSeek Camouflaging Malicious JavaScript in Benign ASTs.,HideNoSeek Camouflaging Malicious JavaScript in Benign ASTs.,Security and privacy,"Intrusion/anomaly detection and malware mitigation, Software and application security"
'Hiding in Plain Sight A Longitudinal Study of Combosquatting Abuse.,Hiding in Plain Sight A Longitudinal Study of Combosquatting Abuse.,"Security and privacy, Information systems","Intrusion/anomaly detection and malware mitigation, World Wide Web"
'Hiding the Lengths of Encrypted Messages via Gaussian Padding,Hiding the Lengths of Encrypted Messages via Gaussian Padding,Security and privacy,"Cryptography, Network security"
'Hiding_in_Plain_Sight_An_Empirical_Study_of_Web_Application_Abuse_in_Malware,Hiding in Plain Sight An Empirical Study of Web Application Abuse in Malware,"Security and privacy, Information systems","Intrusion/anomaly detection and malware mitigation, World Wide Web"
'Hiding_in_Plain_Sight_On_the_Efficacy_of_Power_Side_Channel_Based_Control_Flow_Monitoring,Hiding in Plain Sight On the Efficacy of Power Side Channel Based Control Flow Monitoring,Security and privacy,"Security in hardware, Intrusion/anomaly detection and malware mitigation"
'Hiding_My_Real_Self_Protecting_Intellectual_Property_in_Additive_Manufacturing_Systems_Against_Optical_Side_Channel_Attacks,Hiding My Real Self Protecting Intellectual Property in Additive Manufacturing Systems Against Optical Side Channel Attacks,"Security and privacy, Applied computing","Security in hardware, Computers in other domains"
'Hiding_the_Access_Pattern_is_Not_Enough_Exploiting_Search_Pattern_Leakage_in_Searchable_Encryption,Hiding the Access Pattern is Not Enough Exploiting Search Pattern Leakage in Searchable Encryption,Security and privacy,"Cryptography, Database and storage security"
'High Precision Open-World Website Fingerprinting.,High Precision Open World Website Fingerprinting.,"Security and privacy, Computing methodologies","Network security, Machine learning"
'High Stakes Low Certainty Evaluating the Efficacy of High-Level Indicators of Compromise in Ransomware Attribution,High Stakes Low Certainty Evaluating the Efficacy of High Level Indicators of Compromise in Ransomware Attribution,"Security and privacy, Social and professional topics","Intrusion/anomaly detection and malware mitigation, Computing / technology policy"
'High_Accuracy_and_High_Fidelity_Extraction_of_Neural_Networks,High Accuracy and High Fidelity Extraction of Neural Networks,"Security and privacy, Computing methodologies","Systems security, Machine learning"
'High_Precision_Detection_of_Business_Email_Compromise,High Precision Detection of Business Email Compromise,"Security and privacy, Computing methodologies","Intrusion/anomaly detection and malware mitigation, Machine learning"
'High_Recovery_with_Fewer_Injections_Practical_Binary_Volumetric_Injection_Attacks_against_Dynamic_Searchable_Encryption,High Recovery with Fewer Injections Practical Binary Volumetric Injection Attacks against Dynamic Searchable Encryption,"Security and privacy, Information systems","Database and storage security, Information retrieval"
'Hijacking Bitcoin Routing Attacks on Cryptocurrencies.,Hijacking Bitcoin Routing Attacks on Cryptocurrencies.,"Security and privacy, Networks","Network security, Network protocols"
'Hijacking_Attacks_against_Neural_Network_by_Analyzing_Training_Data,Hijacking Attacks against Neural Network by Analyzing Training Data,"Security and privacy, Computing methodologies","Software and application security, Machine learning"
'Him of Many Faces Characterizing Billion-scale,Him of Many Faces Characterizing Billion scale,"Security and privacy, Information systems","Intrusion/anomaly detection and malware mitigation, World Wide Web"
'Hindsight Understanding the Evolution of UI Vulnerabilities in Mobile Browsers.,Hindsight Understanding the Evolution of UI Vulnerabilities in Mobile Browsers.,Security and privacy,"Systems security, Software and application security"
'Hitchhiking Vaccine Enhancing Botnet Remediation With Remote Code Deployment Reuse,Hitchhiking Vaccine Enhancing Botnet Remediation With Remote Code Deployment Reuse,"Security and privacy, Software and its engineering","Intrusion/anomaly detection and malware mitigation, Software organization and properties"
'Hoedur_Embedded_Firmware_Fuzzing_using_Multi_Stream_Inputs,Hoedur Embedded Firmware Fuzzing using Multi Stream Inputs,"Security and privacy, Computer systems organization","Systems security, Embedded and cyber-physical systems"
'Holding_Secrets_Accountable_Auditing_Privacy_Preserving_Machine_Learning,Holding Secrets Accountable Auditing Privacy Preserving Machine Learning,"Security and privacy, Computing methodologies","Security services, Machine learning"
'Hold_the_Door_Fingerprinting_Your_Car_Key_to_Prevent_Keyless_Entry_Car_Theft,Hold the Door Fingerprinting Your Car Key to Prevent Keyless Entry Car Theft,"Security and privacy, Computer systems organization","Security services, Embedded and cyber-physical systems"
'HOLMES_Efficient_Distribution_Testing_for_Secure_Collaborative_Learning,HOLMES Efficient Distribution Testing for Secure Collaborative Learning,"Security and privacy, Computing methodologies","Security services, Machine learning"
'HOMESPY_The_Invisible_Sniffer_of_Infrared_Remote_Control_of_Smart_TVs,HOMESPY The Invisible Sniffer of Infrared Remote Control of Smart TVs,"Security and privacy, Human-centered computing","Systems security, Ubiquitous and mobile computing"
'HoMonit_ Monitoring Smart Home Apps from Encrypted Traffic.,HoMonit Monitoring Smart Home Apps from Encrypted Traffic.,Security and privacy,"Intrusion/anomaly detection and malware mitigation, Systems security, Network security"
'Hope_of_Delivery_Extracting_User_Locations_From_Mobile_Instant_Messengers,Hope of Delivery Extracting User Locations From Mobile Instant Messengers,"Security and privacy, Human-centered computing","Human and societal aspects of security and privacy, Ubiquitous and mobile computing"
'Hopper_Modeling_and_Detecting_Lateral_Movement,Hopper Modeling and Detecting Lateral Movement,"Security and privacy, Computing methodologies","Intrusion/anomaly detection and malware mitigation, Machine learning"
'HOP_Hardware_makes_Obfuscation_Practical,HOP Hardware makes Obfuscation Practical,"Security and privacy, Hardware","Security in hardware, Integrated circuits"
'Horcrux Synthesize Split Shift and Stay Alive Preventing Channel Depletion via Universal and Enhanced Multi-hop Payments,Horcrux Synthesize Split Shift and Stay Alive Preventing Channel Depletion via Universal and Enhanced Multi hop Payments,"Security and privacy, Networks","Formal methods and theory of security, Network protocols"
'HORNET_ High-speed Onion Routing at the Network Layer.,HORNET High speed Onion Routing at the Network Layer.,"Security and privacy, Networks","Security services, Network protocols"
'HorusEye_A_Realtime_IoT_Malicious_Traffic_Detection_Framework_using_Programmable_Switches,HorusEye A Realtime IoT Malicious Traffic Detection Framework using Programmable Switches,"Security and privacy, Networks","Intrusion/anomaly detection and malware mitigation, Network components"
'HouseFuzz_Service-Aware_Grey-Box_Fuzzing_for_Vulnerability_Detection_in_Linux-Based_Firmware,HouseFuzz Service Aware Grey Box Fuzzing for Vulnerability Detection in Linux Based Firmware,"Security and privacy, Computer systems organization","Systems security, Embedded and cyber-physical systems"
'How Hard is Takeover in DPoS Blockchains Understanding the Security of Coin-based Voting Governance,How Hard is Takeover in DPoS Blockchains Understanding the Security of Coin based Voting Governance,Security and privacy,Systems security
'How Researchers De-Identify Data in Practice,How Researchers De Identify Data in Practice,Security and privacy,"Database and storage security, Human and societal aspects of security and privacy"
'How to Accurately and Privately Identify Anomalies.,How to Accurately and Privately Identify Anomalies.,"Security and privacy, Computing methodologies","Security services, Machine learning"
'How Unique is Your .onion_ An Analysis of the Fingerprintability of Tor Onion Services.,How Unique is Your .onion An Analysis of the Fingerprintability of Tor Onion Services.,Security and privacy,"Security services, Network security"
"'How Well Do My Results Generalize Comparing Security and Privacy Survey Results from MTurk, Web, and Telephone Samples.","How Well Do My Results Generalize Comparing Security and Privacy Survey Results from MTurk, Web, and Telephone Samples.","Security and privacy, Human-centered computing","Human and societal aspects of security and privacy, Human computer interaction (HCI)"
'How You Get Shot in the Back_ A Systematical Study about Cryptojacking in the Real World.,How You Get Shot in the Back A Systematical Study about Cryptojacking in the Real World.,"Security and privacy, Information systems","Intrusion/anomaly detection and malware mitigation, World Wide Web"
'How_and_Why_People_Use_Virtual_Private_Networks,How and Why People Use Virtual Private Networks,"Security and privacy, Human-centered computing","Human and societal aspects of security and privacy, Human computer interaction (HCI)"
'How_Bad_Can_It_Git_Characterizing_Secret_Leakage_in_Public_GitHub_Repositories,How Bad Can It Git Characterizing Secret Leakage in Public GitHub Repositories,"Security and privacy, Software and its engineering","Software and application security, Software notations and tools"
'How_Did_That_Get_In_My_Phone_Unwanted_App_Distribution_on_Android_Devices,How Did That Get In My Phone Unwanted App Distribution on Android Devices,"Security and privacy, Human-centered computing","Intrusion/anomaly detection and malware mitigation, Ubiquitous and mobile computing"
'How_Does_a_Deep_Learning_Model_Architecture_Impact_Its_Privacy_A_Comprehensive_Study_of_Privacy_Attacks_on_CNNs_and_Transformers,How Does a Deep Learning Model Architecture Impact Its Privacy A Comprehensive Study of Privacy Attacks on CNNs and Transformers,"Security and privacy, Computing methodologies","Security services, Machine learning"
'How_does_Endpoint_Detection_use_the_MITRE_ATTCK_Framework,How does Endpoint Detection use the MITRE ATTCK Framework,"Security and privacy, Software and its engineering","Intrusion/anomaly detection and malware mitigation, Software organization and properties"
'How_Do_Tor_Users_Interact_With_Onion_Services,How Do Tor Users Interact With Onion Services,"Security and privacy, Human-centered computing","Human and societal aspects of security and privacy, Human computer interaction (HCI)"
'How_Effective_is_Multiple_Vantage_Point_Domain_Control_Validation,How Effective is Multiple Vantage Point Domain Control Validation,"Security and privacy, Networks","Network security, Network performance evaluation"
'How_Great_is_the_Great_Firewall_Measuring_Chinas_DNS_Censorship,How Great is the Great Firewall Measuring Chinas DNS Censorship,"Security and privacy, Networks","Network security, Network performance evaluation"
'How_IoT_Re-using_Threatens_Your_Sensitive_Data_Exploring_the_User-Data_Disposal_in_Used_IoT_Devices (1),How IoT Re using Threatens Your Sensitive Data Exploring the User Data Disposal in Used IoT Devices (1),Security and privacy,"Database and storage security, Human and societal aspects of security and privacy"
'How_Long_Do_Vulnerabilities_Live_in_the_Code_A_Large_Scale_Empirical_Measurement_Study_on_FOSS_Vulnerability_Lifetimes,How Long Do Vulnerabilities Live in the Code A Large Scale Empirical Measurement Study on FOSS Vulnerability Lifetimes,"Security and privacy, Software and its engineering","Systems security, Software creation and management"
'How_Machine_Learning_Is_Solving_the_Binary_Function_Similarity_Problem,How Machine Learning Is Solving the Binary Function Similarity Problem,"Security and privacy, Computing methodologies","Software and application security, Machine learning"
'How_the_Great_Firewall_of_China_Detects_and_Blocks_Fully_Encrypted_Traffic,How the Great Firewall of China Detects and Blocks Fully Encrypted Traffic,"Security and privacy, Networks","Network security, Network algorithms"
'How_the_Web_Tangled_Itself_Uncovering_the_History_of_Client_Side_Web_InSecurity,How the Web Tangled Itself Uncovering the History of Client Side Web InSecurity,"Security and privacy, Information systems","Software and application security, World Wide Web"
'How_to_Attack_and_Generate_Honeywords,How to Attack and Generate Honeywords,Security and privacy,"Security services, Database and storage security"
'How_to_Count_Bots_in_Longitudinal_Datasets_of_IP_Addresses,How to Count Bots in Longitudinal Datasets of IP Addresses,"Security and privacy, Networks","Intrusion/anomaly detection and malware mitigation, Network performance evaluation"
'How_to_Cover_up_Anomalous_Accesses_to_Electronic_Health_Records,How to Cover up Anomalous Accesses to Electronic Health Records,"Security and privacy, Computing methodologies","Intrusion/anomaly detection and malware mitigation, Machine learning"
'How_to_Make_Private_Distributed_Cardinality_Estimation_Practical_and_Get_Differential_Privacy_for_Free,How to Make Private Distributed Cardinality Estimation Practical and Get Differential Privacy for Free,"Security and privacy, Computing methodologies","Security services, Distributed computing methodologies"
'How_to_Peel_a_Million_Validating_and_Expanding_Bitcoin_Clusters,How to Peel a Million Validating and Expanding Bitcoin Clusters,"Security and privacy, Computing methodologies","Security services, Machine learning"
'How_WEIRD_is_Usable_Privacy_and_Security_Research,How WEIRD is Usable Privacy and Security Research,"Security and privacy, Human-centered computing","Human and societal aspects of security and privacy, Human computer interaction (HCI)"
'Humans_vs_Machines_in_Malware_Classification,Humans vs Machines in Malware Classification,"Security and privacy, Computing methodologies","Intrusion/anomaly detection and malware mitigation, Machine learning"
'Human_Distinguishable_Visual_Key_Fingerprints,Human Distinguishable Visual Key Fingerprints,"Security and privacy, Computing methodologies","Security services, Machine learning"
'Humpty Dumpty Controlling Word Meanings via Corpus Poisoning.,Humpty Dumpty Controlling Word Meanings via Corpus Poisoning.,"Security and privacy, Computing methodologies","Intrusion/anomaly detection and malware mitigation, Machine learning"
'Hybrid_Batch_Attacks_Finding_Black_box_Adversarial_Examples_with_Limited_Queries,Hybrid Batch Attacks Finding Black box Adversarial Examples with Limited Queries,"Security and privacy, Computing methodologies","Systems security, Machine learning"
'Hybrid_Trust_Multi_party_Computation_with_Trusted_Execution_Environment,Hybrid Trust Multi party Computation with Trusted Execution Environment,Security and privacy,"Security services, Security in hardware"
'HyCC_ Compilation of Hybrid Protocols for Practical Secure Computation.,HyCC Compilation of Hybrid Protocols for Practical Secure Computation.,"Security and privacy, Software and its engineering","Security services, Software notations and tools"
'HydraProofs_Optimally_Computing_All_Proofs_in_a_Vector_Commitment_With_Applications_to_Efficient_zkSNARKs_Over_Data_from_Multiple_Users,HydraProofs Optimally Computing All Proofs in a Vector Commitment With Applications to Efficient zkSNARKs Over Data from Multiple Users,"Security and privacy, Theory of computation","Cryptography, Computational complexity and cryptography"
'HyperFuzzer An Efficient Hybrid Fuzzer for Virtual CPUs.,HyperFuzzer An Efficient Hybrid Fuzzer for Virtual CPUs.,Security and privacy,"Software and application security, Systems security"
'HyTrack Resurrectable and Persistent Tracking Across Android Apps and the Web,HyTrack Resurrectable and Persistent Tracking Across Android Apps and the Web,"Security and privacy, Information systems","Systems security, World Wide Web"
'I Can Tell Your Secrets Inferring Privacy Attributes from Mini-app Interaction History in Super-apps,I Can Tell Your Secrets Inferring Privacy Attributes from Mini app Interaction History in Super apps,"Security and privacy, Computing methodologies","Human and societal aspects of security and privacy, Machine learning"
'I Know What You Asked Prompt Leakage via KV-Cache Sharing in Multi-Tenant LLM Serving,I Know What You Asked Prompt Leakage via KV Cache Sharing in Multi Tenant LLM Serving,"Security and privacy, Computing methodologies","Systems security, Artificial intelligence"
'I know what you MEME Understanding and Detecting Harmful Memes with Multimodal Large Language Models,I know what you MEME Understanding and Detecting Harmful Memes with Multimodal Large Language Models,"Security and privacy, Computing methodologies","Human and societal aspects of security and privacy, Artificial intelligence"
'I Know Where You Parked Last Summer  Automated Reverse Engineering and Privacy Analysis of Modern Cars.,I Know Where You Parked Last Summer Automated Reverse Engineering and Privacy Analysis of Modern Cars.,Security and privacy,"Systems security, Human and societal aspects of security and privacy"
"'I'm SPARTACUS, No, I'm SPARTACUS Proactively Protecting Users from Phishing by Intentionally Triggering Cloaking Behavior","I'm SPARTACUS, No, I'm SPARTACUS Proactively Protecting Users from Phishing by Intentionally Triggering Cloaking Behavior",Social and professional topics,Computing / technology policy
"'ICLab A Global, Longitudinal Internet Censorship Measurement Platform.","ICLab A Global, Longitudinal Internet Censorship Measurement Platform.","Security and privacy, Networks","Network security, Network performance evaluation"
'ICSPatch_Automated_Vulnerability_Localization_and_Non_Intrusive_Hotpatching_in_Industrial_Control_Systems_using_Data_Dependence_Graphs,ICSPatch Automated Vulnerability Localization and Non Intrusive Hotpatching in Industrial Control Systems using Data Dependence Graphs,"Security and privacy, Computer systems organization","Systems security, Embedded and cyber-physical systems"
'Identifying a Training-Set Attack's Target Using Renormalized Influence Estimation,Identifying a Training Set Attack's Target Using Renormalized Influence Estimation,Security and privacy,Intrusion/anomaly detection and malware mitigation
'Identifying Open-Source License Violation and 1-day Security Risk at Large Scale.,Identifying Open Source License Violation and 1 day Security Risk at Large Scale.,"Security and privacy, Software and its engineering, Social and professional topics","Software and application security, Software notations and tools, Computing / technology policy"
'Identifying Personal DNA Methylation Profiles by Genotype Inference.,Identifying Personal DNA Methylation Profiles by Genotype Inference.,"Security and privacy, Applied computing","Cryptography, Life and medical sciences"
'Identifying the Scan and Attack Infrastructures Behind Amplification DDoS Attacks.,Identifying the Scan and Attack Infrastructures Behind Amplification DDoS Attacks.,"Security and privacy, Networks","Network security, Network performance evaluation"
'Identifying_and_Characterizing_Sybils_in_the_Tor_Network,Identifying and Characterizing Sybils in the Tor Network,"Security and privacy, Networks","Intrusion/anomaly detection and malware mitigation, Network properties"
'Identifying_Harmful_Media_in_End_to_End_Encrypted_Communication_Efficient_Private_Membership_Computation,Identifying Harmful Media in End to End Encrypted Communication Efficient Private Membership Computation,"Security and privacy, Information systems","Cryptography, Information retrieval"
'Identifying_Incoherent_Search_Sessions_Search_Click_Fraud_Remediation_Under_Real-World_Constraints,Identifying Incoherent Search Sessions Search Click Fraud Remediation Under Real World Constraints,"Security and privacy, Computing methodologies","Intrusion/anomaly detection and malware mitigation, Machine learning"
'IdleLeak_Exploiting_Idle_State_Side_Effects_for_Information_Leakage,IdleLeak Exploiting Idle State Side Effects for Information Leakage,"Security and privacy, Computer systems organization","Security in hardware, Architectures"
'If This Then What Controlling Flows in IoT Apps.,If This Then What Controlling Flows in IoT Apps.,Security and privacy,Software and application security
'If_sighted_people_know_I_should_be_able_to_know_Privacy_Perceptions_of_Bystanders_with_Visual_Impairments_around_Camera_based_Technology,If sighted people know I should be able to know Privacy Perceptions of Bystanders with Visual Impairments around Camera based Technology,"Security and privacy, Human-centered computing","Human and societal aspects of security and privacy, Accessibility"
'IHOP_Improved_Statistical_Query_Recovery_against_Searchable_Symmetric_Encryption_through_Quadratic_Optimization,IHOP Improved Statistical Query Recovery against Searchable Symmetric Encryption through Quadratic Optimization,"Security and privacy, Mathematics of computing","Database and storage security, Mathematical analysis"
'iHunter_Hunting_Privacy_Violations_at_Scale_in_the_Software_Supply_Chain_on_iOS,iHunter Hunting Privacy Violations at Scale in the Software Supply Chain on iOS,Security and privacy,"Software and application security, Human and societal aspects of security and privacy"
'Ijon Exploring Deep State Spaces via Fuzzing.,Ijon Exploring Deep State Spaces via Fuzzing.,"Security and privacy, Software and its engineering","Software and application security, Software creation and management"
'Im regretting that I hit run In-situ Assessment of Potential Malware,Im regretting that I hit run In situ Assessment of Potential Malware,"Security and privacy, Human-centered computing","Human and societal aspects of security and privacy, Human computer interaction (HCI)"
'Im trying to learnand Im shooting myself in the foot Beginners Struggles When Solving Binary Exploitation Exercises,Im trying to learnand Im shooting myself in the foot Beginners Struggles When Solving Binary Exploitation Exercises,"Security and privacy, Social and professional topics","Human and societal aspects of security and privacy, Computing education"
'IMF_ Inferred Model-based Fuzzer.,IMF Inferred Model based Fuzzer.,Security and privacy,Software and application security
'Impact Tracing Identifying the Culprit of Misinformation in Encrypted Messaging Systems,Impact Tracing Identifying the Culprit of Misinformation in Encrypted Messaging Systems,"Security and privacy, Human-centered computing","Security services, Collaborative and social computing"
'Imperfect Forward Secrecy_ How Diffie-Hellman Fails in Practice.,Imperfect Forward Secrecy How Diffie Hellman Fails in Practice.,Security and privacy,"Cryptography, Network security"
'Impersonation-as-a-Service_ Characterizing the Emerging Criminal Infrastructure for User Impersonation at Scale.,Impersonation as a Service Characterizing the Emerging Criminal Infrastructure for User Impersonation at Scale.,"Security and privacy, Social and professional topics","Security services, Computing / technology policy, Human and societal aspects of security and privacy"
'Implementing Conjunction Obfuscation Under Entropic Ring LWE.,Implementing Conjunction Obfuscation Under Entropic Ring LWE.,"Security and privacy, Theory of computation","Cryptography, Computational complexity and cryptography"
'Implementing the Exponential Mechanism with Base-2 Differential Privacy.,Implementing the Exponential Mechanism with Base 2 Differential Privacy.,Security and privacy,Software and application security
'ImpROV Measurement and Practical Mitigation of Collateral Damage in RPKI Route Origin Validation,ImpROV Measurement and Practical Mitigation of Collateral Damage in RPKI Route Origin Validation,"Security and privacy, Networks","Network security, Network protocols"
'Improved Reconstruction Attacks on Encrypted Data Using Range Query Leakage.,Improved Reconstruction Attacks on Encrypted Data Using Range Query Leakage.,Security and privacy,"Database and storage security, Cryptography"
'Improving_Developers_Understanding_of_Regex_Denial_of_Service_Tools_through_Anti-Patterns_and_Fix_Strategies,Improving Developers Understanding of Regex Denial of Service Tools through Anti Patterns and Fix Strategies,"Security and privacy, Theory of computation","Software and application security, Formal languages and automata theory"
'Improving_ML_based_Binary_Function_Similarity_Detection_by_Assessing_and_Deprioritizing_Control_Flow_Graph_Features,Improving ML based Binary Function Similarity Detection by Assessing and Deprioritizing Control Flow Graph Features,"Security and privacy, Computing methodologies","Software and application security, Machine learning"
'Improving_Password_Guessing_via_Representation_Learning,Improving Password Guessing via Representation Learning,"Security and privacy, Computing methodologies","Security services, Machine learning"
'Improving_Real_world_Password_Guessing_Attacks_via_Bi_directional_Transformers,Improving Real world Password Guessing Attacks via Bi directional Transformers,"Security and privacy, Computing methodologies","Security services, Machine learning"
'Improving_Robustness_of_ML_Classifiers_against_Realizable_Evasion_Attacks_Using_Conserved_Features,Improving Robustness of ML Classifiers against Realizable Evasion Attacks Using Conserved Features,"Security and privacy, Computing methodologies","Intrusion/anomaly detection and malware mitigation, Machine learning"
'Improving_Signals_Sealed_Sender,Improving Signals Sealed Sender,Security and privacy,"Formal methods and theory of security, Cryptography"
'Improving_the_Ability_of_Thermal_Radiation_Based_Hardware_Trojan_Detection,Improving the Ability of Thermal Radiation Based Hardware Trojan Detection,"Security and privacy, Hardware","Security in hardware, Hardware validation"
'Improving_the_Robustness_of_Transformer_based_Large_Language_Models_with_Dynamic_Attention,Improving the Robustness of Transformer based Large Language Models with Dynamic Attention,"Security and privacy, Computing methodologies","Software and application security, Artificial intelligence"
'Im_going_to_trust_this_until_it_burns_me_Parents_Privacy_Concerns_and_Delegation_of_Trust_in_K_8_Educational_Technology,Im going to trust this until it burns me Parents Privacy Concerns and Delegation of Trust in K 8 Educational Technology,"Security and privacy, Human-centered computing","Human and societal aspects of security and privacy, Human computer interaction (HCI)"
'Im_not_convinced_that_they_dont_collect_more_than_is_necessary_User_Controlled_Data_Minimization_Design_in_Search_Engines,Im not convinced that they dont collect more than is necessary User Controlled Data Minimization Design in Search Engines,"Security and privacy, Information systems","Human and societal aspects of security and privacy, World Wide Web"
'Im_Pretty_Expert_and_I_Still_Screw_It_Up_Qualitative_Insights_into_Experiences_and_Challenges_of_Designing_and_Implementing_Cryptographic_Library_APIs,Im Pretty Expert and I Still Screw It Up Qualitative Insights into Experiences and Challenges of Designing and Implementing Cryptographic Library APIs,"Security and privacy, Human-centered computing","Human and societal aspects of security and privacy, Human computer interaction (HCI)"
'Inadvertently_Making_Cyber_Criminals_Rich_A_Comprehensive_Study_of_Cryptojacking_Campaigns_at_Internet_Scale,Inadvertently Making Cyber Criminals Rich A Comprehensive Study of Cryptojacking Campaigns at Internet Scale,"Security and privacy, Information systems","Intrusion/anomaly detection and malware mitigation, World Wide Web"
'Inaudible_Adversarial_Perturbation_Manipulating_the_Recognition_of_User_Speech_in_Real_Time,Inaudible Adversarial Perturbation Manipulating the Recognition of User Speech in Real Time,"Security and privacy, Computing methodologies","Systems security, Machine learning"
'Incorporating Gradients to Rules Towards Lightweight Adaptive Provenance-based Intrusion Detection,Incorporating Gradients to Rules Towards Lightweight Adaptive Provenance based Intrusion Detection,"Security and privacy, Computing methodologies","Intrusion/anomaly detection and malware mitigation, Machine learning"
'Increasing_Adversarial_Uncertainty_to_Scale_Private_Similarity_Testing,Increasing Adversarial Uncertainty to Scale Private Similarity Testing,"Security and privacy, Information systems","Security services, Information retrieval"
'Incrementally_Updateable_Honey_Password_Vaults,Incrementally Updateable Honey Password Vaults,Security and privacy,"Cryptography, Database and storage security"
'Indistinguishability Prevents Scheduler Side Channels in Real-Time Systems,Indistinguishability Prevents Scheduler Side Channels in Real Time Systems,Security and privacy,Systems security
'Inductive Graph Unlearning,Inductive Graph Unlearning,"Security and privacy, Computing methodologies","Database and storage security, Machine learning"
'Inexpensive_Brainwave_Authentication_New_Techniques_and_Insights_on_User_Acceptance,Inexpensive Brainwave Authentication New Techniques and Insights on User Acceptance,"Security and privacy, Computing methodologies","Security services, Artificial intelligence"
'Inf2Guard_An_Information_Theoretic_Framework_for_Learning_Privacy_Preserving_Representations_against_Inference_Attacks,Inf2Guard An Information Theoretic Framework for Learning Privacy Preserving Representations against Inference Attacks,"Security and privacy, Computing methodologies","Security services, Machine learning"
'Inference Attacks Against Graph Neural Networks,Inference Attacks Against Graph Neural Networks,"Security and privacy, Computing methodologies","Security services, Machine learning"
'Inference Attacks on Property-Preserving Encrypted Databases.,Inference Attacks on Property Preserving Encrypted Databases.,"Security and privacy, Social and professional topics","Database and storage security, Professional topics"
'Inference_of_Error_Specifications_and_Bug_Detection_Using_Structural_Similarities,Inference of Error Specifications and Bug Detection Using Structural Similarities,"Security and privacy, Software and its engineering","Software and application security, Software creation and management"
'Inferring_Phishing_Intention_via_Webpage_Appearance_and_Dynamics_A_Deep_Vision_Based_Approach,Inferring Phishing Intention via Webpage Appearance and Dynamics A Deep Vision Based Approach,"Security and privacy, Computing methodologies","Intrusion/anomaly detection and malware mitigation, Artificial intelligence"
'InfoMasker_Preventing_Eavesdropping_Using_Phoneme_Based_Noise,InfoMasker Preventing Eavesdropping Using Phoneme Based Noise,"Security and privacy, Computing methodologies","Security services, Artificial intelligence"
'Information Leakage in Embedding Models.,Information Leakage in Embedding Models.,Security and privacy,Software and application security
'Information_Based_Heavy_Hitters_for_Real_Time_DNS_Data_Exfiltration_Detection,Information Based Heavy Hitters for Real Time DNS Data Exfiltration Detection,"Security and privacy, Theory of computation","Intrusion/anomaly detection and malware mitigation, Design and analysis of algorithms"
'Information_Flow_Control_in_Machine_Learning_through_Modular_Model_Architecture,Information Flow Control in Machine Learning through Modular Model Architecture,"Security and privacy, Computing methodologies","Systems security, Machine learning"
'Injection_Attacks_Reloaded_Tunnelling_Malicious_Payloads_over_DNS,Injection Attacks Reloaded Tunnelling Malicious Payloads over DNS,Security and privacy,"Network security, Software and application security"
'Inside_Job_Applying_Traffic_Analysis_to_Measure_Tor_from_Within,Inside Job Applying Traffic Analysis to Measure Tor from Within,Security and privacy,"Network security, Security services"
'INSIGHT_Attacking_Industry_Adopted_Learning_Resilient_Logic_Locking_Techniques_Using_Explainable_Graph_Neural_Network,INSIGHT Attacking Industry Adopted Learning Resilient Logic Locking Techniques Using Explainable Graph Neural Network,"Security and privacy, Computing methodologies","Security in hardware, Machine learning"
'Instruction_Backdoor_Attacks_Against_Customized_LLMs,Instruction Backdoor Attacks Against Customized LLMs,"Security and privacy, Computing methodologies","Intrusion/anomaly detection and malware mitigation, Artificial intelligence"
'IntegriDB Verifiable SQL for Outsourced Databases.,IntegriDB Verifiable SQL for Outsourced Databases.,"Security and privacy, Information systems","Database and storage security, Data management systems"
'Integro_Leveraging_Victim_Prediction_for_Robust_Fake_Account_Detection_in_OSNs,Integro Leveraging Victim Prediction for Robust Fake Account Detection in OSNs,"Security and privacy, Computing methodologies","Intrusion/anomaly detection and malware mitigation, Machine learning"
'IntelliDroid_A_Targeted_Input_Generator_for_the_Dynamic_Analysis_of_Android_Malware,IntelliDroid A Targeted Input Generator for the Dynamic Analysis of Android Malware,"Security and privacy, Software and its engineering","Intrusion/anomaly detection and malware mitigation, Software organization and properties"
'Intender_Fuzzing_Intent_Based_Networking_with_Intent_State_Transition_Guidance,Intender Fuzzing Intent Based Networking with Intent State Transition Guidance,"Security and privacy, Networks","Network security, Network architectures"
'Internet_Jones_and_the_Raiders_of_the_Lost_Trackers_An_Archaeological_Study_of_Web_Tracking_from_1996_to_2016,Internet Jones and the Raiders of the Lost Trackers An Archaeological Study of Web Tracking from 1996 to 2016,"Security and privacy, Information systems","Human and societal aspects of security and privacy, World Wide Web"
'Internet_scale_Probing_of_CPS_Inference_Characterization_and_Orchestration_Analysis,Internet scale Probing of CPS Inference Characterization and Orchestration Analysis,"Security and privacy, Networks, Computer systems organization","Intrusion/anomaly detection and malware mitigation, Network performance evaluation, Embedded and cyber-physical systems"
'Interpretable_Deep_Learning_under_Fire,Interpretable Deep Learning under Fire,"Security and privacy, Computing methodologies","Systems security, Machine learning"
'Interpretable_Federated_Transformer_Log_Learning_for_Cloud_Threat_Forensics,Interpretable Federated Transformer Log Learning for Cloud Threat Forensics,"Security and privacy, Computing methodologies","Intrusion/anomaly detection and malware mitigation, Machine learning"
'Interventional Root Cause Analysis of Failures in Multi-Sensor Fusion Perception Systems,Interventional Root Cause Analysis of Failures in Multi Sensor Fusion Perception Systems,"Computing methodologies, Computer systems organization","Artificial intelligence, Embedded and cyber-physical systems"
'Into_the_Dark_Unveiling_Internal_Site_Search_Abused_for_Black_Hat_SEO,Into the Dark Unveiling Internal Site Search Abused for Black Hat SEO,"Security and privacy, Information systems","Software and application security, World Wide Web"
'Into_the_Deep_Web_Understanding_E_commerce_Fraud_from_Autonomous_Chat_with_Cybercriminals,Into the Deep Web Understanding E commerce Fraud from Autonomous Chat with Cybercriminals,"Security and privacy, Information systems","Human and societal aspects of security and privacy, World Wide Web"
'Intriguer Field-Level Constraint Solving for Hybrid Fuzzing.,Intriguer Field Level Constraint Solving for Hybrid Fuzzing.,Security and privacy,Software and application security
'Intriguing Properties of Adversarial ML Attacks in the Problem Space.,Intriguing Properties of Adversarial ML Attacks in the Problem Space.,"Security and privacy, Computing methodologies","Intrusion/anomaly detection and malware mitigation, Machine learning"
'InvalidateCompare_A_Timer_Free_GPU_Cache_Attack_Primitive,InvalidateCompare A Timer Free GPU Cache Attack Primitive,"Security and privacy, Computer systems organization","Security in hardware, Architectures"
'Investigating System Operators' Perspective on Security Misconfigurations.,Investigating System Operators' Perspective on Security Misconfigurations.,"Security and privacy, Social and professional topics","Human and societal aspects of security and privacy, Computing profession"
'Investigating_Ad_Transparency_Mechanisms_in_Social_Media_A_Case_Study_of_Facebooks_Explanations,Investigating Ad Transparency Mechanisms in Social Media A Case Study of Facebooks Explanations,"Security and privacy, Human-centered computing","Human and societal aspects of security and privacy, Collaborative and social computing"
'Investigating_Commercial_Pay_Per_Install_and_the_Distribution_of_Unwanted_Software,Investigating Commercial Pay Per Install and the Distribution of Unwanted Software,"Security and privacy, Information systems","Intrusion/anomaly detection and malware mitigation, World Wide Web"
'Investigating_Moderation_Challenges_to_Combating_Hate_and_Harassment_The_Case_of_Mod_Admin_Power_Dynamics_and_Feature_Misuse_on_Reddit,Investigating Moderation Challenges to Combating Hate and Harassment The Case of Mod Admin Power Dynamics and Feature Misuse on Reddit,"Security and privacy, Human-centered computing","Human and societal aspects of security and privacy, Collaborative and social computing"
'Investigating_Physical_Latency_Attacks_Against_Camera-Based_Perception,Investigating Physical Latency Attacks Against Camera Based Perception,"Security and privacy, Computing methodologies","Systems security, Artificial intelligence"
'Investigating_Verification_Behavior_and_Perceptions_of_Visual_Digital_Certificates,Investigating Verification Behavior and Perceptions of Visual Digital Certificates,"Security and privacy, Human-centered computing","Human and societal aspects of security and privacy, Human computer interaction (HCI)"
'Invisibility_Cloak_Proactive_Defense_Against_Visual_Game_Cheating,Invisibility Cloak Proactive Defense Against Visual Game Cheating,"Security and privacy, Computing methodologies","Software and application security, Artificial intelligence"
'Invisible but Detected Physical Adversarial Shadow Attack and Defense on LiDAR Object Detection,Invisible but Detected Physical Adversarial Shadow Attack and Defense on LiDAR Object Detection,"Security and privacy, Computing methodologies","Security in hardware, Machine learning"
'Invisible for both Camera and LiDAR Security of Multi-Sensor Fusion based Perception in Autonomous Driving Under Physical-World Attacks,Invisible for both Camera and LiDAR Security of Multi Sensor Fusion based Perception in Autonomous Driving Under Physical World Attacks,"Security and privacy, Computing methodologies","Systems security, Machine learning"
'Invisible_Probe_Timing_Attacks_with_PCIe_Congestion_Side-channel,Invisible Probe Timing Attacks with PCIe Congestion Side channel,"Security and privacy, Hardware","Security in hardware, Communication hardware, interfaces and storage"
'Invisible_Reflections_Leveraging_Infrared_Laser_Reflections_to_Target_Traffic_Sign_Perception,Invisible Reflections Leveraging Infrared Laser Reflections to Target Traffic Sign Perception,"Security and privacy, Computing methodologies","Systems security, Artificial intelligence"
'In_the_Quest_to_Protect_Users_from_Side_Channel_Attacks_A_User_Centred_Design_Space_to_Mitigate_Thermal_Attacks_on_Public_Payment_Terminals,In the Quest to Protect Users from Side Channel Attacks A User Centred Design Space to Mitigate Thermal Attacks on Public Payment Terminals,"Security and privacy, Human-centered computing","Security in hardware, Interaction design"
'iOS_Your_OS_Everybodys_OS_Vetting_and_Analyzing_Network_Services_of_iOS_Applications,iOS Your OS Everybodys OS Vetting and Analyzing Network Services of iOS Applications,"Security and privacy, Networks","Software and application security, Network services"
'IoT_Market_Dynamics_An_Analysis_of_Device_Sales_Security_and_Privacy_Signals_and_their_Interactions,IoT Market Dynamics An Analysis of Device Sales Security and Privacy Signals and their Interactions,"Security and privacy, Applied computing","Human and societal aspects of security and privacy, Electronic commerce"
'IO_DSSE_Scaling_Dynamic_Searchable_Encryption_to_Millions_of_Indexes_By_Improving_Locality,IO DSSE Scaling Dynamic Searchable Encryption to Millions of Indexes By Improving Locality,"Security and privacy, Information systems","Database and storage security, Information retrieval"
'IO_Efficient_Dynamic_Searchable_Encryption_meets_Forward_Backward_Privacy,IO Efficient Dynamic Searchable Encryption meets Forward Backward Privacy,Security and privacy,"Database and storage security, Cryptography"
'IPvSeeYou_Exploiting_Leaked_Identifiers_in_IPv6_for_Street-Level_Geolocation,IPvSeeYou Exploiting Leaked Identifiers in IPv6 for Street Level Geolocation,"Security and privacy, Networks","Network security, Network protocols"
'IRRedicator_Pruning_IRR_with_RPKI_Valid_BGP_Insights,IRRedicator Pruning IRR with RPKI Valid BGP Insights,"Security and privacy, Networks","Network security, Network protocols"
'Is Interaction Necessary for Distributed Private Learning,Is Interaction Necessary for Distributed Private Learning,"Security and privacy, Computing methodologies","Security services, Distributed computing methodologies"
'Is your explanation stable A Robustness Evaluation Framework for Feature Attribution,Is your explanation stable A Robustness Evaluation Framework for Feature Attribution,Computing methodologies,Machine learning
'Is_It_a_Trap_A_Large_scale_Empirical_Study_And_Comprehensive_Assessment_of_Online_Automated_Privacy_Policy_Generators_for_Mobile_Apps,Is It a Trap A Large scale Empirical Study And Comprehensive Assessment of Online Automated Privacy Policy Generators for Mobile Apps,"Security and privacy, Human-centered computing","Human and societal aspects of security and privacy, Ubiquitous and mobile computing"
'Is_MPC_Secure_Leveraging_Neural_Network_Classifiers_to_Detect_Data_Leakage_Vulnerabilities_in_MPC_Implementations,Is MPC Secure Leveraging Neural Network Classifiers to Detect Data Leakage Vulnerabilities in MPC Implementations,"Security and privacy, Computing methodologies","Software and application security, Machine learning"
'Is_Private_Learning_Possible_with_Instance_Encoding,Is Private Learning Possible with Instance Encoding,"Security and privacy, Computing methodologies","Security services, Machine learning"
'Is_Real_time_Phishing_Eliminated_with_FIDO_Social_Engineering_Downgrade_Attacks_against_FIDO_Protocols,Is Real time Phishing Eliminated with FIDO Social Engineering Downgrade Attacks against FIDO Protocols,Security and privacy,"Security services, Human and societal aspects of security and privacy"
'Is_Your_Wallet_Snitching_On_You_An_Analysis_on_the_Privacy_Implications_of_Web3,Is Your Wallet Snitching On You An Analysis on the Privacy Implications of Web3,"Security and privacy, Information systems","Software and application security, World Wide Web"
'It's Not What It Looks Like Manipulating Perceptual Hashing based Applications.,It's Not What It Looks Like Manipulating Perceptual Hashing based Applications.,"Computing methodologies, Security and privacy","Machine learning, Software and application security, Human and societal aspects of security and privacy"
'Its_almost_like_Frankenstein_Investigating_the_Complexities_of_Scientific_Collaboration_and_Privilege_Management_within_Research_Computing_Infrastructures,Its almost like Frankenstein Investigating the Complexities of Scientific Collaboration and Privilege Management within Research Computing Infrastructures,"Security and privacy, Human-centered computing","Security services, Collaborative and social computing"
'Its_been_Lovely_Watching_you_Institutional_Decision-Making_on_Online_Proctoring_Software,Its been Lovely Watching you Institutional Decision Making on Online Proctoring Software,"Security and privacy, Applied computing","Human and societal aspects of security and privacy, Education"
'Its_Free_for_a_Reason_Exploring_the_Ecosystem_of_Free_Live_Streaming_Services,Its Free for a Reason Exploring the Ecosystem of Free Live Streaming Services,Security and privacy,"Intrusion/anomaly detection and malware mitigation, Human and societal aspects of security and privacy"
'Its_like_flossing_your_teeth_On_the_Importance_and_Challenges_of_Reproducible_Builds_for_Software_Supply_Chain_Security,Its like flossing your teeth On the Importance and Challenges of Reproducible Builds for Software Supply Chain Security,"Security and privacy, Software and its engineering","Software and application security, Software creation and management"
'Its_the_Company_the_Government_You_and_I_User_Perceptions_of_Responsibility_for_Smart_Home_Privacy_and_Security,Its the Company the Government You and I User Perceptions of Responsibility for Smart Home Privacy and Security,"Security and privacy, Human-centered computing","Human and societal aspects of security and privacy, Human computer interaction (HCI)"
'It_Doesnt_Look_Like_Anything_to_Me_Using_Diffusion_Model_to_Subvert_Visual_Phishing_Detectors,It Doesnt Look Like Anything to Me Using Diffusion Model to Subvert Visual Phishing Detectors,"Security and privacy, Computing methodologies","Intrusion/anomaly detection and malware mitigation, Machine learning"
'IUBIK_Isolating_User_Bytes_in_Commodity_Operating_System_Kernels_via_Memory_Tagging_Extensions,IUBIK Isolating User Bytes in Commodity Operating System Kernels via Memory Tagging Extensions,"Security and privacy, Software and its engineering","Systems security, Software organization and properties"
'I_am_uncomfortable_sharing_what_I_cant_see_Privacy_Concerns_of_the_Visually_Impaired_with_Camera_Based_Assistive_Applications,I am uncomfortable sharing what I cant see Privacy Concerns of the Visually Impaired with Camera Based Assistive Applications,"Security and privacy, Human-centered computing","Human and societal aspects of security and privacy, Accessibility"
'I_chose_to_fight_be_brave_and_to_deal_with_it_Threat_Experiences_and_Security_Practices_of_Pakistani_Content_Creators,I chose to fight be brave and to deal with it Threat Experiences and Security Practices of Pakistani Content Creators,"Security and privacy, Human-centered computing","Human and societal aspects of security and privacy, Collaborative and social computing"
'I_Dont_Know_If_Were_Doing_Good_I_Dont_Know_If_Were_Doing_Bad_Investigating_How_Practitioners_Scope_Motivate_and_Conduct_Privacy_Work_When_Developing_AI_Products,I Dont Know If Were Doing Good I Dont Know If Were Doing Bad Investigating How Practitioners Scope Motivate and Conduct Privacy Work When Developing AI Products,"Security and privacy, Human-centered computing","Human and societal aspects of security and privacy, Human computer interaction (HCI)"
'I_Do_Not_Know_What_You_Visited_Last_Summer_Protecting_users_from_stateful_third_party_web_tracking_with_TrackingFree_browser,I Do Not Know What You Visited Last Summer Protecting users from stateful third party web tracking with TrackingFree browser,"Security and privacy, Information systems","Systems security, World Wide Web"
'I_feel_invaded_annoyed_anxious_and_I_may_protect_myself_Individuals_Feelings_about_Online_Tracking_and_their_Protective_Behaviour_across_Gender_and_Country,I feel invaded annoyed anxious and I may protect myself Individuals Feelings about Online Tracking and their Protective Behaviour across Gender and Country,"Security and privacy, Human-centered computing","Human and societal aspects of security and privacy, Human computer interaction (HCI)"
'I_feel_physically_safe_but_not_politically_safe_Understanding_the_Digital_Threats_and_Safety_Practices_of_OnlyFans_Creators,I feel physically safe but not politically safe Understanding the Digital Threats and Safety Practices of OnlyFans Creators,"Security and privacy, Human-centered computing","Human and societal aspects of security and privacy, Human computer interaction (HCI)"
'I_Have_No_Idea_What_Im_Doing_On_the_Usability_of_Deploying_HTTPS,I Have No Idea What Im Doing On the Usability of Deploying HTTPS,"Security and privacy, Human-centered computing","Human and societal aspects of security and privacy, Human computer interaction (HCI)"
'I_just_hated_it_and_I_want_my_money_back_Data_driven_Understanding_of_Mobile_VPN_Service_Switching_Preferences_in_The_Wild,I just hated it and I want my money back Data driven Understanding of Mobile VPN Service Switching Preferences in The Wild,"Security and privacy, Human-centered computing","Human and societal aspects of security and privacy, Human computer interaction (HCI)"
'I_know_What_You_Sync_Covert_and_Side_Channel_Attacks_on_File_Systems_via_syncfs,I know What You Sync Covert and Side Channel Attacks on File Systems via syncfs,"Security and privacy, Software and its engineering","Systems security, Software organization and properties"
'I_wouldnt_want_my_unsafe_code_to_run_my_pacemaker_An_Interview_Study_on_the_Use_Comprehension_and_Perceived_Risks_of_Unsafe_Rust,I wouldnt want my unsafe code to run my pacemaker An Interview Study on the Use Comprehension and Perceived Risks of Unsafe Rust,"Security and privacy, Software and its engineering","Human and societal aspects of security and privacy, Software creation and management"
'Jaqen_A_High_Performance_Switch_Native_Approach_for_Detecting_and_Mitigating_Volumetric_DDoS_Attacks_with_Programmable_Switches,Jaqen A High Performance Switch Native Approach for Detecting and Mitigating Volumetric DDoS Attacks with Programmable Switches,"Security and privacy, Networks","Network security, Network services"
'Jbeil_Temporal_Graph-Based_Inductive_Learning_to_Infer_Lateral_Movement_in_Evolving_Enterprise_Networks,Jbeil Temporal Graph Based Inductive Learning to Infer Lateral Movement in Evolving Enterprise Networks,"Security and privacy, Computing methodologies","Intrusion/anomaly detection and malware mitigation, Machine learning"
'JBomAudit Assessing the Landscape Compliance and Security Implications of Java SBOMs,JBomAudit Assessing the Landscape Compliance and Security Implications of Java SBOMs,"Security and privacy, Software and its engineering","Software and application security, Software creation and management"
'JBShield Defending Large Language Models from Jailbreak Attacks through Activated Concept Analysis and Manipulation,JBShield Defending Large Language Models from Jailbreak Attacks through Activated Concept Analysis and Manipulation,"Security and privacy, Computing methodologies","Intrusion/anomaly detection and malware mitigation, Machine learning"
'Jigsaw_Puzzle_Selective_Backdoor_Attack_to_Subvert_Malware_Classifiers,Jigsaw Puzzle Selective Backdoor Attack to Subvert Malware Classifiers,"Security and privacy, Computing methodologies","Intrusion/anomaly detection and malware mitigation, Machine learning"
'JN-SAF Precise and Efficient NDKJNI-aware Inter-language Static Analysis Framework for Security Vetting of Android Applications with Native Code.,JN SAF Precise and Efficient NDKJNI aware Inter language Static Analysis Framework for Security Vetting of Android Applications with Native Code.,Security and privacy,Software and application security
'Just the Tip of the Iceberg_ Internet-Scale Exploitation of Routers for Cryptojacking.,Just the Tip of the Iceberg Internet Scale Exploitation of Routers for Cryptojacking.,"Security and privacy, Networks","Network security, Network components"
'Justinians_GAAvernor_Robust_Distributed_Learning_with_Gradient_Aggregation_Agent,Justinians GAAvernor Robust Distributed Learning with Gradient Aggregation Agent,"Security and privacy, Computing methodologies","Systems security, Machine learning"
'Kairos_Practical_Intrusion_Detection_and_Investigation_using_Whole-system_Provenance,Kairos Practical Intrusion Detection and Investigation using Whole system Provenance,"Security and privacy, Computing methodologies","Intrusion/anomaly detection and malware mitigation, Machine learning"
'KalÎµido_Real_Time_Privacy_Control_for_Eye_Tracking_Systems,KalÎµido Real Time Privacy Control for Eye Tracking Systems,"Security and privacy, Human-centered computing","Security services, Human computer interaction (HCI)"
'Karonte_Detecting_Insecure_Multi-binary_Interactions_in_Embedded_Firmware,Karonte Detecting Insecure Multi binary Interactions in Embedded Firmware,"Security and privacy, Computer systems organization","Software and application security, Embedded and cyber-physical systems"
'Kasper_Scanning_for_Generalized_Transient_Execution_Gadgets_in_the_Linux_Kernel,Kasper Scanning for Generalized Transient Execution Gadgets in the Linux Kernel,Security and privacy,"Systems security, Security in hardware"
'Keep me Updated_ An Empirical Study of Third-Party Library Updatability on Android.,Keep me Updated An Empirical Study of Third Party Library Updatability on Android.,"Security and privacy, Software and its engineering","Software and application security, Software creation and management"
'Keep_Your_Friends_Close_but_Your_Routeservers_Closer_Insights_into_RPKI_Validation_in_the_Internet,Keep Your Friends Close but Your Routeservers Closer Insights into RPKI Validation in the Internet,"Security and privacy, Networks","Network security, Network protocols"
'KEH_Gait_Towards_a_Mobile_Healthcare_User_Authentication_System_by_Kinetic_Energy_Harvesting,KEH Gait Towards a Mobile Healthcare User Authentication System by Kinetic Energy Harvesting,"Security and privacy, Human-centered computing","Security services, Ubiquitous and mobile computing"
'KENKU_Towards_Efficient_and_Stealthy_Black_box_Adversarial_Attacks_against_ASR_Systems,KENKU Towards Efficient and Stealthy Black box Adversarial Attacks against ASR Systems,"Security and privacy, Computing methodologies","Software and application security, Machine learning"
'KextFuzz_Fuzzing_macOS_Kernel_EXTensions_on_Apple_Silicon_via_Exploiting_Mitigations,KextFuzz Fuzzing macOS Kernel EXTensions on Apple Silicon via Exploiting Mitigations,Security and privacy,"Systems security, Software and application security"
'Khaleesi_Breaker_of_Advertising_and_Tracking_Request_Chains,Khaleesi Breaker of Advertising and Tracking Request Chains,"Security and privacy, Computing methodologies","Systems security, Machine learning"
'KHyperLogLog Estimating Reidentifiability and Joinability of Large Data at Scale.,KHyperLogLog Estimating Reidentifiability and Joinability of Large Data at Scale.,"Security and privacy, Information systems","Database and storage security, Data management systems"
'Kiss from a Rogue Evaluating Detectability of Pay-at-the-Pump Card Skimmers.,Kiss from a Rogue Evaluating Detectability of Pay at the Pump Card Skimmers.,Security and privacy,"Security in hardware, Human and societal aspects of security and privacy"
'Kitsune_An_Ensemble_of_Autoencoders_for_Online_Network_Intrusion_Detection,Kitsune An Ensemble of Autoencoders for Online Network Intrusion Detection,"Security and privacy, Computing methodologies","Intrusion/anomaly detection and malware mitigation, Machine learning"
'Knock_Knock_Whos_There_Membership_Inference_on_Aggregate_Location_Data,Knock Knock Whos There Membership Inference on Aggregate Location Data,"Security and privacy, Computing methodologies","Database and storage security, Machine learning"
'Knowledge_Expansion_and_Counterfactual_Interaction_for_Reference_Based_Phishing_Detection,Knowledge Expansion and Counterfactual Interaction for Reference Based Phishing Detection,"Security and privacy, Computing methodologies","Intrusion/anomaly detection and malware mitigation, Machine learning"
'KnowPhish_Large_Language_Models_Meet_Multimodal_Knowledge_Graphs_for_Enhancing_Reference_Based_Phishing_Detection,KnowPhish Large Language Models Meet Multimodal Knowledge Graphs for Enhancing Reference Based Phishing Detection,"Security and privacy, Computing methodologies","Intrusion/anomaly detection and malware mitigation, Machine learning"
'Know_Your_Cybercriminal_Evaluating_Attacker_Preferences_by_Measuring_Profile_Sales_on_an_Active_Leading_Criminal_Market_for_User_Impersonation_at_Scale,Know Your Cybercriminal Evaluating Attacker Preferences by Measuring Profile Sales on an Active Leading Criminal Market for User Impersonation at Scale,"Security and privacy, Information systems","Human and societal aspects of security and privacy, World Wide Web"
'KOOBE_Towards_Facilitating_Exploit_Generation_of_Kernel_Out_Of_Bounds_Write_Vulnerabilities,KOOBE Towards Facilitating Exploit Generation of Kernel Out Of Bounds Write Vulnerabilities,"Security and privacy, Software and its engineering","Systems security, Software organization and properties"
'k_fingerprinting_A_Robust_Scalable_Website_Fingerprinting_Technique,k fingerprinting A Robust Scalable Website Fingerprinting Technique,"Security and privacy, Computing methodologies","Security services, Machine learning"
'K_LEAK_Towards_Automating_the_Generation_of_Multi_Step_Infoleak_Exploits_against_the_Linux_Kernel,K LEAK Towards Automating the Generation of Multi Step Infoleak Exploits against the Linux Kernel,"Security and privacy, Software and its engineering","Systems security, Software organization and properties"
'L-HAWK A Controllable Physical Adversarial Patch Against a Long-Distance Target,L HAWK A Controllable Physical Adversarial Patch Against a Long Distance Target,"Security and privacy, Computing methodologies","Security in hardware, Machine learning"
'Labeled PSI from Homomorphic Encryption with Reduced Computation and Communication,Labeled PSI from Homomorphic Encryption with Reduced Computation and Communication,Security and privacy,Cryptography
'Label_Inference_Attacks_Against_Vertical_Federated_Learning,Label Inference Attacks Against Vertical Federated Learning,"Security and privacy, Computing methodologies","Security services, Machine learning"
'LADDER Multi-Objective Backdoor Attack via Evolutionary Algorithm,LADDER Multi Objective Backdoor Attack via Evolutionary Algorithm,"Security and privacy, Computing methodologies","Intrusion/anomaly detection and malware mitigation, Machine learning"
'Lalaine_Measuring_and_Characterizing_Non_Compliance_of_Apple_Privacy_Labels,Lalaine Measuring and Characterizing Non Compliance of Apple Privacy Labels,"Security and privacy, Computing methodologies","Human and societal aspects of security and privacy, Machine learning"
'Lambretta_Learning_to_Rank_for_Twitter_Soft_Moderation,Lambretta Learning to Rank for Twitter Soft Moderation,"Security and privacy, Computing methodologies","Human and societal aspects of security and privacy, Machine learning"
'LAMP Lightweight Approaches for Latency Minimization in Mixnets with Practical Deployment Considerations,LAMP Lightweight Approaches for Latency Minimization in Mixnets with Practical Deployment Considerations,"Security and privacy, Networks","Network security, Network performance evaluation"
'LanDscAPe_Exploring_LDAP_weaknesses_and_data_leaks_at_Internet_scale,LanDscAPe Exploring LDAP weaknesses and data leaks at Internet scale,"Security and privacy, Information systems","Database and storage security, Data management systems"
'Landscape_More_Secure_Than_Portrait_Zooming_Into_the_Directionality_of_Digital_Images_With_Security_Implications,Landscape More Secure Than Portrait Zooming Into the Directionality of Digital Images With Security Implications,"Security and privacy, Computing methodologies","Intrusion/anomaly detection and malware mitigation, Artificial intelligence"
'Large Language Models for CodeSecurity Hardening and Adversarial Testing,Large Language Models for CodeSecurity Hardening and Adversarial Testing,"Computing methodologies, Security and privacy","Machine learning, Software and application security"
'Large-Scale and Language-Oblivious Code Authorship Identification.,Large Scale and Language Oblivious Code Authorship Identification.,"Security and privacy, Computing methodologies","Software and application security, Machine learning"
'Large_Language_Models_for_Code_Analysis_Do_LLMs_Really_Do_Their_Job,Large Language Models for Code Analysis Do LLMs Really Do Their Job,"Security and privacy, Computing methodologies","Software and application security, Machine learning"
'LARMix_Latency_Aware_Routing_in_Mix_Networks,LARMix Latency Aware Routing in Mix Networks,"Security and privacy, Networks","Security services, Network protocols"
'LaserAdv_Laser_Adversarial_Attacks_on_Speech_Recognition_Systems,LaserAdv Laser Adversarial Attacks on Speech Recognition Systems,"Security and privacy, Computing methodologies","Systems security, Machine learning"
'Latent Backdoor Attacks on Deep Neural Networks.,Latent Backdoor Attacks on Deep Neural Networks.,"Security and privacy, Computing methodologies","Software and application security, Machine learning, Artificial intelligence"
'Latex_Gloves_Protecting_Browser_Extensions_from_Probing_and_Revelation_Attacks,Latex Gloves Protecting Browser Extensions from Probing and Revelation Attacks,"Security and privacy, Information systems","Systems security, World Wide Web"
'LazyTAP_On-Demand_Data_Minimization_for_Trigger-Action_Applications,LazyTAP On Demand Data Minimization for Trigger Action Applications,"Security and privacy, Software and its engineering","Human and societal aspects of security and privacy, Software organization and properties"
"'LEAF_ A Faster Secure Search Algorithm via Localization, Extraction, and Reconstruction.","LEAF A Faster Secure Search Algorithm via Localization, Extraction, and Reconstruction.",Security and privacy,"Database and storage security, Cryptography"
'Leakage-Abuse Attacks against Order-Revealing Encryption.,Leakage Abuse Attacks against Order Revealing Encryption.,Security and privacy,"Database and storage security, Cryptography"
'Leakage-Abuse Attacks Against Searchable Encryption.,Leakage Abuse Attacks Against Searchable Encryption.,Security and privacy,"Database and storage security, Cryptography"
'Leakage_Abuse_Attacks_Against_Structured_Encryption_for_SQL,Leakage Abuse Attacks Against Structured Encryption for SQL,"Security and privacy, Information systems","Database and storage security, Data management systems"
'Leakage_of_Dataset_Properties_in_Multi_Party_Machine_Learning,Leakage of Dataset Properties in Multi Party Machine Learning,"Security and privacy, Computing methodologies","Security services, Machine learning"
'Leaking_the_Privacy_of_Groups_and_More_Understanding_Privacy_Risks_of_Cross_App_Content_Sharing_in_Mobile_Ecosystem,Leaking the Privacy of Groups and More Understanding Privacy Risks of Cross App Content Sharing in Mobile Ecosystem,"Security and privacy, Human-centered computing","Systems security, Ubiquitous and mobile computing"
'LeakLess Selective Data Protection against Memory Leakage Attacks for Serverless Platforms,LeakLess Selective Data Protection against Memory Leakage Attacks for Serverless Platforms,"Security and privacy, Software and its engineering","Systems security, Software organization and properties"
'Leaky_Forms_A_Study_of_Email_and_Password_Exfiltration_Before_Form_Submission,Leaky Forms A Study of Email and Password Exfiltration Before Form Submission,Security and privacy,"Software and application security, Human and societal aspects of security and privacy"
'Learning from Functionality Outputs Private Join and Compute in the Real World,Learning from Functionality Outputs Private Join and Compute in the Real World,"Security and privacy, Information systems","Security services, Data management systems"
'Learning from Limited Heterogeneous Training Data Meta-Learning for Unsupervised Zero-Day Web Attack Detection across Web Domains,Learning from Limited Heterogeneous Training Data Meta Learning for Unsupervised Zero Day Web Attack Detection across Web Domains,Security and privacy,Intrusion/anomaly detection and malware mitigation
'Learning from Mutants Using Code Mutation to Learn and Monitor Invariants of a Cyber-Physical System.,Learning from Mutants Using Code Mutation to Learn and Monitor Invariants of a Cyber Physical System.,"Security and privacy, Computer systems organization","Intrusion/anomaly detection and malware mitigation, Embedded and cyber-physical systems"
'Learning Security Classifiers with,Learning Security Classifiers with,"Security and privacy, Computing methodologies","Formal methods and theory of security, Machine learning"
'Learning to Fuzz from Symbolic Execution with Application to Smart Contracts.,Learning to Fuzz from Symbolic Execution with Application to Smart Contracts.,Security and privacy,Software and application security
'Learning_based_Practical_Smartphone_Eavesdropping_with_Built_in_Accelerometer,Learning based Practical Smartphone Eavesdropping with Built in Accelerometer,"Security and privacy, Computing methodologies","Security in hardware, Machine learning"
'Learning_Differentially_Private_Mechanisms,Learning Differentially Private Mechanisms,"Security and privacy, Computing methodologies","Security services, Machine learning"
'Learning_from_Censored_Experiences_Social_Media_Discussions_around_Censorship_Circumvention_Technologies,Learning from Censored Experiences Social Media Discussions around Censorship Circumvention Technologies,Security and privacy,"Human and societal aspects of security and privacy, Network security"
'Learning_Normality_is_Enough_A_Software_based_Mitigation_against_Inaudible_Voice_Attacks,Learning Normality is Enough A Software based Mitigation against Inaudible Voice Attacks,"Security and privacy, Computing methodologies","Intrusion/anomaly detection and malware mitigation, Machine learning"
'Learning_with_Semantics_Towards_a_Semantics_Aware_Routing_Anomaly_Detection_System,Learning with Semantics Towards a Semantics Aware Routing Anomaly Detection System,"Security and privacy, Networks","Intrusion/anomaly detection and malware mitigation, Network protocols"
'LEMNA Explaining Deep Learning based Security Applications.,LEMNA Explaining Deep Learning based Security Applications.,Social and professional topics,Computing / technology policy
'Lend Me Your Beam Privacy Implications of Plaintext Beamforming Feedback in WiFi,Lend Me Your Beam Privacy Implications of Plaintext Beamforming Feedback in WiFi,"Security and privacy, Networks","Network security, Network protocols"
'Lend_Me_Your_Ear_Passive_Remote_Physical_Side_Channels_on_PCs,Lend Me Your Ear Passive Remote Physical Side Channels on PCs,"Security and privacy, Computing methodologies","Security in hardware, Machine learning"
'Length_Leakage_in_Oblivious_Data_Access_Mechanisms,Length Leakage in Oblivious Data Access Mechanisms,"Security and privacy, Information systems","Database and storage security, Data management systems"
'Less_Defined_Knowledge_and_More_True_Alarms_Reference_based_Phishing_Detection_without_a_Pre_defined_Reference_List,Less Defined Knowledge and More True Alarms Reference based Phishing Detection without a Pre defined Reference List,"Security and privacy, Computing methodologies","Intrusion/anomaly detection and malware mitigation, Machine learning"
'Less_is_More_Quantifying_the_Security_Benefits_of_Debloating_Web_Applications,Less is More Quantifying the Security Benefits of Debloating Web Applications,"Security and privacy, Software and its engineering","Software and application security, Software creation and management"
'Less_is_More_Revisiting_the_Gaussian_Mechanism_for_Differential_Privacy,Less is More Revisiting the Gaussian Mechanism for Differential Privacy,"Security and privacy, Mathematics of computing","Security services, Probability and statistics"
'Let's Downgrade Let's Encrypt,Let's Downgrade Let's Encrypt,Security and privacy,Network security
'Let's Encrypt An Automated Certificate Authority to Encrypt the Entire Web.,Let's Encrypt An Automated Certificate Authority to Encrypt the Entire Web.,"Networks, Security and privacy","Network protocols, Security services, Human and societal aspects of security and privacy"
'Let's Go in for a Closer Look Observing Passwords in Their Natural Habitat.,Let's Go in for a Closer Look Observing Passwords in Their Natural Habitat.,Security and privacy,"Security services, Human and societal aspects of security and privacy"
'Lets_Get_Visual_-_Testing_Visual_Analogies_and_Metaphors_for_Conveying_Privacy_Policies_and_Data_Handling_Information,Lets Get Visual Testing Visual Analogies and Metaphors for Conveying Privacy Policies and Data Handling Information,"Security and privacy, Human-centered computing","Human and societal aspects of security and privacy, Human computer interaction (HCI)"
'Lets_Revoke_Scalable_Global_Certificate_Revocation,Lets Revoke Scalable Global Certificate Revocation,"Security and privacy, Networks","Security services, Network protocols"
'Lets_Stride_Blindfolded_in_a_Forest_Sublinear_Multi_Client_Decision_Trees_Evaluation,Lets Stride Blindfolded in a Forest Sublinear Multi Client Decision Trees Evaluation,"Security and privacy, Computing methodologies","Security services, Machine learning"
'Let_Me_Unwind_That_For_You_Exceptions_to_Backward_Edge_Protection,Let Me Unwind That For You Exceptions to Backward Edge Protection,"Security and privacy, Software and its engineering","Systems security, Software organization and properties"
'Leveraging_Prefix_Structure_to_Detect_Volumetric_DDoS_Attack_Signatures_with_Programmable_Switches,Leveraging Prefix Structure to Detect Volumetric DDoS Attack Signatures with Programmable Switches,"Security and privacy, Networks","Intrusion/anomaly detection and malware mitigation, Network algorithms"
'Leveraging_Semantic_Relations_in_Code_and_Data_to_Enhance_Taint_Analysis_of_Embedded_Systems,Leveraging Semantic Relations in Code and Data to Enhance Taint Analysis of Embedded Systems,"Security and privacy, Computer systems organization","Software and application security, Embedded and cyber-physical systems"
'LevioSA Lightweight Secure Arithmetic Computation.,LevioSA Lightweight Secure Arithmetic Computation.,"Security and privacy, Theory of computation","Cryptography, Computational complexity and cryptography"
'LibAFL A Framework to Build Modular and Reusable Fuzzers,LibAFL A Framework to Build Modular and Reusable Fuzzers,"Security and privacy, Software and its engineering","Software and application security, Software notations and tools"
'LibScan_Towards_More_Precise_Third_Party_Library_Identification_for_Android_Applications,LibScan Towards More Precise Third Party Library Identification for Android Applications,Security and privacy,"Software and application security, Intrusion/anomaly detection and malware mitigation"
'LiDAR_Spoofing_Meets_the_New_Gen_Capability_Improvements_Broken_Assumptions_and_New_Attack_Strategies,LiDAR Spoofing Meets the New Gen Capability Improvements Broken Assumptions and New Attack Strategies,"Security and privacy, Computing methodologies","Security in hardware, Machine learning"
'Lies in the Air_ Characterizing Fake-base-station Spam Ecosystem in China.,Lies in the Air Characterizing Fake base station Spam Ecosystem in China.,"Information systems, Security and privacy","World Wide Web, Network security"
'Lifelong Anomaly Detection Through Unlearning.,Lifelong Anomaly Detection Through Unlearning.,"Security and privacy, Information systems, Computing methodologies","Intrusion/anomaly detection and malware mitigation, Information systems applications, Machine learning"
'Life_after_Speech_Recognition_Fuzzing_Semantic_Misinterpretation_for_Voice_Assistant_Applications,Life after Speech Recognition Fuzzing Semantic Misinterpretation for Voice Assistant Applications,"Security and privacy, Computing methodologies","Software and application security, Artificial intelligence"
'LIGHTBLUE_Automatic_Profile_Aware_Debloating_of_Bluetooth_Stacks,LIGHTBLUE Automatic Profile Aware Debloating of Bluetooth Stacks,"Security and privacy, Software and its engineering","Systems security, Software organization and properties"
'LightShed Defeating Perturbation-based Image Copyright Protections,LightShed Defeating Perturbation based Image Copyright Protections,"Security and privacy, Computing methodologies","Intrusion/anomaly detection and malware mitigation, Machine learning"
'Like_Comment_Get_Scammed_Characterizing_Comment_Scams_on_Media_Platforms,Like Comment Get Scammed Characterizing Comment Scams on Media Platforms,"Security and privacy, Information systems","Human and societal aspects of security and privacy, World Wide Web"
'Limiting the Impact of Stealthy Attacks on Industrial Control Systems.,Limiting the Impact of Stealthy Attacks on Industrial Control Systems.,"Security and privacy, Computer systems organization","Intrusion/anomaly detection and malware mitigation, Embedded and cyber-physical systems"
'Limits_of_I_O_Based_Ransomware_Detection_An_Imitation_Based_Attack,Limits of I O Based Ransomware Detection An Imitation Based Attack,Security and privacy,"Intrusion/anomaly detection and malware mitigation, Systems security"
'LinkMirage_Enabling_Privacy_preserving_Analytics_on_Social_Relationships,LinkMirage Enabling Privacy preserving Analytics on Social Relationships,"Security and privacy, Human-centered computing","Security services, Collaborative and social computing"
'LINKTELLER_Recovering_Private_Edges_from_Graph_Neural_Networks_via_Influence_Analysis,LINKTELLER Recovering Private Edges from Graph Neural Networks via Influence Analysis,"Security and privacy, Computing methodologies","Security services, Machine learning"
'Liveness_is_Not_Enough_Enhancing_Fingerprint_Authentication_with_Behavioral_Biometrics_to_Defeat_Puppet_Attacks,Liveness is Not Enough Enhancing Fingerprint Authentication with Behavioral Biometrics to Defeat Puppet Attacks,"Security and privacy, Computing methodologies","Security services, Artificial intelligence"
'LLMmap Fingerprinting for Large Language Models,LLMmap Fingerprinting for Large Language Models,"Security and privacy, Computing methodologies","Software and application security, Machine learning"
'LLMPirate LLMs for Black-box Hardware IP Piracy,LLMPirate LLMs for Black box Hardware IP Piracy,"Security and privacy, Hardware","Security in hardware, Electronic design automation"
'LLM_Fuzzer_Scaling_Assessment_of_Large_Language_Model_Jailbreaks,LLM Fuzzer Scaling Assessment of Large Language Model Jailbreaks,"Security and privacy, Computing methodologies","Systems security, Artificial intelligence"
'LMSanitator_Defending_Prompt_Tuning_Against_Task_Agnostic_Backdoors,LMSanitator Defending Prompt Tuning Against Task Agnostic Backdoors,"Security and privacy, Computing methodologies","Intrusion/anomaly detection and malware mitigation, Machine learning"
'Locally_Differentially_Private_Analysis_of_Graph_Statistics,Locally Differentially Private Analysis of Graph Statistics,"Security and privacy, Theory of computation","Security services, Design and analysis of algorithms"
'Locally_Differentially_Private_Frequency_Estimation_Based_on_Convolution_Framework,Locally Differentially Private Frequency Estimation Based on Convolution Framework,"Security and privacy, Mathematics of computing","Security services, Probability and statistics"
'Locally_Differentially_Private_Frequency_Estimation_with_Consistency,Locally Differentially Private Frequency Estimation with Consistency,"Security and privacy, Mathematics of computing","Security services, Probability and statistics"
'Locally_Differentially_Private_Frequent_Itemset_Mining,Locally Differentially Private Frequent Itemset Mining,"Security and privacy, Information systems","Security services, Information systems applications"
'Locally_Differentially_Private_Protocols_for_Frequency_Estimation,Locally Differentially Private Protocols for Frequency Estimation,"Security and privacy, Mathematics of computing","Security services, Probability and statistics"
'Locally_Differentially_Private_Sparse_Vector_Aggregation,Locally Differentially Private Sparse Vector Aggregation,"Security and privacy, Theory of computation","Security services, Design and analysis of algorithms"
'Local_and_Central_Differential_Privacy_for_Robustness_and_Privacy_in_Federated_Learning,Local and Central Differential Privacy for Robustness and Privacy in Federated Learning,"Security and privacy, Computing methodologies","Security services, Machine learning"
'Locating the Security Patches for Disclosed OSS Vulnerabilities with Vulnerability-Commit Correlation Ranking,Locating the Security Patches for Disclosed OSS Vulnerabilities with Vulnerability Commit Correlation Ranking,"Security and privacy, Software and its engineering","Software and application security, Software creation and management"
'LocIn_Inferring_Semantic_Location_from_Spatial_Maps_in_Mixed_Reality,LocIn Inferring Semantic Location from Spatial Maps in Mixed Reality,"Security and privacy, Computing methodologies","Human and societal aspects of security and privacy, Artificial intelligence"
'Log2vec_ A Heterogeneous Graph Embedding Based Approach for Detecting Cyber Threats within Enterprise.,Log2vec A Heterogeneous Graph Embedding Based Approach for Detecting Cyber Threats within Enterprise.,Computing methodologies,Machine learning
'LogicMEM_Automatic_Profile_Generation_for_Binary_Only_Memory_Forensics_via_Logic_Inference,LogicMEM Automatic Profile Generation for Binary Only Memory Forensics via Logic Inference,"Security and privacy, Software and its engineering","Systems security, Software organization and properties"
'Log_Its_Big_Its_Heavy_Its_Filled_with_Personal_Data_Measuring_the_Logging_of_Sensitive_Information_in_the_Android_Ecosystem,Log Its Big Its Heavy Its Filled with Personal Data Measuring the Logging of Sensitive Information in the Android Ecosystem,Security and privacy,"Systems security, Human and societal aspects of security and privacy"
'LOHEN Layer-wise Optimizations for Neural Network Inferences over Encrypted Data with High Performance or Accuracy,LOHEN Layer wise Optimizations for Neural Network Inferences over Encrypted Data with High Performance or Accuracy,"Security and privacy, Computing methodologies","Cryptography, Machine learning"
'Loki_Hardening_Code_Obfuscation_Against_Automated_Attacks,Loki Hardening Code Obfuscation Against Automated Attacks,"Security and privacy, Software and its engineering","Software and application security, Software organization and properties"
'Lombard-VLD_Voice_Liveness_Detection_Based_on_Human_Auditory_Feedback,Lombard VLD Voice Liveness Detection Based on Human Auditory Feedback,"Security and privacy, Computing methodologies","Security services, Artificial intelligence"
'Looking_from_the_Mirror_Evaluating_IoT_Device_Security_through_Mobile_Companion_Apps,Looking from the Mirror Evaluating IoT Device Security through Mobile Companion Apps,"Security and privacy, Computer systems organization","Software and application security, Embedded and cyber-physical systems"
'Loophole_Timing_Attacks_on_Shared_Event_Loops_in_Chrome,Loophole Timing Attacks on Shared Event Loops in Chrome,"Security and privacy, Software and its engineering","Systems security, Software organization and properties"
'Lost in the Mists of Time Expirations in DNS Footprints of Mobile Apps,Lost in the Mists of Time Expirations in DNS Footprints of Mobile Apps,"Security and privacy, Human-centered computing","Network security, Ubiquitous and mobile computing"
'Lost_at_C_A_User_Study_on_the_Security_Implications_of_Large_Language_Model_Code_Assistants,Lost at C A User Study on the Security Implications of Large Language Model Code Assistants,"Security and privacy, Human-centered computing","Software and application security, Human computer interaction (HCI)"
'Lotto_Secure_Participant_Selection_against_Adversarial_Servers_in_Federated_Learning,Lotto Secure Participant Selection against Adversarial Servers in Federated Learning,Security and privacy,"Security services, Cryptography"
'Low-Cost_and_Robust_Global_Time_Synchronization,Low Cost and Robust Global Time Synchronization,"Security and privacy, Networks","Network security, Network protocols"
'Low-effort_VR_Headset_User_Authentication_Using_Head-reverberated_Sounds_with_Replay_Resistance,Low effort VR Headset User Authentication Using Head reverberated Sounds with Replay Resistance,"Security and privacy, Computing methodologies","Security services, Artificial intelligence"
'Low_Quality_Training_Data_Only_A_Robust_Framework_for_Detecting_Encrypted_Malicious_Network_Traffic,Low Quality Training Data Only A Robust Framework for Detecting Encrypted Malicious Network Traffic,"Security and privacy, Computing methodologies","Intrusion/anomaly detection and malware mitigation, Machine learning"
'LO_PHI_Low_Observable_Physical_Host_Instrumentation_for_Malware_Analysis,LO PHI Low Observable Physical Host Instrumentation for Malware Analysis,"Security and privacy, Hardware","Intrusion/anomaly detection and malware mitigation, Communication hardware, interfaces and storage"
'LPGNet Link Private Graph Networks for Node Classification,LPGNet Link Private Graph Networks for Node Classification,"Information systems, Security and privacy","Information systems applications, Database and storage security, Security services"
'Lumos_Identifying_and_Localizing_Diverse_Hidden_IoT_Devices_in_an_Unfamiliar_Environment,Lumos Identifying and Localizing Diverse Hidden IoT Devices in an Unfamiliar Environment,"Security and privacy, Computing methodologies","Intrusion/anomaly detection and malware mitigation, Machine learning"
'Lurking Malice in the Cloud_ Understanding and Detecting Cloud Repository as a Malicious Service.,Lurking Malice in the Cloud Understanding and Detecting Cloud Repository as a Malicious Service.,"Security and privacy, Information systems","Intrusion/anomaly detection and malware mitigation, World Wide Web"
'Lurking_in_the_shadows_Unveiling_Stealthy_Backdoor_Attacks_against_Personalized_Federated_Learning,Lurking in the shadows Unveiling Stealthy Backdoor Attacks against Personalized Federated Learning,"Security and privacy, Computing methodologies","Intrusion/anomaly detection and malware mitigation, Machine learning"
'M2R_Enabling_Stronger_Privacy_in_MapReduce_Computation,M2R Enabling Stronger Privacy in MapReduce Computation,"Security and privacy, Information systems","Security services, Data management systems"
'Machine Against the RAG Jamming Retrieval-Augmented Generation with Blocker Documents,Machine Against the RAG Jamming Retrieval Augmented Generation with Blocker Documents,"Security and privacy, Information systems","Software and application security, Information retrieval"
'Machine Learning Models that Remember Too Much.,Machine Learning Models that Remember Too Much.,Security and privacy,Software and application security
'Machine Learning with Membership Privacy using Adversarial Regularization.,Machine Learning with Membership Privacy using Adversarial Regularization.,"Security and privacy, Computing methodologies","Security services, Machine learning"
'Machine_Learning_Classification_over_Encrypted_Data,Machine Learning Classification over Encrypted Data,"Security and privacy, Computing methodologies","Cryptography, Machine learning"
'Machine_Learning_needs_Better_Randomness_Standards_Randomised_Smoothing_and_PRNG_based_attacks,Machine Learning needs Better Randomness Standards Randomised Smoothing and PRNG based attacks,"Security and privacy, Computing methodologies","Cryptography, Machine learning"
'Machine_Learning_with_Privacy_for_Protected_Attributes,Machine Learning with Privacy for Protected Attributes,"Security and privacy, Computing methodologies","Security services, Machine learning"
'Machine_Unlearning,Machine Unlearning,"Security and privacy, Computing methodologies","Security services, Machine learning"
'Machine_Unlearning_of_Features_and_Labels,Machine Unlearning of Features and Labels,"Security and privacy, Computing methodologies","Database and storage security, Machine learning"
'MAGIC_Detecting_Advanced_Persistent_Threats_via_Masked_Graph_Representation_Learning,MAGIC Detecting Advanced Persistent Threats via Masked Graph Representation Learning,"Security and privacy, Computing methodologies","Intrusion/anomaly detection and malware mitigation, Machine learning"
'Maginot_Line_Assessing_a_New_Cross_app_Threat_to_PII_as_Factor_Authentication_in_Chinese_Mobile_Apps,Maginot Line Assessing a New Cross app Threat to PII as Factor Authentication in Chinese Mobile Apps,"Security and privacy, Human-centered computing","Security services, Ubiquitous and mobile computing"
'Magmaw Modality-Agnostic Adversarial Attacks on Machine Learning-Based Wireless Communication Systems,Magmaw Modality Agnostic Adversarial Attacks on Machine Learning Based Wireless Communication Systems,"Security and privacy, Computing methodologies","Network security, Machine learning"
'MagNet_ A Two-Pronged Defense against Adversarial Examples.,MagNet A Two Pronged Defense against Adversarial Examples.,"Security and privacy, Computing methodologies","Software and application security, Machine learning"
'Make Some ROOM for the Zeros Data Sparsity in Secure Distributed Machine Learning.,Make Some ROOM for the Zeros Data Sparsity in Secure Distributed Machine Learning.,"Security and privacy, Computing methodologies","Security services, Machine learning"
'Make_a_Feint_to_the_East_While_Attacking_in_the_West_Blinding_LLM-Based_Code_Auditors_with_Flashboom_Attacks,Make a Feint to the East While Attacking in the West Blinding LLM Based Code Auditors with Flashboom Attacks,"Security and privacy, Computing methodologies","Software and application security, Machine learning"
'Making_Them_Ask_and_Answer_Jailbreaking_Large_Language_Models_in_Few_Queries_via_Disguise_and_Reconstruction,Making Them Ask and Answer Jailbreaking Large Language Models in Few Queries via Disguise and Reconstruction,"Security and privacy, Computing methodologies","Software and application security, Machine learning"
'MalGene Automatic Extraction of Malware Analysis Evasion Signature.,MalGene Automatic Extraction of Malware Analysis Evasion Signature.,"Security and privacy, Applied computing","Intrusion/anomaly detection and malware mitigation, Life and medical sciences"
'MALintent Coverage Guided Intent Fuzzing Framework for Android,MALintent Coverage Guided Intent Fuzzing Framework for Android,"Security and privacy, Software and its engineering","Software and application security, Software creation and management"
'Malla_Demystifying_Real_world_Large_Language_Model_Integrated_Malicious_Services,Malla Demystifying Real world Large Language Model Integrated Malicious Services,"Security and privacy, Computing methodologies","Intrusion/anomaly detection and malware mitigation, Artificial intelligence"
'MalMax Multi-Aspect Execution for Automated Dynamic Web Server Malware Analysis.,MalMax Multi Aspect Execution for Automated Dynamic Web Server Malware Analysis.,Security and privacy,"Intrusion/anomaly detection and malware mitigation, Software and application security, Systems security"
'MaMaDroid_Detecting_Android_Malware_by_Building_Markov_Chains_of_Behavioral_Models,MaMaDroid Detecting Android Malware by Building Markov Chains of Behavioral Models,"Security and privacy, Computing methodologies","Intrusion/anomaly detection and malware mitigation, Machine learning"
'MaMIoT Manipulation of Energy Market Leveraging High Wattage IoT Botnets,MaMIoT Manipulation of Energy Market Leveraging High Wattage IoT Botnets,Security and privacy,"Human and societal aspects of security and privacy, Systems security"
'Manipulating Machine Learning Poisoning Attacks and Countermeasures for Regression Learning.,Manipulating Machine Learning Poisoning Attacks and Countermeasures for Regression Learning.,"Security and privacy, Computing methodologies","Intrusion/anomaly detection and malware mitigation, Machine learning"
'Manipulating_the_Byzantine_Optimizing_Model_Poisoning_Attacks_and_Defenses_for_Federated_Learning,Manipulating the Byzantine Optimizing Model Poisoning Attacks and Defenses for Federated Learning,"Security and privacy, Computing methodologies","Intrusion/anomaly detection and malware mitigation, Machine learning"
'Manipulation_Attacks_in_Local_Differential_Privacy,Manipulation Attacks in Local Differential Privacy,"Security and privacy, Mathematics of computing","Security services, Probability and statistics"
'MANTIS_Detection_of_Zero-Day_Malicious_Domains_Leveraging_Low_Reputed_Hosting_Infrastructure,MANTIS Detection of Zero Day Malicious Domains Leveraging Low Reputed Hosting Infrastructure,"Security and privacy, Computing methodologies","Intrusion/anomaly detection and malware mitigation, Machine learning"
'Many_Roads_Lead_To_Rome_How_Packet_Headers_Influence_DNS_Censorship_Measurement,Many Roads Lead To Rome How Packet Headers Influence DNS Censorship Measurement,"Security and privacy, Networks","Network security, Network performance evaluation"
'Mass Discovery of Android Traffic Imprints through Instantiated Partial Execution.,Mass Discovery of Android Traffic Imprints through Instantiated Partial Execution.,Security and privacy,Network security
'MASTERKEY_Automated_Jailbreaking_of_Large_Language_Model_Chatbots,MASTERKEY Automated Jailbreaking of Large Language Model Chatbots,"Security and privacy, Computing methodologies","Systems security, Artificial intelligence"
'Matryoshka_ Fuzzing Deeply Nested Branches.,Matryoshka Fuzzing Deeply Nested Branches.,"Security and privacy, Software and its engineering","Software and application security, Software creation and management"
'MBA_Blast_Unveiling_and_Simplifying_Mixed_Boolean_Arithmetic_Obfuscation,MBA Blast Unveiling and Simplifying Mixed Boolean Arithmetic Obfuscation,"Security and privacy, Computing methodologies","Formal methods and theory of security, Symbolic and algebraic manipulation"
'MBeacon_Privacy_Preserving_Beacons_for_DNA_Methylation_Data,MBeacon Privacy Preserving Beacons for DNA Methylation Data,"Security and privacy, Applied computing","Database and storage security, Life and medical sciences"
'MBFuzzer A Multi-Party Protocol Fuzzer for MQTT Brokers,MBFuzzer A Multi Party Protocol Fuzzer for MQTT Brokers,"Security and privacy, Networks","Software and application security, Network protocols"
'MD_ML_Super_Fast_Privacy_Preserving_Machine_Learning_for_Malicious_Security_with_a_Dishonest_Majority,MD ML Super Fast Privacy Preserving Machine Learning for Malicious Security with a Dishonest Majority,"Security and privacy, Computing methodologies","Cryptography, Machine learning"
'Measurement and Analysis of Private Key Sharing in the HTTPS Ecosystem.,Measurement and Analysis of Private Key Sharing in the HTTPS Ecosystem.,Security and privacy,"Network security, Security services"
'Measurement_and_Analysis_of_Hajime_a_Peer_to_peer_IoT_Botnet,Measurement and Analysis of Hajime a Peer to peer IoT Botnet,"Security and privacy, Networks","Intrusion/anomaly detection and malware mitigation, Network performance evaluation"
'Measurement_by_Proxy_On_the_Accuracy_of_Online_Marketplace_Measurements,Measurement by Proxy On the Accuracy of Online Marketplace Measurements,"Security and privacy, General and reference","Human and societal aspects of security and privacy, Cross-computing tools and techniques"
'Measuring Information Leakage in Website Fingerprinting Attacks and Defenses.,Measuring Information Leakage in Website Fingerprinting Attacks and Defenses.,Security and privacy,Network security
'Measuring_and_Disrupting_Anti_Adblockers_Using_Differential_Execution_Analysis,Measuring and Disrupting Anti Adblockers Using Differential Execution Analysis,"Security and privacy, Information systems","Software and application security, World Wide Web"
'Measuring_and_Mitigating_AS_level_Adversaries_Against_Tor,Measuring and Mitigating AS level Adversaries Against Tor,"Security and privacy, Networks","Security services, Network properties"
'Measuring_and_Mitigating_the_Risk_of_IP_Reuse_on_Public_Clouds,Measuring and Mitigating the Risk of IP Reuse on Public Clouds,Security and privacy,"Network security, Systems security"
'Measuring_and_Modeling_the_Label_Dynamics_of_Online_Anti_Malware_Engines,Measuring and Modeling the Label Dynamics of Online Anti Malware Engines,"Security and privacy, General and reference","Intrusion/anomaly detection and malware mitigation, Cross-computing tools and techniques"
'Measuring_HTTPS_Adoption_on_the_Web,Measuring HTTPS Adoption on the Web,"Security and privacy, Information systems","Network security, World Wide Web"
'Measuring_PUP_Prevalence_and_PUP_Distribution_through_Pay_Per_Install_Services,Measuring PUP Prevalence and PUP Distribution through Pay Per Install Services,"Security and privacy, Information systems","Intrusion/anomaly detection and malware mitigation, World Wide Web"
'Measuring_Real_World_Accuracies_and_Biases_in_Modeling_Password_Guessability,Measuring Real World Accuracies and Biases in Modeling Password Guessability,"Security and privacy, Computing methodologies","Security services, Machine learning"
'Measuring_the_Deployment_of_Network_Censorship_Filters_at_Global_Scale,Measuring the Deployment of Network Censorship Filters at Global Scale,"Security and privacy, Networks","Network security, Network performance evaluation"
'Measuring_the_Facebook_Advertising_Ecosystem,Measuring the Facebook Advertising Ecosystem,"Security and privacy, Information systems","Human and societal aspects of security and privacy, Information systems applications"
'Measuring_the_Insecurity_of_Mobile_Deep_Links_of_Android,Measuring the Insecurity of Mobile Deep Links of Android,"Security and privacy, Human-centered computing","Systems security, Ubiquitous and mobile computing"
'Measuring_the_Longitudinal_Evolution_of_the_Online_Anonymous_Marketplace_Ecosystem,Measuring the Longitudinal Evolution of the Online Anonymous Marketplace Ecosystem,Security and privacy,"Security services, Human and societal aspects of security and privacy"
'Meddling Middlemen Empirical Analysis of the Risks of Data-Saving Mobile Browsers.,Meddling Middlemen Empirical Analysis of the Risks of Data Saving Mobile Browsers.,Security and privacy,"Network security, Systems security"
'Medusa_Attack_Exploring_Security_Hazards_of_In_App_QR_Code_Scanning,Medusa Attack Exploring Security Hazards of In App QR Code Scanning,"Security and privacy, Human-centered computing","Software and application security, Ubiquitous and mobile computing"
'Meerkat_Detecting_Website_Defacements_through_Image_based_Object_Recognition,Meerkat Detecting Website Defacements through Image based Object Recognition,"Security and privacy, Computing methodologies","Intrusion/anomaly detection and malware mitigation, Artificial intelligence"
'Meeting_Utility_Constraints_in_Differential_Privacy_A_Privacy-Boosting_Approach,Meeting Utility Constraints in Differential Privacy A Privacy Boosting Approach,"Security and privacy, Mathematics of computing","Security services, Probability and statistics"
'Membership Inference Attacks Against Vision-Language Models,Membership Inference Attacks Against Vision Language Models,"Security and privacy, Computing methodologies","Database and storage security, Machine learning"
'Membership Privacy in MicroRNA-based Studies.,Membership Privacy in MicroRNA based Studies.,"Security and privacy, Applied computing","Security services, Life and medical sciences"
'Membership_Inference_Attacks_Against_Machine_Learning_Models,Membership Inference Attacks Against Machine Learning Models,"Security and privacy, Computing methodologies","Database and storage security, Machine learning"
'Membership_Inference_Attacks_and_Defenses_in_Neural_Network_Pruning,Membership Inference Attacks and Defenses in Neural Network Pruning,"Security and privacy, Computing methodologies","Security services, Machine learning"
'Membership_Inference_Attacks_From_First_Principles,Membership Inference Attacks From First Principles,"Security and privacy, Computing methodologies","Database and storage security, Machine learning"
'MemGuard Defending against Black-Box Membership Inference Attacks via Adversarial Examples.,MemGuard Defending against Black Box Membership Inference Attacks via Adversarial Examples.,"Security and privacy, Computing methodologies","Security services, Machine learning"
'MEMS Gyroscopes as Physical Unclonable Functions.,MEMS Gyroscopes as Physical Unclonable Functions.,"Security and privacy, Hardware","Security in hardware, Emerging technologies"
'Mens Sana In Corpore Sano Sound Firmware Corpora for Vulnerability Research,Mens Sana In Corpore Sano Sound Firmware Corpora for Vulnerability Research,"Security and privacy, Computer systems organization","Systems security, Embedded and cyber-physical systems"
'Merkle2_A_Low-Latency_Transparency_Log_System,Merkle2 A Low Latency Transparency Log System,"Security and privacy, Theory of computation","Security services, Design and analysis of algorithms"
'Metamorph_Injecting_Inaudible_Commands_into_Over_the_air_Voice_Controlled_Systems,Metamorph Injecting Inaudible Commands into Over the air Voice Controlled Systems,"Security and privacy, Computing methodologies","Systems security, Machine learning"
'MetaWave_Attacking_mmWave_Sensing_with_Meta_material_enhanced_Tags,MetaWave Attacking mmWave Sensing with Meta material enhanced Tags,"Security and privacy, Hardware","Security in hardware, Communication hardware, interfaces and storage"
'Meta_Sift_How_to_Sift_Out_a_Clean_Subset_in_the_Presence_of_Data_Poisoning,Meta Sift How to Sift Out a Clean Subset in the Presence of Data Poisoning,"Security and privacy, Computing methodologies","Intrusion/anomaly detection and malware mitigation, Machine learning"
'Meteor Cryptographically Secure Steganography for Realistic Distributions,Meteor Cryptographically Secure Steganography for Realistic Distributions,Security and privacy,"Cryptography, Network security, Security services"
'MicGuard_A_Comprehensive_Detection_System_against_Out_of_band_Injection_Attacks_for_Different_Level_Microphone_based_Devices,MicGuard A Comprehensive Detection System against Out of band Injection Attacks for Different Level Microphone based Devices,Security and privacy,"Intrusion/anomaly detection and malware mitigation, Security in hardware"
'Micro_Virtualization_Memory_Tracing_to_Detect_and_Prevent_Spraying_Attacks,Micro Virtualization Memory Tracing to Detect and Prevent Spraying Attacks,"Security and privacy, Software and its engineering","Intrusion/anomaly detection and malware mitigation, Software organization and properties"
'MiddlePolice_ Toward Enforcing Destination-Defined Policies in the Middle of the Internet.,MiddlePolice Toward Enforcing Destination Defined Policies in the Middle of the Internet.,"Security and privacy, Networks","Network security, Network components"
'Might_I_Get_Pwned_A_Second_Generation_Compromised_Credential_Checking_Service,Might I Get Pwned A Second Generation Compromised Credential Checking Service,"Security and privacy, Information systems","Security services, Data management systems"
'Mind_the_Location_Leakage_in_LEO_Direct-to-Cell_Satellite_Networks,Mind the Location Leakage in LEO Direct to Cell Satellite Networks,"Security and privacy, Networks","Network security, Network protocols"
'Mind_the_Portability_A_Warriors_Guide_through_Realistic_Profiled_Side_channel_Analysis,Mind the Portability A Warriors Guide through Realistic Profiled Side channel Analysis,"Security and privacy, Computing methodologies","Security in hardware, Machine learning"
'Mind_Your_Blocks_On_the_Stealthiness_of_Malicious_BGP_Hijacks,Mind Your Blocks On the Stealthiness of Malicious BGP Hijacks,"Security and privacy, Networks","Network security, Network protocols"
'Mind_Your_Own_Business_A_Longitudinal_Study_of_Threats_and_Vulnerabilities_in_Enterprises,Mind Your Own Business A Longitudinal Study of Threats and Vulnerabilities in Enterprises,"Security and privacy, Applied computing","Intrusion/anomaly detection and malware mitigation, Enterprise computing"
'Mind_Your_Weights_A_Large_scale_Study_on_Insufficient_Machine_Learning_Model_Protection_in_Mobile_Apps,Mind Your Weights A Large scale Study on Insufficient Machine Learning Model Protection in Mobile Apps,"Security and privacy, Computing methodologies","Software and application security, Machine learning"
'MineShark Cryptomining Traffic Detection at Scale,MineShark Cryptomining Traffic Detection at Scale,"Security and privacy, Networks","Intrusion/anomaly detection and malware mitigation, Network performance evaluation"
'MingledPie A Cluster Mingling Approach for Mitigating Preference Profiling in CFL,MingledPie A Cluster Mingling Approach for Mitigating Preference Profiling in CFL,"Security and privacy, Computing methodologies","Security services, Machine learning"
'Minimalist_Semi_automated_Debloating_of_PHP_Web_Applications_through_Static_Analysis,Minimalist Semi automated Debloating of PHP Web Applications through Static Analysis,"Security and privacy, Software and its engineering","Software and application security, Software organization and properties"
'Mining_Nodejs_Vulnerabilities_via_Object_Dependence_Graph_and_Query,Mining Nodejs Vulnerabilities via Object Dependence Graph and Query,"Security and privacy, Software and its engineering","Software and application security, Software organization and properties"
'MINOS_A_Lightweight_Real_Time_Cryptojacking_Detection_System,MINOS A Lightweight Real Time Cryptojacking Detection System,"Security and privacy, Computing methodologies","Intrusion/anomaly detection and malware mitigation, Machine learning"
'Mirage in the Eyes Hallucination Attack on Multi-modal Large Language Models with Only Attention Sink,Mirage in the Eyes Hallucination Attack on Multi modal Large Language Models with Only Attention Sink,"Security and privacy, Computing methodologies","Software and application security, Machine learning"
'MirageFlow_A_New_Bandwidth_Inflation_Attack_on_Tor,MirageFlow A New Bandwidth Inflation Attack on Tor,"Security and privacy, Networks","Network security, Network performance evaluation"
'MIRROR_Model_Inversion_for_Deep_LearningNetwork_with_High_Fidelity,MIRROR Model Inversion for Deep LearningNetwork with High Fidelity,"Security and privacy, Computing methodologies","Security services, Machine learning"
'Misdirection of Trust Demystifying the Abuse of Dedicated URL Shortening Service,Misdirection of Trust Demystifying the Abuse of Dedicated URL Shortening Service,"Security and privacy, Information systems","Software and application security, World Wide Web"
'Misleading_Authorship_Attribution_of_Source_Code_using_Adversarial_Learning,Misleading Authorship Attribution of Source Code using Adversarial Learning,"Security and privacy, Computing methodologies","Software and application security, Machine learning"
'Mistrust_Plugins_You_Must_A_Large_Scale_Study_Of_Malicious_Plugins_In_WordPress_Marketplaces,Mistrust Plugins You Must A Large Scale Study Of Malicious Plugins In WordPress Marketplaces,"Security and privacy, Information systems","Intrusion/anomaly detection and malware mitigation, World Wide Web"
'Misty Registry An Empirical Study of Flawed Domain Registry Operation,Misty Registry An Empirical Study of Flawed Domain Registry Operation,"Security and privacy, Networks","Network security, Network protocols"
'MIST_Defending_Against_Membership_Inference_Attacks_Through_Membership_Invariant_Subspace_Training,MIST Defending Against Membership Inference Attacks Through Membership Invariant Subspace Training,"Security and privacy, Computing methodologies","Security services, Machine learning"
'Mitigating_Membership_Inference_Attacks_by_Self_Distillation_Through_a_Novel_Ensemble_Architecture,Mitigating Membership Inference Attacks by Self Distillation Through a Novel Ensemble Architecture,"Security and privacy, Computing methodologies","Security services, Machine learning"
'Mitigating_Security_Risks_in_Linux_with_KLAUS_A_Method_for_Evaluating_Patch_Correctness,Mitigating Security Risks in Linux with KLAUS A Method for Evaluating Patch Correctness,"Security and privacy, Software and its engineering","Systems security, Software organization and properties"
'Mixed_Signals_Analyzing_Ground_Truth_Data_on_the_Users_and_Economics_of_a_Bitcoin_Mixing_Service,Mixed Signals Analyzing Ground Truth Data on the Users and Economics of a Bitcoin Mixing Service,"Security and privacy, General and reference","Human and societal aspects of security and privacy, Cross-computing tools and techniques"
'ML_Doctor_Holistic_Risk_Assessment_of_Inference_Attacks_Against_Machine_Learning_Models,ML Doctor Holistic Risk Assessment of Inference Attacks Against Machine Learning Models,"Security and privacy, Computing methodologies","Security services, Machine learning"
'ML_Leaks_Model_and_Data_Independent_Membership_Inference_Attacks_and_Defenses_on_Machine_Learning_Models,ML Leaks Model and Data Independent Membership Inference Attacks and Defenses on Machine Learning Models,"Security and privacy, Computing methodologies","Security services, Machine learning"
'mmSpy_Spying_Phone_Calls_using_mmWave_Radars,mmSpy Spying Phone Calls using mmWave Radars,"Security and privacy, Computing methodologies","Security in hardware, Machine learning"
'Mnemosyne_ An Effective and Efficient Postmortem Watering Hole Attack Investigation System.,Mnemosyne An Effective and Efficient Postmortem Watering Hole Attack Investigation System.,"Security and privacy, Information systems","Intrusion/anomaly detection and malware mitigation, World Wide Web"
'MobFuzz_Adaptive_Multi_objective_Optimization_in_Gray_box_Fuzzing,MobFuzz Adaptive Multi objective Optimization in Gray box Fuzzing,"Security and privacy, Software and its engineering","Software and application security, Software creation and management"
'Mobile Application Web API Reconnaissance Web-to-Mobile Inconsistencies & Vulnerabilities.,Mobile Application Web API Reconnaissance Web to Mobile Inconsistencies & Vulnerabilities.,"Security and privacy, Software and its engineering","Software and application security, Software organization and properties"
'MOCGuard_Automatically_Detecting_Missing-Owner-Check_Vulnerabilities_in_Java_Web_Applications,MOCGuard Automatically Detecting Missing Owner Check Vulnerabilities in Java Web Applications,"Security and privacy, Software and its engineering","Software and application security, Software organization and properties"
'MOCK_Optimizing_Kernel_Fuzzing_Mutation_with_Context_aware_Dependency,MOCK Optimizing Kernel Fuzzing Mutation with Context aware Dependency,"Security and privacy, Computing methodologies","Systems security, Machine learning"
'Model Inversion Attacks that Exploit Confidence Information and Basic Countermeasures.,Model Inversion Attacks that Exploit Confidence Information and Basic Countermeasures.,"Security and privacy, Computing methodologies","Database and storage security, Machine learning"
'Model-Reuse Attacks on Deep Learning Systems.,Model Reuse Attacks on Deep Learning Systems.,"Security and privacy, Computing methodologies","Software and application security, Machine learning"
'ModelGuard_Information_Theoretic_Defense_Against_Model_Extraction_Attacks,ModelGuard Information Theoretic Defense Against Model Extraction Attacks,"Security and privacy, Computing methodologies","Software and application security, Machine learning"
'Modeling_and_Detecting_Internet_Censorship_Events,Modeling and Detecting Internet Censorship Events,"Security and privacy, Social and professional topics","Intrusion/anomaly detection and malware mitigation, Computing / technology policy"
'Model_Orthogonalization_Class_Distance_Hardening_in_Neural_Networks_for_Better_Security,Model Orthogonalization Class Distance Hardening in Neural Networks for Better Security,"Security and privacy, Computing methodologies","Software and application security, Machine learning"
'Model_Stealing_Attacks_Against_Inductive_Graph_Neural_Networks,Model Stealing Attacks Against Inductive Graph Neural Networks,"Security and privacy, Computing methodologies","Software and application security, Machine learning"
'Moderating_Illicit_Online_Image_Promotion_for_Unsafe_User_Generated_Content_Games_Using_Large_Vision_Language_Models,Moderating Illicit Online Image Promotion for Unsafe User Generated Content Games Using Large Vision Language Models,"Security and privacy, Computing methodologies","Human and societal aspects of security and privacy, Artificial intelligence"
'Moderating_New_Waves_of_Online_Hate_with_Chain-of-Thought_Reasoning_in_Large_Language_Models,Moderating New Waves of Online Hate with Chain of Thought Reasoning in Large Language Models,"Security and privacy, Computing methodologies","Human and societal aspects of security and privacy, Artificial intelligence"
'Modifier_Unlocked_Jailbreaking_Text-to-Image_Models_Through_Prompts,Modifier Unlocked Jailbreaking Text to Image Models Through Prompts,"Security and privacy, Computing methodologies","Software and application security, Machine learning"
'Montage_A_Neural_Network_Language_Model_Guided_JavaScript_Engine_Fuzzer,Montage A Neural Network Language Model Guided JavaScript Engine Fuzzer,"Security and privacy, Computing methodologies","Software and application security, Machine learning"
'Monte Carlo Strength Evaluation_ Fast and Reliable Password Checking.,Monte Carlo Strength Evaluation Fast and Reliable Password Checking.,"Security and privacy, Mathematics of computing","Security services, Probability and statistics"
'MOPT_Optimized_Mutation_Scheduling_for_Fuzzers,MOPT Optimized Mutation Scheduling for Fuzzers,"Security and privacy, Software and its engineering","Systems security, Software creation and management"
'More_Simplicity_for_Trainers_More_Opportunity_for_Attackers_Black_Box_Attacks_on_Speaker_Recognition_Systems_by_Inferring_Feature_Extractor,More Simplicity for Trainers More Opportunity for Attackers Black Box Attacks on Speaker Recognition Systems by Inferring Feature Extractor,"Security and privacy, Computing methodologies","Security services, Machine learning"
'MOVERY_A_Precise_Approach_for_Modified_Vulnerable_Code_Clone_Discovery_from_Modified_Open_Source_Software_Components,MOVERY A Precise Approach for Modified Vulnerable Code Clone Discovery from Modified Open Source Software Components,"Security and privacy, Software and its engineering","Software and application security, Software creation and management"
'Moving Beyond Set-It-And-Forget-It Privacy Settings on Social Media.,Moving Beyond Set It And Forget It Privacy Settings on Social Media.,Security and privacy,Human and societal aspects of security and privacy
'MPCDiff_Testing_and_Repairing_MPC_Hardened_Deep_Learning_Models,MPCDiff Testing and Repairing MPC Hardened Deep Learning Models,"Security and privacy, Computing methodologies","Cryptography, Machine learning"
'MTSan_A_Feasible_and_Practical_Memory_Sanitizer_for_Fuzzing_COTS_Binaries,MTSan A Feasible and Practical Memory Sanitizer for Fuzzing COTS Binaries,"Security and privacy, Software and its engineering","Software and application security, Software organization and properties"
'Mudjacking_Patching_Backdoor_Vulnerabilities_in_Foundation_Models,Mudjacking Patching Backdoor Vulnerabilities in Foundation Models,"Security and privacy, Computing methodologies","Software and application security, Machine learning"
'Multi-touch Authentication Using Hand Geometry and Behavioral Information.,Multi touch Authentication Using Hand Geometry and Behavioral Information.,"Security and privacy, Human-centered computing","Security services, Human computer interaction (HCI)"
'Multisketches Practical Secure Sketches Using Off-the-Shelf Biometric Matching Algorithms.,Multisketches Practical Secure Sketches Using Off the Shelf Biometric Matching Algorithms.,Computing methodologies,Artificial intelligence
'MUSES_Efficient_Multi_User_Searchable_Encrypted_Database,MUSES Efficient Multi User Searchable Encrypted Database,Security and privacy,"Database and storage security, Cryptography"
'Muse_Secure_Inference_Resilient_to_Malicious_Clients,Muse Secure Inference Resilient to Malicious Clients,"Security and privacy, Computing methodologies","Cryptography, Machine learning"
'MUZZ_Thread_aware_Grey_box_Fuzzing_for_Effective_Bug_Hunting_in_Multithreaded_Programs,MUZZ Thread aware Grey box Fuzzing for Effective Bug Hunting in Multithreaded Programs,"Security and privacy, Software and its engineering","Software and application security, Software organization and properties"
'MVG Mechanism_ Differential Privacy under Matrix-Valued Query.,MVG Mechanism Differential Privacy under Matrix Valued Query.,"Security and privacy, Mathematics of computing","Security services, Probability and statistics"
'MVP Detecting Vulnerabilities using Patch-Enhanced,MVP Detecting Vulnerabilities using Patch Enhanced,"Security and privacy, Software and its engineering","Software and application security, Software creation and management"
'Mystique Uncovering Information Leakage from Browser Extensions.,Mystique Uncovering Information Leakage from Browser Extensions.,Security and privacy,Systems security
'Mystique_Efficient_Conversions_for_Zero_Knowledge_Proofs_with_Applications_to_Machine_Learning,Mystique Efficient Conversions for Zero Knowledge Proofs with Applications to Machine Learning,"Security and privacy, Computing methodologies","Cryptography, Machine learning"
'My_Model_is_Malware_to_You_Transforming_AI_Models_into_Malware_by_Abusing_TensorFlow_APIs,My Model is Malware to You Transforming AI Models into Malware by Abusing TensorFlow APIs,"Security and privacy, Computing methodologies","Intrusion/anomaly detection and malware mitigation, Machine learning"
'NANOPI_ Extreme-Scale Actively-Secure Multi-Party Computation.,NANOPI Extreme Scale Actively Secure Multi Party Computation.,"Security and privacy, Theory of computation, Software and its engineering","Security services, Computational complexity and cryptography, Software organization and properties"
'NAVEX_Precise_and_Scalable_Exploit_Generation_for_Dynamic_Web_Applications,NAVEX Precise and Scalable Exploit Generation for Dynamic Web Applications,"Security and privacy, Information systems","Software and application security, World Wide Web"
'Navigating_the_Privacy_Compliance_Maze_Understanding_Risks_with_Privacy_Configurable_Mobile_SDKs,Navigating the Privacy Compliance Maze Understanding Risks with Privacy Configurable Mobile SDKs,"Security and privacy, Human-centered computing","Human and societal aspects of security and privacy, Ubiquitous and mobile computing"
'Navigating_Traumatic_Stress_Reactions_During_Computer_Security_Interventions,Navigating Traumatic Stress Reactions During Computer Security Interventions,"Security and privacy, Human-centered computing","Human and societal aspects of security and privacy, Human computer interaction (HCI)"
'NC_Max_Breaking_the_Security_Performance_Tradeoff_in_Nakamoto_Consensus,NC Max Breaking the Security Performance Tradeoff in Nakamoto Consensus,"Security and privacy, Networks","Formal methods and theory of security, Network protocols"
'Near_Optimal_Constrained_Padding_for_Object_Retrievals_with_Dependencies,Near Optimal Constrained Padding for Object Retrievals with Dependencies,"Security and privacy, Information systems","Security services, Information retrieval"
'Needles_in_a_Haystack_Mining_Information_from_Public_Dynamic_Analysis_Sandboxes_for_Malware_Intelligence,Needles in a Haystack Mining Information from Public Dynamic Analysis Sandboxes for Malware Intelligence,"Security and privacy, Computing methodologies","Intrusion/anomaly detection and malware mitigation, Machine learning"
'Nemesis_ Studying Microarchitectural Timing Leaks in Rudimentary CPU Interrupt Logic.,Nemesis Studying Microarchitectural Timing Leaks in Rudimentary CPU Interrupt Logic.,Security and privacy,Security in hardware
'NetCAT_Practical_Cache_Attacks_from_the_Network,NetCAT Practical Cache Attacks from the Network,"Security and privacy, Hardware","Security in hardware, Communication hardware, interfaces and storage"
'NetPlier_Probabilistic_Network_Protocol_Reverse_Engineering_from_Message_Traces,NetPlier Probabilistic Network Protocol Reverse Engineering from Message Traces,"Security and privacy, Networks","Network security, Network protocols"
'NetShaper_A_Differentially_Private_Network_Side_Channel_Mitigation_System,NetShaper A Differentially Private Network Side Channel Mitigation System,"Security and privacy, Networks","Network security, Network protocols"
"'Network Hygiene, Incentives, and Regulation Deployment of Source Address Validation in the Internet.","Network Hygiene, Incentives, and Regulation Deployment of Source Address Validation in the Internet.",Security and privacy,Network security
'Network_Detection_of_Interactive_SSH_Impostors_Using_Deep_Learning,Network Detection of Interactive SSH Impostors Using Deep Learning,"Security and privacy, Computing methodologies","Intrusion/anomaly detection and malware mitigation, Machine learning"
'Network_Responses_to_Russias_Invasion_of_Ukraine_in_2022_A_Cautionary_Tale_for_Internet_Freedom,Network Responses to Russias Invasion of Ukraine in 2022 A Cautionary Tale for Internet Freedom,"Security and privacy, Networks","Network security, Network performance evaluation"
'Neural Network Inversion in Adversarial Setting via Background Knowledge Alignment.,Neural Network Inversion in Adversarial Setting via Background Knowledge Alignment.,"Security and privacy, Computing methodologies","Software and application security, Machine learning"
'Neural Network-based Graph Embedding for Cross-Platform Binary Code Similarity Detection.,Neural Network based Graph Embedding for Cross Platform Binary Code Similarity Detection.,Security and privacy,Systems security
'Neural_Cleanse_Identifying_and_Mitigating_Backdoor_Attacks_in_Neural_Networks,Neural Cleanse Identifying and Mitigating Backdoor Attacks in Neural Networks,"Security and privacy, Computing methodologies","Intrusion/anomaly detection and malware mitigation, Machine learning"
'Neural_Machine_Translation_Inspired_Binary_Code_Similarity_Comparison_beyond_Function_Pairs,Neural Machine Translation Inspired Binary Code Similarity Comparison beyond Function Pairs,"Security and privacy, Computing methodologies","Intrusion/anomaly detection and malware mitigation, Machine learning"
'Neural_Nets_Can_Learn_Function_Type_Signatures_From_Binaries,Neural Nets Can Learn Function Type Signatures From Binaries,"Security and privacy, Computing methodologies","Software and application security, Machine learning"
'Neural_Network_Semantic_Backdoor_Detection_and_Mitigation_A_Causality_Based_Approach,Neural Network Semantic Backdoor Detection and Mitigation A Causality Based Approach,"Security and privacy, Computing methodologies","Intrusion/anomaly detection and malware mitigation, Machine learning"
'NeuroPots_Realtime_Proactive_Defense_against_Bit_Flip_Attacks_in_Neural_Networks,NeuroPots Realtime Proactive Defense against Bit Flip Attacks in Neural Networks,"Security and privacy, Computing methodologies","Security in hardware, Machine learning"
'NeuroScope Reverse Engineering Deep Neural Network on Edge Devices using Dynamic Analysis,NeuroScope Reverse Engineering Deep Neural Network on Edge Devices using Dynamic Analysis,"Security and privacy, Computing methodologies","Software and application security, Machine learning"
'Neuro_Symbolic_Execution_Augmenting_Symbolic_Execution_with_Neural_Constraints,Neuro Symbolic Execution Augmenting Symbolic Execution with Neural Constraints,"Security and privacy, Software and its engineering","Software and application security, Software organization and properties"
'New Constructions for Forward and Backward Private Symmetric Searchable Encryption.,New Constructions for Forward and Backward Private Symmetric Searchable Encryption.,Security and privacy,"Database and storage security, Cryptography"
'NFGen Automatic Non-linear Function Evaluation Code Generator for General-purpose MPC Platforms,NFGen Automatic Non linear Function Evaluation Code Generator for General purpose MPC Platforms,Security and privacy,Security services
'NIC_Detecting_Adversarial_Samples_with_Neural_Network_Invariant_Checking,NIC Detecting Adversarial Samples with Neural Network Invariant Checking,"Security and privacy, Computing methodologies","Intrusion/anomaly detection and malware mitigation, Machine learning"
'No Training Hurdles_ Fast Training-Agnostic Attacks to Infer Your Typing.,No Training Hurdles Fast Training Agnostic Attacks to Infer Your Typing.,Security and privacy,Network security
'NodeMedic-FINE Automatic Detection and Exploit Synthesis for Node.js Vulnerabilities,NodeMedic FINE Automatic Detection and Exploit Synthesis for Node.js Vulnerabilities,"Security and privacy, Software and its engineering","Software and application security, Software creation and management"
'NodeMerge Template Based Efficient Data Reduction For Big-Data Causality Analysis.,NodeMerge Template Based Efficient Data Reduction For Big Data Causality Analysis.,Security and privacy,Intrusion/anomaly detection and malware mitigation
'NODLINK_An_Online_System_for_Fine_Grained_APT_Attack_Detection_and_Investigation,NODLINK An Online System for Fine Grained APT Attack Detection and Investigation,"Security and privacy, Computing methodologies","Intrusion/anomaly detection and malware mitigation, Machine learning"
'NoDoze_Combatting_Threat_Alert_Fatigue_with_Automated_Provenance_Triage,NoDoze Combatting Threat Alert Fatigue with Automated Provenance Triage,"Security and privacy, Information systems","Intrusion/anomaly detection and malware mitigation, Data management systems"
'NOKEScam Understanding and Rectifying Non-Sense Keywords Spear Scam in Search Engines,NOKEScam Understanding and Rectifying Non Sense Keywords Spear Scam in Search Engines,"Security and privacy, Information systems","Intrusion/anomaly detection and malware mitigation, World Wide Web"
'Non-intrusive and Unconstrained Keystroke Inference in VR Platforms via Infrared Side Channel,Non intrusive and Unconstrained Keystroke Inference in VR Platforms via Infrared Side Channel,"Security and privacy, Human-centered computing","Security in hardware, Human computer interaction (HCI)"
'NORAX Enabling Execute-Only Memory for COTS Binaries on AArch64.,NORAX Enabling Execute Only Memory for COTS Binaries on AArch64.,"Security and privacy, Software and its engineering","Systems security, Software organization and properties"
'Not so Refreshing Attacking GPUs using RFM Rowhammer Mitigation,Not so Refreshing Attacking GPUs using RFM Rowhammer Mitigation,"Security and privacy, Hardware","Security in hardware, Robustness"
'Notice_the_Imposter_A_Study_on_User_Tag_Spoofing_Attack_in_Mobile_Apps,Notice the Imposter A Study on User Tag Spoofing Attack in Mobile Apps,"Security and privacy, Human-centered computing","Software and application security, Ubiquitous and mobile computing"
'Notus_Dynamic_Proofs_of_Liabilities_from_Zero_knowledge_RSA_Accumulators,Notus Dynamic Proofs of Liabilities from Zero knowledge RSA Accumulators,Security and privacy,"Cryptography, Security services"
'Not_All_Coverage_Measurements_Are_Equal_Fuzzing_by_Coverage_Accounting_for_Input_Prioritization,Not All Coverage Measurements Are Equal Fuzzing by Coverage Accounting for Input Prioritization,"Security and privacy, Software and its engineering","Software and application security, Software creation and management"
'Not_All_Data_are_Created_Equal_Data_and_Pointer_Prioritization_for_Scalable_Protection_Against_Data_Oriented_Attacks,Not All Data are Created Equal Data and Pointer Prioritization for Scalable Protection Against Data Oriented Attacks,"Security and privacy, Software and its engineering","Software and application security, Software organization and properties"
'Not_All_Edges_are_Equally_Robust_Evaluating_the_Robustness_of_Ranking-Based_Federated_Learning,Not All Edges are Equally Robust Evaluating the Robustness of Ranking Based Federated Learning,"Security and privacy, Computing methodologies","Systems security, Machine learning"
'Not_your_Type_Detecting_Storage_Collision_Vulnerabilities_in_Ethereum_Smart_Contracts,Not your Type Detecting Storage Collision Vulnerabilities in Ethereum Smart Contracts,"Security and privacy, Software and its engineering","Software and application security, Software organization and properties"
'No_more_Reviewer_2_Subverting_Automatic_Paper_Reviewer_Assignment_using_Adversarial_Learning,No more Reviewer 2 Subverting Automatic Paper Reviewer Assignment using Adversarial Learning,"Security and privacy, Computing methodologies","Systems security, Machine learning"
'No_Privacy_Left_Outside_On_the_In-Security_of_TEE-Shielded_DNN_Partition_for_On-Device_ML,No Privacy Left Outside On the In Security of TEE Shielded DNN Partition for On Device ML,"Security and privacy, Computing methodologies","Security in hardware, Machine learning"
'No_Single_Silver_Bullet_Measuring_the_Accuracy_of_Password_Strength_Meters,No Single Silver Bullet Measuring the Accuracy of Password Strength Meters,"Security and privacy, Human-centered computing","Security services, Human computer interaction (HCI)"
'NVLeak_Off_Chip_Side_Channel_Attacks_via_Non_Volatile_Memory_Systems,NVLeak Off Chip Side Channel Attacks via Non Volatile Memory Systems,Security and privacy,"Security in hardware, Database and storage security"
'NXNSAttack_Recursive_DNS_Inefficiencies_and_Vulnerabilities,NXNSAttack Recursive DNS Inefficiencies and Vulnerabilities,"Security and privacy, Networks","Network security, Network protocols"
'Obfuscated_Access_and_Search_Patterns_in_Searchable_Encryption,Obfuscated Access and Search Patterns in Searchable Encryption,Security and privacy,"Database and storage security, Cryptography"
'Obfuscation_Resilient_Executable_Payload_Extraction_From_Packed_Malware,Obfuscation Resilient Executable Payload Extraction From Packed Malware,"Security and privacy, Software and its engineering","Intrusion/anomaly detection and malware mitigation, Software organization and properties"
'Obfuscation_Resilient_Privacy_Leak_Detection_for_Mobile_Apps_Through_Differential_Analysis,Obfuscation Resilient Privacy Leak Detection for Mobile Apps Through Differential Analysis,"Security and privacy, Human-centered computing","Software and application security, Ubiquitous and mobile computing"
'OBI_a_multi_path_oblivious_RAM_for_forward_and_backward_secure_searchable_encryption,OBI a multi path oblivious RAM for forward and backward secure searchable encryption,"Security and privacy, Information systems","Database and storage security, Information retrieval"
'ObliCheck_Efficient_Verification_of_Oblivious_Algorithms_with_Unobservable_State,ObliCheck Efficient Verification of Oblivious Algorithms with Unobservable State,"Security and privacy, Software and its engineering","Formal methods and theory of security, Software organization and properties"
'OblivGNN_Oblivious_Inference_on_Transductive_and_Inductive_Graph_Neural_Network,OblivGNN Oblivious Inference on Transductive and Inductive Graph Neural Network,"Security and privacy, Computing methodologies","Cryptography, Machine learning"
'OBLIVIATOR OBLIVIous Parallel Joins and other OperATORs in Shared Memory Environments,OBLIVIATOR OBLIVIous Parallel Joins and other OperATORs in Shared Memory Environments,Security and privacy,"Database and storage security, Systems security"
'Oblivious Digital Tokens,Oblivious Digital Tokens,Security and privacy,"Security services, Security in hardware"
'Oblivious Neural Network Predictions via MiniONN Transformations.,Oblivious Neural Network Predictions via MiniONN Transformations.,Security and privacy,Security services
'Oblivious_Multi_Party_Machine_Learning_on_Trusted_Processors,Oblivious Multi Party Machine Learning on Trusted Processors,"Security and privacy, Computing methodologies","Security services, Machine learning"
'ObliVM A Programming Framework for Secure Computation.,ObliVM A Programming Framework for Secure Computation.,"Security and privacy, Software and its engineering","Cryptography, Software notations and tools"
'OblivSketch_Oblivious_Network_Measurement_as_a_Cloud_Service,OblivSketch Oblivious Network Measurement as a Cloud Service,"Security and privacy, Networks","Network security, Network performance evaluation"
'Oblix An Efficient Oblivious Search Index.,Oblix An Efficient Oblivious Search Index.,"Security and privacy, Information systems","Database and storage security, Information retrieval"
'OBSan_An_Out_Of_Bound_Sanitizer_to_Harden_DNN_Executables,OBSan An Out Of Bound Sanitizer to Harden DNN Executables,"Security and privacy, Computing methodologies","Software and application security, Machine learning"
'Observing and Preventing Leakage in MapReduce.,Observing and Preventing Leakage in MapReduce.,"Security and privacy, Computing methodologies","Database and storage security, Distributed computing methodologies"
'OcuLock_Exploring_Human_Visual_System_for_Authentication_in_Virtual_Reality_Head_mounted_Display,OcuLock Exploring Human Visual System for Authentication in Virtual Reality Head mounted Display,"Security and privacy, Computing methodologies","Security services, Artificial intelligence"
'OK_Siri_or_Hey_Google_Evaluating_Voiceprint_Distinctiveness_via_Content_based_PROLE_Score,OK Siri or Hey Google Evaluating Voiceprint Distinctiveness via Content based PROLE Score,"Security and privacy, Computing methodologies","Security services, Artificial intelligence"
'Oligo_Snoop_A_Non_Invasive_Side_Channel_Attack_Against_DNA_Synthesis_Machines,Oligo Snoop A Non Invasive Side Channel Attack Against DNA Synthesis Machines,"Security and privacy, Applied computing","Security in hardware, Life and medical sciences"
'OmegaLog_High_Fidelity_Attack_Investigation_via_Transparent_Multi_layer_Log_Analysis,OmegaLog High Fidelity Attack Investigation via Transparent Multi layer Log Analysis,"Security and privacy, Software and its engineering","Intrusion/anomaly detection and malware mitigation, Software organization and properties"
'Omnes_pro_uno_Practical_Multi_Writer_Encrypted_Database,Omnes pro uno Practical Multi Writer Encrypted Database,Security and privacy,"Database and storage security, Cryptography"
"'OmniLedger A Secure, Scale-Out, Decentralized Ledger via Sharding.","OmniLedger A Secure, Scale Out, Decentralized Ledger via Sharding.","Security and privacy, Computing methodologies","Systems security, Distributed computing methodologies"
'On Re-engineering the X.509 PKI with Executable Specification for Better Implementation Guarantees,On Re engineering the X.509 PKI with Executable Specification for Better Implementation Guarantees,"Networks, Security and privacy","Network protocols, Software and application security"
'On Subnormal Floating Point and Abnormal Timing.,On Subnormal Floating Point and Abnormal Timing.,Security and privacy,"Security in hardware, Database and storage security"
'On the Accuracy of Password Strength Meters.,On the Accuracy of Password Strength Meters.,Security and privacy,"Security services, Human and societal aspects of security and privacy, Software and application security"
'On the Practicality of Cryptographically Enforcing Dynamic Access Control Policies in the Cloud.,On the Practicality of Cryptographically Enforcing Dynamic Access Control Policies in the Cloud.,Security and privacy,"Cryptography, Security services"
'On the Proactive Generation of Unsafe Images From Text-To-Image Models Using Benign Prompts,On the Proactive Generation of Unsafe Images From Text To Image Models Using Benign Prompts,"Security and privacy, Computing methodologies","Software and application security, Machine learning"
'On the Realism of LiDAR Spoofing Attacks against Autonomous Driving Vehicle at High Speed and Long Distance,On the Realism of LiDAR Spoofing Attacks against Autonomous Driving Vehicle at High Speed and Long Distance,"Security and privacy, Computer systems organization","Security in hardware, Embedded and cyber-physical systems"
'On the Robustness of LDP Protocols for Numerical Attributes under Data Poisoning Attacks,On the Robustness of LDP Protocols for Numerical Attributes under Data Poisoning Attacks,"Security and privacy, Information systems","Security services, Data management systems"
'On the Safety of IoT Device Physical Interaction Control.,On the Safety of IoT Device Physical Interaction Control.,"Security and privacy, Computer systems organization","Software and application security, Embedded and cyber-physical systems"
'On the Security of Cracking-Resistant Password Vaults.,On the Security of Cracking Resistant Password Vaults.,Security and privacy,"Security services, Cryptography"
'Once_is_Never_Enough_Foundations_for_Sound_Statistical_Inference_in_Tor_Network_Experimentation,Once is Never Enough Foundations for Sound Statistical Inference in Tor Network Experimentation,"Security and privacy, Networks","Security services, Network performance evaluation"
'OneTouch Effortless 2FA Scheme to Secure Fingerprint Authentication with Wearable OTP Token,OneTouch Effortless 2FA Scheme to Secure Fingerprint Authentication with Wearable OTP Token,"Security and privacy, Human-centered computing","Security services, Ubiquitous and mobile computing"
'One_for_All_and_All_for_One_GNN-based_Control-Flow_Attestation_for_Embedded_Devices,One for All and All for One GNN based Control Flow Attestation for Embedded Devices,"Security and privacy, Computing methodologies","Intrusion/anomaly detection and malware mitigation, Machine learning"
'One_off_Disclosure_Control_by_Heterogeneous_Generalization,One off Disclosure Control by Heterogeneous Generalization,"Security and privacy, Information systems","Database and storage security, Data management systems"
'One_Size_Does_not_Fit_All_Quantifying_the_Risk_of_Malicious_App_Encounters_for_Different_Android_User_Profiles,One Size Does not Fit All Quantifying the Risk of Malicious App Encounters for Different Android User Profiles,"Security and privacy, Human-centered computing","Intrusion/anomaly detection and malware mitigation, Ubiquitous and mobile computing"
'Online Tracking A 1-million-site Measurement and Analysis.,Online Tracking A 1 million site Measurement and Analysis.,"Security and privacy, Information systems","Human and societal aspects of security and privacy, World Wide Web"
'Online_Website_Fingerprinting_Evaluating_Website_Fingerprinting_Attacks_on_Tor_in_the_Real_World,Online Website Fingerprinting Evaluating Website Fingerprinting Attacks on Tor in the Real World,Security and privacy,Security services
'Only_as_Strong_as_the_Weakest_Link_On_the_Security_of_Brokered_Single_Sign-On_on_the_Web,Only as Strong as the Weakest Link On the Security of Brokered Single Sign On on the Web,"Security and privacy, Information systems","Security services, World Wide Web"
'On_a_Collision_Course_Unveiling_Wireless_Attacks_to_the_Aircraft_Traffic_Collision_Avoidance_System_TCAS,On a Collision Course Unveiling Wireless Attacks to the Aircraft Traffic Collision Avoidance System TCAS,Security and privacy,"Network security, Security in hardware"
'On_Bridging_the_Gap_between_Control_Flow_Integrity_and_Attestation_Schemes,On Bridging the Gap between Control Flow Integrity and Attestation Schemes,Security and privacy,"Systems security, Security in hardware"
'On_Data_Fabrication_in_Collaborative_Vehicular_Perception_Attacks_and_Countermeasures,On Data Fabrication in Collaborative Vehicular Perception Attacks and Countermeasures,"Security and privacy, Computing methodologies","Intrusion/anomaly detection and malware mitigation, Machine learning"
'On_Demystifying_the_Android_Application_Framework_Re_Visiting_Android_Permission_Specification_Analysis,On Demystifying the Android Application Framework Re Visiting Android Permission Specification Analysis,"Security and privacy, Software and its engineering","Software and application security, Software organization and properties"
'On_Precisely_Detecting_Censorship_Circumvention_in_Real_World_Networks,On Precisely Detecting Censorship Circumvention in Real World Networks,"Security and privacy, Networks","Intrusion/anomaly detection and malware mitigation, Network performance evaluation"
'On_SMS_Phishing_Tactics_and_Infrastructure,On SMS Phishing Tactics and Infrastructure,"Security and privacy, Social and professional topics","Intrusion/anomaly detection and malware mitigation, Computing / technology policy"
'On_the_Anonymity_of_Peer_To_Peer_Network_Anonymity_Schemes_Used_by_Cryptocurrencies,On the Anonymity of Peer To Peer Network Anonymity Schemes Used by Cryptocurrencies,"Security and privacy, Networks","Security services, Network types"
'On_the_Conflict_Between_Robustness_and_Learning_in_Collaborative_Machine_Learning,On the Conflict Between Robustness and Learning in Collaborative Machine Learning,"Security and privacy, Computing methodologies","Systems security, Machine learning"
'On_the_Difficulty_of_Defending_Contrastive_Learning_against_Backdoor_Attacks,On the Difficulty of Defending Contrastive Learning against Backdoor Attacks,"Security and privacy, Computing methodologies","Software and application security, Machine learning"
'On_the_Economics_of_Offline_Password_Cracking,On the Economics of Offline Password Cracking,"Security and privacy, Theory of computation","Human and societal aspects of security and privacy, Theory and algorithms for application domains"
'On_The_Empirical_Effectiveness_of_Unrealistic_Adversarial_Hardening_Against_Realistic_Adversarial_Attacks,On The Empirical Effectiveness of Unrealistic Adversarial Hardening Against Realistic Adversarial Attacks,"Security and privacy, Computing methodologies","Intrusion/anomaly detection and malware mitigation, Machine learning"
'On_the_Evolution_of_Hateful_Memes_by_Means_of_Multimodal_Contrastive_Learning,On the Evolution of Hateful Memes by Means of Multimodal Contrastive Learning,"Security and privacy, Computing methodologies","Human and societal aspects of security and privacy, Machine learning"
'On_the_Feasibility_of_Malware_Unpacking_via_Hardware_assisted_Loop_Profiling,On the Feasibility of Malware Unpacking via Hardware assisted Loop Profiling,"Security and privacy, Computer systems organization","Intrusion/anomaly detection and malware mitigation, Architectures"
'On_the_InSecurity_of_LLM_App_Stores,On the InSecurity of LLM App Stores,"Security and privacy, Computing methodologies","Software and application security, Machine learning"
'On_the_Insecurity_of_SMS_One_Time_Password_Messages_against_Local_Attackers_in_Modern_Mobile_Devices,On the Insecurity of SMS One Time Password Messages against Local Attackers in Modern Mobile Devices,Security and privacy,"Security services, Systems security"
'On_The_Lack_Of_Location_Privacy_in_Crowdsourcing_Applications,On The Lack Of Location Privacy in Crowdsourcing Applications,"Security and privacy, Information systems","Security services, World Wide Web"
'On_the_Necessity_of_Auditable_Algorithmic_Definitions_for_Machine_Unlearning,On the Necessity of Auditable Algorithmic Definitions for Machine Unlearning,"Security and privacy, Computing methodologies","Formal methods and theory of security, Machine learning"
'On_the_Resilience_of_Biometric_Authentication_Systems_against_Random_Inputs,On the Resilience of Biometric Authentication Systems against Random Inputs,"Security and privacy, Computing methodologies","Security services, Artificial intelligence"
'On_the_Routing_Aware_Peering_against_Network_Eclipse_Attacks_in_Bitcoin,On the Routing Aware Peering against Network Eclipse Attacks in Bitcoin,"Security and privacy, Networks","Network security, Network protocols"
'On_the_Safety_and_Efficiency_of_Virtual_Firewall_Elasticity_Control,On the Safety and Efficiency of Virtual Firewall Elasticity Control,"Security and privacy, Networks","Network security, Network components"
'On_the_Security_Risks_of_AutoML,On the Security Risks of AutoML,"Security and privacy, Computing methodologies","Software and application security, Machine learning"
'On_the_Usability_of_Authenticity_Checks_for_Hardware_Security_Tokens,On the Usability of Authenticity Checks for Hardware Security Tokens,Security and privacy,"Human and societal aspects of security and privacy, Security in hardware"
'On_Training_Robust_PDF_Malware_Classifiers,On Training Robust PDF Malware Classifiers,"Security and privacy, Computing methodologies","Intrusion/anomaly detection and malware mitigation, Machine learning"
'On_Using_Application_Layer_Middlebox_Protocols_for_Peeking_Behind_NAT_Gateways,On Using Application Layer Middlebox Protocols for Peeking Behind NAT Gateways,"Security and privacy, Networks","Network security, Network protocols"
'On_Utility_and_Privacy_in_Synthetic_Genomic_Data,On Utility and Privacy in Synthetic Genomic Data,"Security and privacy, Computing methodologies","Database and storage security, Machine learning"
'On_Your_Social_Network_De_anonymizablity_Quantification_and_Large_Scale_Evaluation_with_Seed_Knowledge,On Your Social Network De anonymizablity Quantification and Large Scale Evaluation with Seed Knowledge,"Security and privacy, Human-centered computing","Database and storage security, Collaborative and social computing"
'OpenVPN_is_Open_to_VPN_Fingerprinting,OpenVPN is Open to VPN Fingerprinting,"Security and privacy, Networks","Network security, Network protocols"
'Open_Sesame_On_the_Security_and_Memorability_of_Verbal_Passwords,Open Sesame On the Security and Memorability of Verbal Passwords,"Security and privacy, Human-centered computing","Security services, Human computer interaction (HCI)"
'Open_to_a_fault_On_the_passive_compromise_of_TLS_keys_via_transient_errors,Open to a fault On the passive compromise of TLS keys via transient errors,"Security and privacy, Hardware","Cryptography, Robustness"
'Operation_Mango_Scalable_Discovery_of_Taint_Style_Vulnerabilities_in_Binary_Firmware_Services,Operation Mango Scalable Discovery of Taint Style Vulnerabilities in Binary Firmware Services,"Security and privacy, Computer systems organization","Software and application security, Embedded and cyber-physical systems"
'Opera_Achieving_Secure_and_High-Performance_OLAP_with_Parallelized_Homomorphic_Comparisons,Opera Achieving Secure and High Performance OLAP with Parallelized Homomorphic Comparisons,"Security and privacy, Information systems","Database and storage security, Information systems applications"
'Optimized_Invariant_Representation_of_Network_Traffic_for_Detecting_Unseen_Malware_Variants,Optimized Invariant Representation of Network Traffic for Detecting Unseen Malware Variants,"Security and privacy, Computing methodologies","Intrusion/anomaly detection and malware mitigation, Machine learning"
'OPTISAN_Using_Multiple_Spatial_Error_Defenses_to_Optimize_Stack_Memory_Protection_within_a_Budget,OPTISAN Using Multiple Spatial Error Defenses to Optimize Stack Memory Protection within a Budget,"Security and privacy, Software and its engineering","Systems security, Software organization and properties"
'ORide_A_Privacy_Preserving_yet_Accountable_Ride_Hailing_Service,ORide A Privacy Preserving yet Accountable Ride Hailing Service,Security and privacy,"Security services, Cryptography"
'ORL_AUDITOR_Dataset_Auditing_in_Offline_Deep_Reinforcement_Learning,ORL AUDITOR Dataset Auditing in Offline Deep Reinforcement Learning,"Security and privacy, Computing methodologies","Database and storage security, Machine learning"
'ORTHRUS Achieving High Quality of Attribution in Provenance-based Intrusion Detection Systems,ORTHRUS Achieving High Quality of Attribution in Provenance based Intrusion Detection Systems,"Security and privacy, Computing methodologies","Intrusion/anomaly detection and malware mitigation, Machine learning"
'Oscar_A_Practical_Page_Permissions_Based_Scheme_for_Thwarting_Dangling_Pointers,Oscar A Practical Page Permissions Based Scheme for Thwarting Dangling Pointers,"Security and privacy, Software and its engineering","Systems security, Software organization and properties"
'OS_Aware_Vulnerability_Prioritization_via_Differential_Severity_Analysis,OS Aware Vulnerability Prioritization via Differential Severity Analysis,"Security and privacy, Software and its engineering","Systems security, Software organization and properties"
'OS_level_Side_Channels_without_Procfs_Exploring_Cross_App_Information_Leakage_on_iOS,OS level Side Channels without Procfs Exploring Cross App Information Leakage on iOS,"Security and privacy, Software and its engineering","Systems security, Software organization and properties"
'Over-The-Top Bypass_ Study of a Recent Telephony Fraud.,Over The Top Bypass Study of a Recent Telephony Fraud.,"Security and privacy, Networks","Intrusion/anomaly detection and malware mitigation, Network performance evaluation"
'Overconfidence_is_a_Dangerous_Thing_Mitigating_Membership_Inference_Attacks_by_Enforcing_Less_Confident_Prediction,Overconfidence is a Dangerous Thing Mitigating Membership Inference Attacks by Enforcing Less Confident Prediction,"Security and privacy, Computing methodologies","Database and storage security, Machine learning"
'OVRseen_Auditing_Network_Traffic_and_Privacy_Policies_in_Oculus_VR,OVRseen Auditing Network Traffic and Privacy Policies in Oculus VR,"Security and privacy, Networks","Human and societal aspects of security and privacy, Network performance evaluation"
'O_Single_Sign_Off_Where_Art_Thou_An_Empirical_Analysis_of_Single_Sign_On_Account_Hijacking_and_Session_Management_on_the_Web,O Single Sign Off Where Art Thou An Empirical Analysis of Single Sign On Account Hijacking and Session Management on the Web,Security and privacy,"Software and application security, Security services"
'PAC-Private_Algorithms,PAC Private Algorithms,"Security and privacy, Theory of computation","Security services, Design and analysis of algorithms"
'Pacer_Comprehensive_Network_Side_Channel_Mitigation_in_the_Cloud,Pacer Comprehensive Network Side Channel Mitigation in the Cloud,"Security and privacy, Software and its engineering","Systems security, Software organization and properties"
'Packet_Level_Open_World_App_Fingerprinting_on_Wireless_Traffic,Packet Level Open World App Fingerprinting on Wireless Traffic,"Security and privacy, Computing methodologies","Network security, Machine learning"
'Packet_Level_Signatures_for_Smart_Home_Devices,Packet Level Signatures for Smart Home Devices,"Security and privacy, Networks","Network security, Network algorithms"
'Pancake_Frequency_Smoothing_for_Encrypted_Data_Stores,Pancake Frequency Smoothing for Encrypted Data Stores,"Security and privacy, Information systems","Database and storage security, Data management systems"
'Pandawan_Quantifying_Progress_in_Linux_based_Firmware_Rehosting,Pandawan Quantifying Progress in Linux based Firmware Rehosting,"Security and privacy, Computer systems organization","Systems security, Embedded and cyber-physical systems"
'Panda_Security_Analysis_of_Algorand_Smart_Contracts,Panda Security Analysis of Algorand Smart Contracts,"Security and privacy, Software and its engineering","Software and application security, Software organization and properties"
'Papercraft_Lattice-Based_Verifiable_Delay_Function_Implemented,Papercraft Lattice Based Verifiable Delay Function Implemented,"Security and privacy, Theory of computation","Cryptography, Computational complexity and cryptography"
'PAPILLON Efficient and Stealthy Fuzz Testing-Powered Jailbreaks for LLMs,PAPILLON Efficient and Stealthy Fuzz Testing Powered Jailbreaks for LLMs,"Security and privacy, Computing methodologies","Systems security, Artificial intelligence"
'Parking_Sensors_Analyzing_and_Detecting_Parked_Domains,Parking Sensors Analyzing and Detecting Parked Domains,"Security and privacy, Information systems","Intrusion/anomaly detection and malware mitigation, World Wide Web"
'ParmeSan_Sanitizer_guided_Greybox_Fuzzing,ParmeSan Sanitizer guided Greybox Fuzzing,"Security and privacy, Software and its engineering","Software and application security, Software creation and management"
'Parrot_Trained_Adversarial_Examples_Pushing_the_Practicality_of_Black_Box_Audio_Attacks_against_Speaker_Recognition_Models,Parrot Trained Adversarial Examples Pushing the Practicality of Black Box Audio Attacks against Speaker Recognition Models,"Security and privacy, Computing methodologies","Security services, Machine learning"
'Partitioning_Oracle_Attacks,Partitioning Oracle Attacks,"Security and privacy, Theory of computation","Cryptography, Computational complexity and cryptography"
'Pass2Edit_A_Multi_Step_Generative_Model_for_Guessing_Edited_Passwords,Pass2Edit A Multi Step Generative Model for Guessing Edited Passwords,"Security and privacy, Computing methodologies","Security services, Machine learning"
'Passive Inference Attacks on Split Learning via Adversarial Regularization,Passive Inference Attacks on Split Learning via Adversarial Regularization,"Security and privacy, Computing methodologies","Security services, Machine learning"
'Password_Guessing_Using_Random_Forest,Password Guessing Using Random Forest,"Security and privacy, Computing methodologies","Security services, Machine learning"
'PATCHAGENT A Practical Program Repair Agent Mimicking Human Expertise,PATCHAGENT A Practical Program Repair Agent Mimicking Human Expertise,"Security and privacy, Software and its engineering","Software and application security, Software creation and management"
'PatchCleanser_Certifiably_Robust_Defense_against_Adversarial_Patches_for_Any_Image_Classifier,PatchCleanser Certifiably Robust Defense against Adversarial Patches for Any Image Classifier,"Security and privacy, Computing methodologies","Formal methods and theory of security, Machine learning"
'PatchCURE_Improving_Certifiable_Robustness_Model_Utility_and_Computation_Efficiency_of_Adversarial_Patch_Defenses,PatchCURE Improving Certifiable Robustness Model Utility and Computation Efficiency of Adversarial Patch Defenses,"Security and privacy, Computing methodologies","Formal methods and theory of security, Machine learning"
'PatchGuard_A_Provably_Robust_Defense_against_Adversarial_Patches_via_Small_Receptive_Fields_and_Masking,PatchGuard A Provably Robust Defense against Adversarial Patches via Small Receptive Fields and Masking,"Security and privacy, Computing methodologies","Formal methods and theory of security, Machine learning"
'PatchVerif_Discovering_Faulty_Patches_in_Robotic_Vehicles,PatchVerif Discovering Faulty Patches in Robotic Vehicles,"Security and privacy, Computer systems organization","Software and application security, Embedded and cyber-physical systems"
'PATROL_Provable_Defense_against_Adversarial_Policy_in_Two_player_Games,PATROL Provable Defense against Adversarial Policy in Two player Games,"Security and privacy, Computing methodologies","Formal methods and theory of security, Machine learning"
'PBP Post-training Backdoor Purification for Malware Classifiers,PBP Post training Backdoor Purification for Malware Classifiers,"Security and privacy, Computing methodologies","Intrusion/anomaly detection and malware mitigation, Machine learning"
'PCAT_Functionality_and_Data_Stealing_from_Split_Learning_by_Pseudo_Client_Attack,PCAT Functionality and Data Stealing from Split Learning by Pseudo Client Attack,"Security and privacy, Computing methodologies","Systems security, Machine learning"
'PCKV_Locally_Differentially_Private_Correlated_Key_Value_Data_Collection_with_Optimized_Utility,PCKV Locally Differentially Private Correlated Key Value Data Collection with Optimized Utility,"Security and privacy, Information systems","Security services, Data management systems"
'PDF_Mirage_Content_Masking_Attack_Against_Information_Based_Online_Services,PDF Mirage Content Masking Attack Against Information Based Online Services,"Security and privacy, Information systems","Software and application security, Information retrieval"
'PDiff_ Semantic-based Patch Presence Testing for Downstream Kernels.,PDiff Semantic based Patch Presence Testing for Downstream Kernels.,Security and privacy,Systems security
'Peekaboo_A_Hub-Based_Approach_to_Enable_Transparency_in_Data_Processing_within_Smart_Homes,Peekaboo A Hub Based Approach to Enable Transparency in Data Processing within Smart Homes,"Security and privacy, Human-centered computing","Systems security, Ubiquitous and mobile computing"
'Peeves Physical Event Verification in Smart Homes.,Peeves Physical Event Verification in Smart Homes.,Security and privacy,"Intrusion/anomaly detection and malware mitigation, Systems security, Network security"
'PEFTGuard_Detecting_Backdoor_Attacks_Against_Parameter-Efficient_Fine-Tuning,PEFTGuard Detecting Backdoor Attacks Against Parameter Efficient Fine Tuning,"Security and privacy, Computing methodologies","Intrusion/anomaly detection and malware mitigation, Machine learning"
'PeGaSus Data-Adaptive Differentially Private Stream Processing.,PeGaSus Data Adaptive Differentially Private Stream Processing.,"Security and privacy, Information systems","Database and storage security, Data management systems"
'PEGASUS_Bridging_Polynomial_and_Non-polynomial_Evaluations_in_Homomorphic_Encryption,PEGASUS Bridging Polynomial and Non polynomial Evaluations in Homomorphic Encryption,"Security and privacy, Theory of computation","Cryptography, Computational complexity and cryptography"
'PELICAN_Exploiting_Backdoors_of_Naturally_Trained_Deep_Learning_Models_In_Binary_Code_Analysis,PELICAN Exploiting Backdoors of Naturally Trained Deep Learning Models In Binary Code Analysis,"Security and privacy, Computing methodologies","Intrusion/anomaly detection and malware mitigation, Machine learning"
'Pencil_Private_and_Extensible_Collaborative_Learning_without_the_Non_Colluding_Assumption,Pencil Private and Extensible Collaborative Learning without the Non Colluding Assumption,"Security and privacy, Computing methodologies","Security services, Machine learning"
'Penetration_Vision_through_Virtual_Reality_Headsets_Identifying_360_degree_Videos_from_Head_Movements,Penetration Vision through Virtual Reality Headsets Identifying 360 degree Videos from Head Movements,"Security and privacy, Computing methodologies","Systems security, Machine learning"
'PEPSI_Practically_Efficient_Private_Set_Intersection_in_the_Unbalanced_Setting,PEPSI Practically Efficient Private Set Intersection in the Unbalanced Setting,"Security and privacy, Theory of computation","Cryptography, Computational complexity and cryptography"
'Per-Input Control-Flow Integrity.,Per Input Control Flow Integrity.,"Security and privacy, Software and its engineering","Systems security, Software organization and properties"
'Perception-Aware Attack Creating Adversarial Music via Reverse-Engineering Human Perception,Perception Aware Attack Creating Adversarial Music via Reverse Engineering Human Perception,"Security and privacy, Computing methodologies","Software and application security, Machine learning"
'Persistent Backdoor Attacks in Continual Learning,Persistent Backdoor Attacks in Continual Learning,"Security and privacy, Computing methodologies","Intrusion/anomaly detection and malware mitigation, Machine learning"
'Person_Re_identification_in_3D_Space_A_WiFi_Vision_based_Approach,Person Re identification in 3D Space A WiFi Vision based Approach,"Security and privacy, Computing methodologies","Security services, Artificial intelligence"
'PFirewall_Semantics_Aware_Customizable_Data_Flow_Control_for_Smart_Home_Privacy_Protection,PFirewall Semantics Aware Customizable Data Flow Control for Smart Home Privacy Protection,"Security and privacy, Human-centered computing","Systems security, Ubiquitous and mobile computing"
'PFortifier_Mitigating_PHP_Object_Injection_Through_Automatic_Patch_Generation,PFortifier Mitigating PHP Object Injection Through Automatic Patch Generation,"Security and privacy, Software and its engineering","Software and application security, Software creation and management"
'Phantom of the ADAS_ Securing Advanced Driver-Assistance Systems from Split-Second Phantom Attacks.,Phantom of the ADAS Securing Advanced Driver Assistance Systems from Split Second Phantom Attacks.,"Security and privacy, Computing methodologies","Intrusion/anomaly detection and malware mitigation, Machine learning"
'Phantom Privacy-Preserving Deep Neural Network Model Obfuscation in Heterogeneous TEE and GPU System,Phantom Privacy Preserving Deep Neural Network Model Obfuscation in Heterogeneous TEE and GPU System,"Security and privacy, Computing methodologies","Security services, Machine learning"
'Phantom Trails Practical Pre-Silicon Discovery of Transient Data Leaks,Phantom Trails Practical Pre Silicon Discovery of Transient Data Leaks,"Security and privacy, Hardware","Security in hardware, Hardware validation"
'PhantomLiDAR Cross-modality Signal Injection Attacks against LiDAR,PhantomLiDAR Cross modality Signal Injection Attacks against LiDAR,"Security and privacy, Computer systems organization","Security in hardware, Embedded and cyber-physical systems"
'PhishDecloaker_Detecting_CAPTCHA_cloaked_Phishing_Websites_via_Hybrid_Vision_based_Interactive_Models,PhishDecloaker Detecting CAPTCHA cloaked Phishing Websites via Hybrid Vision based Interactive Models,"Security and privacy, Computing methodologies","Software and application security, Machine learning"
'PhishEye Live Monitoring of Sandboxed Phishing Kits.,PhishEye Live Monitoring of Sandboxed Phishing Kits.,"Security and privacy, Information systems","Intrusion/anomaly detection and malware mitigation, World Wide Web"
'Phishing Attacks on Modern Android.,Phishing Attacks on Modern Android.,"Security and privacy, Social and professional topics","Systems security, Computing / technology policy"
'Phishpedia_A_Hybrid_Deep_Learning_Based_Approach_to_Visually_Identify_Phishing_Webpages,Phishpedia A Hybrid Deep Learning Based Approach to Visually Identify Phishing Webpages,"Security and privacy, Computing methodologies","Intrusion/anomaly detection and malware mitigation, Artificial intelligence"
'PhishPrint_Evading_Phishing_Detection_Crawlers_by_Prior_Profiling,PhishPrint Evading Phishing Detection Crawlers by Prior Profiling,"Security and privacy, Information systems","Intrusion/anomaly detection and malware mitigation, World Wide Web"
'PhishTime_Continuous_Longitudinal_Measurement_of_the_Effectiveness_of_Anti_phishing_Blacklists,PhishTime Continuous Longitudinal Measurement of the Effectiveness of Anti phishing Blacklists,"Security and privacy, Information systems","Intrusion/anomaly detection and malware mitigation, World Wide Web"
'Phish_in_Sheeps_Clothing_Exploring_the_Authentication_Pitfalls_of_Browser_Fingerprinting,Phish in Sheeps Clothing Exploring the Authentication Pitfalls of Browser Fingerprinting,"Security and privacy, Information systems","Security services, World Wide Web"
'PHOENIX_Device_Centric_Cellular_Network_Protocol_Monitoring_using_Runtime_Verification,PHOENIX Device Centric Cellular Network Protocol Monitoring using Runtime Verification,Security and privacy,"Intrusion/anomaly detection and malware mitigation, Formal methods and theory of security"
'Phoenix_Surviving_Unpatched_Vulnerabilities_via_Accurate_and_Efficient_Filtering_of_Syscall_Sequences,Phoenix Surviving Unpatched Vulnerabilities via Accurate and Efficient Filtering of Syscall Sequences,Security and privacy,"Systems security, Intrusion/anomaly detection and malware mitigation"
'Phoneypot_Data_driven_Understanding_of_Telephony_Threats,Phoneypot Data driven Understanding of Telephony Threats,"Security and privacy, Networks","Intrusion/anomaly detection and malware mitigation, Network protocols"
'PHYjacking_Physical_Input_Hijacking_for_Zero_Permission_Authorization_Attacks_on_Android,PHYjacking Physical Input Hijacking for Zero Permission Authorization Attacks on Android,Security and privacy,"Security services, Software and application security"
'PICACHV Formally Verified Data Use Policy Enforcement for Secure Data Analytics,PICACHV Formally Verified Data Use Policy Enforcement for Secure Data Analytics,"Security and privacy, Information systems","Formal methods and theory of security, Data management systems"
'Piranha_A_GPU_Platform_for_Secure_Computation,Piranha A GPU Platform for Secure Computation,Security and privacy,"Cryptography, Security services"
'Pitfalls_in_Designing_Zero_Effort_Deauthentication_Opportunistic_Human_Observation_Attacks,Pitfalls in Designing Zero Effort Deauthentication Opportunistic Human Observation Attacks,"Security and privacy, Human-centered computing","Security services, Human computer interaction (HCI)"
'PIXELMOD_Improving_Soft_Moderation_of_Visual_Misleading_Information_on_Twitter,PIXELMOD Improving Soft Moderation of Visual Misleading Information on Twitter,"Security and privacy, Computing methodologies","Human and societal aspects of security and privacy, Artificial intelligence"
'pi_Jack_Physical_World_Adversarial_Attack_on_Monocular_Depth_Estimation_with_Perspective_Hijacking,pi Jack Physical World Adversarial Attack on Monocular Depth Estimation with Perspective Hijacking,"Security and privacy, Computing methodologies","Software and application security, Artificial intelligence"
'Place_Your_Locks_Well_Understanding_and_Detecting_Lock_Misuse_Bugs,Place Your Locks Well Understanding and Detecting Lock Misuse Bugs,"Security and privacy, Software and its engineering","Software and application security, Software organization and properties"
'Platforms_in_Everything_Analyzing_Ground_Truth_Data_on_the_Anatomy_and_Economics_of_Bullet_Proof_Hosting,Platforms in Everything Analyzing Ground Truth Data on the Anatomy and Economics of Bullet Proof Hosting,Security and privacy,"Human and societal aspects of security and privacy, Network security"
'PlatPal_Detecting_Malicious_Documents_with_Platform_Diversity,PlatPal Detecting Malicious Documents with Platform Diversity,"Security and privacy, Software and its engineering","Intrusion/anomaly detection and malware mitigation, Software organization and properties"
'Playing_for_KHeaps_Understanding_and_Improving_Linux_Kernel_Exploit_Reliability,Playing for KHeaps Understanding and Improving Linux Kernel Exploit Reliability,"Security and privacy, Software and its engineering","Systems security, Software organization and properties"
'Playing_Without_Paying_Detecting_Vulnerable_Payment_Verification_in_Native_Binaries_of_Unity_Mobile_Games,Playing Without Paying Detecting Vulnerable Payment Verification in Native Binaries of Unity Mobile Games,"Security and privacy, Software and its engineering","Software and application security, Software organization and properties"
'Please_Forget_Where_I_Was_Last_Summer_The_Privacy_Risks_of_Public_Location_MetaData,Please Forget Where I Was Last Summer The Privacy Risks of Public Location MetaData,"Security and privacy, Information systems","Human and societal aspects of security and privacy, Information systems applications"
'Please_Pay_Inside_Evaluating_Bluetooth_based_Detection_of_Gas_Pump_Skimmers,Please Pay Inside Evaluating Bluetooth based Detection of Gas Pump Skimmers,"Security and privacy, Human-centered computing","Intrusion/anomaly detection and malware mitigation, Ubiquitous and mobile computing"
'Plug_and_Prey_Measuring_the_Commoditization_of_Cybercrime_via_Online_Anonymous_Markets,Plug and Prey Measuring the Commoditization of Cybercrime via Online Anonymous Markets,"Security and privacy, Information systems","Human and societal aspects of security and privacy, World Wide Web"
'PMForce Systematically Analyzing postMessage Handlers at Scale.,PMForce Systematically Analyzing postMessage Handlers at Scale.,Security and privacy,Software and application security
'pMPL A Robust Multi-Party Learning Framework with a Privileged Party,pMPL A Robust Multi Party Learning Framework with a Privileged Party,Security and privacy,Cryptography
'Point Cloud Analysis for ML-Based Malicious Traffic Detection Reducing Majorities of False Positive Alarms,Point Cloud Analysis for ML Based Malicious Traffic Detection Reducing Majorities of False Positive Alarms,Security and privacy,Intrusion/anomaly detection and malware mitigation
'PointerGuess_Targeted_Password_Guessing_Model_Using_Pointer_Mechanism,PointerGuess Targeted Password Guessing Model Using Pointer Mechanism,"Security and privacy, Computing methodologies","Security services, Machine learning"
'PoiSAFL Scalable Poisoning Attack Framework to Byzantine-resilient Semi-asynchronous Federated Learning,PoiSAFL Scalable Poisoning Attack Framework to Byzantine resilient Semi asynchronous Federated Learning,"Security and privacy, Computing methodologies","Intrusion/anomaly detection and malware mitigation, Machine learning"
'POISED Spotting Twitter Spam Off the Beaten Paths,POISED Spotting Twitter Spam Off the Beaten Paths,Security and privacy,"Software and application security, Intrusion/anomaly detection and malware mitigation"
'PoisonedEncoder_Poisoning_the_Unlabeled_Pre_training_Data_in_Contrastive_Learning,PoisonedEncoder Poisoning the Unlabeled Pre training Data in Contrastive Learning,"Security and privacy, Computing methodologies","Software and application security, Machine learning"
'PoisonedRAG Knowledge Corruption Attacks to Retrieval-Augmented Generation of Large Language Models,PoisonedRAG Knowledge Corruption Attacks to Retrieval Augmented Generation of Large Language Models,Security and privacy,"Database and storage security, Software and application security"
'Poisoned_ChatGPT_Finds_Work_for_Idle_Hands_Exploring_Developers_Coding_Practices_with_Insecure_Suggestions_from_Poisoned_AI_Models,Poisoned ChatGPT Finds Work for Idle Hands Exploring Developers Coding Practices with Insecure Suggestions from Poisoned AI Models,Security and privacy,"Software and application security, Human and societal aspects of security and privacy"
'Poisoning_Attacks_to_Local_Differential_Privacy_Protocols_for_Key_Value_Data,Poisoning Attacks to Local Differential Privacy Protocols for Key Value Data,"Security and privacy, Information systems","Security services, Data management systems"
'Poisoning_the_Unlabeled_Dataset_of_Semi_Supervised_Learning,Poisoning the Unlabeled Dataset of Semi Supervised Learning,"Security and privacy, Computing methodologies","Systems security, Machine learning"
'Poison_Forensics_Traceback_of_Data_Poisoning_Attacks_in_Neural_Networks,Poison Forensics Traceback of Data Poisoning Attacks in Neural Networks,"Security and privacy, Computing methodologies","Intrusion/anomaly detection and malware mitigation, Machine learning"
'Poison_Over_Troubled_Forwarders_A_Cache_Poisoning_Attack_Targeting_DNS_Forwarding_Devices,Poison Over Troubled Forwarders A Cache Poisoning Attack Targeting DNS Forwarding Devices,"Security and privacy, Networks","Network security, Network components"
'Poking a Hole in the Wall_ Efficient Censorship-Resistant Internet Communications by Parasitizing on WebRTC.,Poking a Hole in the Wall Efficient Censorship Resistant Internet Communications by Parasitizing on WebRTC.,"Security and privacy, Social and professional topics","Network security, Computing / technology policy"
'PolicyChecker Analyzing the GDPR Completeness of Mobile Apps' Privacy Policies,PolicyChecker Analyzing the GDPR Completeness of Mobile Apps' Privacy Policies,"Security and privacy, General and reference","Human and societal aspects of security and privacy, Cross-computing tools and techniques"
'POLICYCOMP_Counterpart_Comparison_of_Privacy_Policies_Uncovers_Overbroad_Personal_Data_Collection_Practices,POLICYCOMP Counterpart Comparison of Privacy Policies Uncovers Overbroad Personal Data Collection Practices,"Security and privacy, Computing methodologies","Human and societal aspects of security and privacy, Artificial intelligence"
'PolicyLint_Investigating_Internal_Privacy_Policy_Contradictions_on_Google_Play,PolicyLint Investigating Internal Privacy Policy Contradictions on Google Play,"Security and privacy, Applied computing","Human and societal aspects of security and privacy, Document management and text processing"
'PolicyPulse Precision Semantic Role Extraction for Enhanced Privacy Policy Comprehension,PolicyPulse Precision Semantic Role Extraction for Enhanced Privacy Policy Comprehension,"Security and privacy, Computing methodologies","Human and societal aspects of security and privacy, Artificial intelligence"
'PoliGraph_Automated_Privacy_Policy_Analysis_using_Knowledge_Graphs,PoliGraph Automated Privacy Policy Analysis using Knowledge Graphs,"Security and privacy, Computing methodologies","Human and societal aspects of security and privacy, Artificial intelligence"
'Polisis_Automated_Analysis_and_Presentation_of_Privacy_Policies_Using_Deep_Learning,Polisis Automated Analysis and Presentation of Privacy Policies Using Deep Learning,"Security and privacy, Computing methodologies","Human and societal aspects of security and privacy, Machine learning"
'PolyCruise_A_Cross_Language_Dynamic_Information_Flow_Analysis,PolyCruise A Cross Language Dynamic Information Flow Analysis,"Security and privacy, Software and its engineering","Systems security, Software organization and properties"
'Pool_Inference_Attacks_on_Local_Differential_Privacy_Quantifying_the_Privacy_Guarantees_of_Apples_Count_Mean_Sketch_in_Practice,Pool Inference Attacks on Local Differential Privacy Quantifying the Privacy Guarantees of Apples Count Mean Sketch in Practice,"Security and privacy, Mathematics of computing","Security services, Probability and statistics"
'POPE Partial Order Preserving Encoding.,POPE Partial Order Preserving Encoding.,Security and privacy,"Cryptography, Database and storage security"
'PORE_Provably_Robust_Recommender_Systems_against_Data_Poisoning_Attacks,PORE Provably Robust Recommender Systems against Data Poisoning Attacks,"Security and privacy, Information systems","Formal methods and theory of security, Recommender systems"
'Poseidon_Mitigating_Volumetric_DDoS_Attacks_with_Programmable_Switches,Poseidon Mitigating Volumetric DDoS Attacks with Programmable Switches,"Security and privacy, Networks","Network security, Network services"
'POSEIDON_Privacy_Preserving_Federated_Neural_Network_Learning,POSEIDON Privacy Preserving Federated Neural Network Learning,"Security and privacy, Computing methodologies","Cryptography, Machine learning"
'POSE_Practical_Off_chain_Smart_Contract_Execution,POSE Practical Off chain Smart Contract Execution,Security and privacy,"Security in hardware, Systems security"
'Posthammer Pervasive Browser-based Rowhammer Attacks with Postponed Refresh Commands,Posthammer Pervasive Browser based Rowhammer Attacks with Postponed Refresh Commands,Security and privacy,"Security in hardware, Systems security"
'Post_Mortem_of_a_Zombie_Conficker_Cleanup_After_Six_Years,Post Mortem of a Zombie Conficker Cleanup After Six Years,"Security and privacy, Networks","Intrusion/anomaly detection and malware mitigation, Network performance evaluation"
'PowerSpy_Location_Tracking_Using_Mobile_Device_Power_Analysis,PowerSpy Location Tracking Using Mobile Device Power Analysis,"Security and privacy, Computing methodologies","Security in hardware, Machine learning"
'PPA_Preference_Profiling_Attack_Against_Federated_Learning,PPA Preference Profiling Attack Against Federated Learning,"Security and privacy, Computing methodologies","Security services, Machine learning"
'ppSAT_Towards_Two_Party_Private_SAT_Solving,ppSAT Towards Two Party Private SAT Solving,"Security and privacy, Theory of computation","Cryptography, Design and analysis of algorithms"
'Practical Attacks Against Graph-based Clustering.,Practical Attacks Against Graph based Clustering.,"Security and privacy, Computing methodologies","Intrusion/anomaly detection and malware mitigation, Machine learning"
'Practical Backward-Secure Searchable Encryption from Symmetric Puncturable Encryption.,Practical Backward Secure Searchable Encryption from Symmetric Puncturable Encryption.,Security and privacy,"Security services, Database and storage security"
'Practical Censorship Evasion Leveraging Content Delivery Networks.,Practical Censorship Evasion Leveraging Content Delivery Networks.,"Security and privacy, Information systems","Network security, World Wide Web"
'Practical Decryption exFiltration_ Breaking PDF Encryption.,Practical Decryption exFiltration Breaking PDF Encryption.,"Security and privacy, Social and professional topics","Cryptography, Database and storage security, Computing / technology policy"
'Practical Multi-party Private Set Intersection from Symmetric-Key Techniques.,Practical Multi party Private Set Intersection from Symmetric Key Techniques.,Security and privacy,"Cryptography, Security services"
'Practical_Blind_Membership_Inference_Attack_via_Differential_Comparisons,Practical Blind Membership Inference Attack via Differential Comparisons,"Security and privacy, Computing methodologies","Database and storage security, Machine learning"
'Practical_Data_Access_Minimization_in_Trigger_Action_Platforms,Practical Data Access Minimization in Trigger Action Platforms,"Security and privacy, Information systems","Software and application security, World Wide Web"
'Practical_Hidden_Voice_Attacks_against_Speech_and_Speaker_Recognition_Systems,Practical Hidden Voice Attacks against Speech and Speaker Recognition Systems,"Security and privacy, Computing methodologies","Security services, Artificial intelligence"
'Practical_Poisoning_Attacks_with_Limited_Byzantine_Clients_in_Clustered_Federated_Learning,Practical Poisoning Attacks with Limited Byzantine Clients in Clustered Federated Learning,"Security and privacy, Computing methodologies","Systems security, Machine learning"
'Practical_Security_Analysis_of_Zero_Knowledge_Proof_Circuits,Practical Security Analysis of Zero Knowledge Proof Circuits,Security and privacy,"Cryptography, Formal methods and theory of security"
'Practical_Traffic_Analysis_Attacks_on_Secure_Messaging_Applications,Practical Traffic Analysis Attacks on Secure Messaging Applications,"Security and privacy, Networks","Network security, Network performance evaluation"
'Precise Android API Protection Mapping Derivation and Reasoning.,Precise Android API Protection Mapping Derivation and Reasoning.,Security and privacy,Systems security
'Precise Detection of Side-Channel Vulnerabilities using Quantitative Cartesian Hoare Logic.,Precise Detection of Side Channel Vulnerabilities using Quantitative Cartesian Hoare Logic.,"Security and privacy, Theory of computation","Formal methods and theory of security, Software and application security, Logic"
'Precisely_Characterizing_Security_Impact_in_a_Flood_of_Patches_via_Symbolic_Rule_Comparison,Precisely Characterizing Security Impact in a Flood of Patches via Symbolic Rule Comparison,"Security and privacy, Computing methodologies","Systems security, Symbolic and algebraic manipulation"
'Precise_and_Accurate_Patch_Presence_Test_for_Binaries,Precise and Accurate Patch Presence Test for Binaries,"Security and privacy, Software and its engineering","Systems security, Software creation and management"
'Precise_and_Generalized_Robustness_Certification_for_Neural_Networks,Precise and Generalized Robustness Certification for Neural Networks,"Security and privacy, Computing methodologies","Formal methods and theory of security, Machine learning"
'PREDATOR_ Proactive Recognition and Elimination of Domain Abuse at Time-Of-Registration.,PREDATOR Proactive Recognition and Elimination of Domain Abuse at Time Of Registration.,"Security and privacy, Networks","Intrusion/anomaly detection and malware mitigation, Network components"
'Predator_Directed_Web_Application_Fuzzing_for_Efficient_Vulnerability_Validation,Predator Directed Web Application Fuzzing for Efficient Vulnerability Validation,"Security and privacy, Software and its engineering","Software and application security, Software creation and management"
'Predicting Impending Exposure to Malicious Content from User Behavior.,Predicting Impending Exposure to Malicious Content from User Behavior.,"Security and privacy, Computing methodologies","Network security, Human and societal aspects of security and privacy, Machine learning"
'Predicting_Decrypting_and_Abusing_WPA280211_Group_Keys,Predicting Decrypting and Abusing WPA280211 Group Keys,Security and privacy,"Network security, Cryptography"
'Predicting_the_Resilience_of_Obfuscated_Code_Against_Symbolic_Execution_Attacks_via_Machine_Learning,Predicting the Resilience of Obfuscated Code Against Symbolic Execution Attacks via Machine Learning,"Security and privacy, Computing methodologies","Software and application security, Machine learning"
'Predicting_Users_Motivations_behind_Location_Check_Ins_and_Utility_Implications_of_Privacy_Protection_Mechanisms,Predicting Users Motivations behind Location Check Ins and Utility Implications of Privacy Protection Mechanisms,"Security and privacy, Human-centered computing","Human and societal aspects of security and privacy, Human computer interaction (HCI)"
'Predictive Response Optimization Using Reinforcement Learning to Fight Online Social Network Abuse,Predictive Response Optimization Using Reinforcement Learning to Fight Online Social Network Abuse,"Security and privacy, Computing methodologies","Intrusion/anomaly detection and malware mitigation, Machine learning"
'Preech_A_System_for_Privacy_Preserving_Speech_Transcription,Preech A System for Privacy Preserving Speech Transcription,"Security and privacy, Computing methodologies","Security services, Artificial intelligence"
'Preference_Poisoning_Attacks_on_Reward_Model_Learning,Preference Poisoning Attacks on Reward Model Learning,"Security and privacy, Computing methodologies","Software and application security, Machine learning"
'Preserving Both Privacy and Utility in Network Trace Anonymization.,Preserving Both Privacy and Utility in Network Trace Anonymization.,Security and privacy,Security services
'Pretender Universal Active Defense against Diffusion Finetuning Attacks,Pretender Universal Active Defense against Diffusion Finetuning Attacks,"Security and privacy, Computing methodologies","Software and application security, Machine learning"
'Pretty_Good_Phone_Privacy,Pretty Good Phone Privacy,Security and privacy,"Security services, Network security"
'Prevalence_and_Impact_of_Low_Entropy_Packing_Schemes_in_the_Malware_Ecosystem,Prevalence and Impact of Low Entropy Packing Schemes in the Malware Ecosystem,"Security and privacy, Computing methodologies","Intrusion/anomaly detection and malware mitigation, Machine learning"
'Prevalence_Overshadows_Concerns_Understanding_Chinese_Users_Privacy_Awareness_and_Expectations_Towards_LLM-Based_Healthcare_Consultation,Prevalence Overshadows Concerns Understanding Chinese Users Privacy Awareness and Expectations Towards LLM Based Healthcare Consultation,"Security and privacy, Human-centered computing","Human and societal aspects of security and privacy, Human computer interaction (HCI)"
'Preventing Artificially Inflated SMS Attacks through Large-Scale Traffic Inspection,Preventing Artificially Inflated SMS Attacks through Large Scale Traffic Inspection,"Security and privacy, Computing methodologies","Intrusion/anomaly detection and malware mitigation, Machine learning"
'Preventing Dynamic Library Compromise on Node.js via RWX-Based Privilege Reduction,Preventing Dynamic Library Compromise on Node.js via RWX Based Privilege Reduction,"Software and its engineering, Security and privacy","Software organization and properties, Software notations and tools, Software and application security"
'Preventing_and_Detecting_State_Inference_Attacks_on_Android,Preventing and Detecting State Inference Attacks on Android,"Security and privacy, Human-centered computing","Intrusion/anomaly detection and malware mitigation, Ubiquitous and mobile computing"
'Preventing_Kernel_Hacks_with_HAKCs,Preventing Kernel Hacks with HAKCs,"Security and privacy, Software and its engineering","Systems security, Software organization and properties"
'Preventing_Lunchtime_Attacks_Fighting_Insider_Threats_With_Eye_Movement_Biometrics,Preventing Lunchtime Attacks Fighting Insider Threats With Eye Movement Biometrics,"Security and privacy, Computing methodologies","Security services, Artificial intelligence"
'Preventing_SIM_Box_Fraud_Using_Device_Model_Fingerprinting,Preventing SIM Box Fraud Using Device Model Fingerprinting,"Security and privacy, Networks","Intrusion/anomaly detection and malware mitigation, Network types"
'Pride and Prejudice in Progressive Web Apps_ Abusing Native App-like Features in Web Applications.,Pride and Prejudice in Progressive Web Apps Abusing Native App like Features in Web Applications.,"Security and privacy, Social and professional topics","Software and application security, Systems security, Computing / technology policy"
'PrimeProbe_1_JavaScript_0_Overcoming_Browser_based_Side_Channel_Defenses,PrimeProbe 1 JavaScript 0 Overcoming Browser based Side Channel Defenses,Security and privacy,"Security in hardware, Systems security"
'Principled and Automated Approach for Investigating ARVR Attacks,Principled and Automated Approach for Investigating ARVR Attacks,"Security and privacy, Computing methodologies","Intrusion/anomaly detection and malware mitigation, Artificial intelligence"
'Principled_Sampling_for_Anomaly_Detection,Principled Sampling for Anomaly Detection,"Security and privacy, Computing methodologies","Intrusion/anomaly detection and malware mitigation, Machine learning"
'PrintListener_Uncovering_the_Vulnerability_of_Fingerprint_Authentication_via_the_Finger_Friction_Sound,PrintListener Uncovering the Vulnerability of Fingerprint Authentication via the Finger Friction Sound,"Security and privacy, Computing methodologies","Security services, Artificial intelligence"
'PrinTracker_ Fingerprinting 3D Printers using Commodity Scanners.,PrinTracker Fingerprinting 3D Printers using Commodity Scanners.,"Security and privacy, Computer systems organization","Security in hardware, Embedded and cyber-physical systems"
'PriSEC_A_Privacy_Settings_Enforcement_Controller,PriSEC A Privacy Settings Enforcement Controller,"Security and privacy, Human-centered computing","Human and societal aspects of security and privacy, Human computer interaction (HCI)"
'Privacy and Access Control for Outsourced Personal Records.,Privacy and Access Control for Outsourced Personal Records.,Security and privacy,"Database and storage security, Security services"
'Privacy Audit as Bits Transmission Impossibilities for Audit by One Run,Privacy Audit as Bits Transmission Impossibilities for Audit by One Run,"Security and privacy, Mathematics of computing","Security services, Information theory"
'Privacy in the Age of Neurotechnology Investigating Public Attitudes towards Brain Data Collection and Use,Privacy in the Age of Neurotechnology Investigating Public Attitudes towards Brain Data Collection and Use,Security and privacy,Human and societal aspects of security and privacy
'Privacy Law Enforcement Under Centralized Governance A Qualitative Analysis of Four Years Special Privacy Rectification Campaigns,Privacy Law Enforcement Under Centralized Governance A Qualitative Analysis of Four Years Special Privacy Rectification Campaigns,"Security and privacy, Social and professional topics","Human and societal aspects of security and privacy, Computing / technology policy"
'Privacy Leakage via Speech-induced Vibrations on Room Objects through Remote Sensing based on Phased-MIMO,Privacy Leakage via Speech induced Vibrations on Room Objects through Remote Sensing based on Phased MIMO,Security and privacy,Network security
'Privacy Risks of General-Purpose Language Models.,Privacy Risks of General Purpose Language Models.,"Security and privacy, Computing methodologies","Human and societal aspects of security and privacy, Machine learning"
'Privacy Risks of Securing Machine Learning Models against Adversarial Examples.,Privacy Risks of Securing Machine Learning Models against Adversarial Examples.,"Security and privacy, Computing methodologies","Software and application security, Machine learning"
'Privacy-Preserving Data Deduplication for Enhancing Federated Learning of Language Models,Privacy Preserving Data Deduplication for Enhancing Federated Learning of Language Models,"Security and privacy, Computing methodologies","Security services, Machine learning"
'Privacy-Preserving Deep Learning.,Privacy Preserving Deep Learning.,Security and privacy,Software and application security
'Privacy-Preserving Dynamic Learning of Tor Network Traffic.,Privacy Preserving Dynamic Learning of Tor Network Traffic.,"Security and privacy, Networks","Security services, Network properties"
'Privacy_and_Integrity_Preserving_Computations_with_CRISP,Privacy and Integrity Preserving Computations with CRISP,Security and privacy,"Cryptography, Database and storage security"
'Privacy_in_Epigenetics_Temporal_Linkability_of_MicroRNA_Expression_Profiles,Privacy in Epigenetics Temporal Linkability of MicroRNA Expression Profiles,"Security and privacy, Applied computing","Security services, Life and medical sciences"
'Privacy_in_Urban_Sensing_with_Instrumented_Fleets_Using_Air_Pollution_Monitoring_As_A_Usecase,Privacy in Urban Sensing with Instrumented Fleets Using Air Pollution Monitoring As A Usecase,"Security and privacy, Computing methodologies","Security services, Machine learning"
'Privacy_Leakage_via_Unrestricted_Motion-Position_Sensors_in_the_Age_of_Virtual_Reality_A_Study_of_Snooping_Typed_Input_on_Virtual_Keyboards,Privacy Leakage via Unrestricted Motion Position Sensors in the Age of Virtual Reality A Study of Snooping Typed Input on Virtual Keyboards,"Security and privacy, Human-centered computing","Systems security, Human computer interaction (HCI)"
'Privacy_Preserving_Database_Fingerprinting,Privacy Preserving Database Fingerprinting,"Security and privacy, Information systems","Database and storage security, Data management systems"
'Privacy_Preserving_Payments_in_Credit_Networks_Enabling_trust_with_privacy_in_online_marketplaces,Privacy Preserving Payments in Credit Networks Enabling trust with privacy in online marketplaces,"Security and privacy, Applied computing","Security services, Electronic commerce"
'Privacy_Side_Channels_in_Machine_Learning_Systems,Privacy Side Channels in Machine Learning Systems,"Security and privacy, Computing methodologies","Security services, Machine learning"
'Private Set Intersection and other Set Operations in the Third Party Setting,Private Set Intersection and other Set Operations in the Third Party Setting,Security and privacy,"Cryptography, Security services"
'Private Summation in the Multi-Message Shuffle Model.,Private Summation in the Multi Message Shuffle Model.,"Security and privacy, Theory of computation","Security services, Computational complexity and cryptography"
'PrivateFL_Accurate_Differentially_Private_Federated_Learning_via_Personalized_Data_Transformation,PrivateFL Accurate Differentially Private Federated Learning via Personalized Data Transformation,"Security and privacy, Computing methodologies","Security services, Machine learning"
'Private_Aggregate_Queries_to_Untrusted_Databases,Private Aggregate Queries to Untrusted Databases,"Security and privacy, Information systems","Security services, Data management systems"
'Private_Approximate_Nearest_Neighbor_Search_with_Sublinear_Communication,Private Approximate Nearest Neighbor Search with Sublinear Communication,"Security and privacy, Theory of computation","Security services, Design and analysis of algorithms"
'Private_Collaborative_Data_Cleaning_via_Non-Equi_PSI,Private Collaborative Data Cleaning via Non Equi PSI,"Security and privacy, Information systems","Security services, Information systems applications"
'Private_Continual_Release_of_Real_Valued_Data_Streams,Private Continual Release of Real Valued Data Streams,"Security and privacy, Information systems","Security services, Data management systems"
'Private_Efficient_and_Accurate_Protecting_Models_Trained_by_Multi-party_Learning_with_Differential_Privacy,Private Efficient and Accurate Protecting Models Trained by Multi party Learning with Differential Privacy,"Security and privacy, Computing methodologies","Security services, Machine learning"
'Private_Eye_On_the_Limits_of_Textual_Screen_Peeking_via_Eyeglass_Reflections_in_Video_Conferencing,Private Eye On the Limits of Textual Screen Peeking via Eyeglass Reflections in Video Conferencing,"Security and privacy, Human-centered computing","Systems security, Human computer interaction (HCI)"
'Private_Proof_of_Stake_Blockchains_using_Differentially_Private_Stake_Distortion,Private Proof of Stake Blockchains using Differentially Private Stake Distortion,"Security and privacy, Computer systems organization","Security services, Dependable and fault-tolerant systems and networks"
'PrivGraph_Differentially_Private_Graph_Data_Publication_by_Exploiting_Community_Information,PrivGraph Differentially Private Graph Data Publication by Exploiting Community Information,"Security and privacy, Information systems","Database and storage security, Data management systems"
'PrivGuard_Privacy_Regulation_Compliance_Made_Easier,PrivGuard Privacy Regulation Compliance Made Easier,Security and privacy,"Security services, Database and storage security"
'PrivImage_Differentially_Private_Synthetic_Image_Generation_using_Diffusion_Models_with_Semantic_Aware_Pretraining,PrivImage Differentially Private Synthetic Image Generation using Diffusion Models with Semantic Aware Pretraining,"Security and privacy, Computing methodologies","Database and storage security, Machine learning"
'PrivKV Key-Value Data Collection with Local Differential Privacy.,PrivKV Key Value Data Collection with Local Differential Privacy.,"Security and privacy, Information systems","Security services, Data management systems"
'PrivSyn_Differentially_Private_Data_Synthesis,PrivSyn Differentially Private Data Synthesis,"Security and privacy, Information systems","Database and storage security, Data management systems"
'PrivTrace_Differentially_Private_Trajectory_Synthesis_by_Adaptive_Markov_Models,PrivTrace Differentially Private Trajectory Synthesis by Adaptive Markov Models,"Security and privacy, Information systems","Database and storage security, Data management systems"
'Probabilistic Data Structures in Adversarial Environments.,Probabilistic Data Structures in Adversarial Environments.,Security and privacy,Cryptography
'Probability_Model_Transforming_Encoders_Against_Encoding_Attacks,Probability Model Transforming Encoders Against Encoding Attacks,"Security and privacy, Computing methodologies","Cryptography, Machine learning"
'ProBE Proportioning Privacy Budget for Complex Exploratory Decision Support,ProBE Proportioning Privacy Budget for Complex Exploratory Decision Support,Security and privacy,Security services
'Probe-Me-Not Protecting Pre-trained Encoders from Malicious Probing,Probe Me Not Protecting Pre trained Encoders from Malicious Probing,"Security and privacy, Computing methodologies","Security services, Machine learning"
'Probe_the_Proto_Measuring_Client_Side_Prototype_Pollution_Vulnerabilities_of_One_Million_Real_world_Websites,Probe the Proto Measuring Client Side Prototype Pollution Vulnerabilities of One Million Real world Websites,"Security and privacy, Information systems","Software and application security, World Wide Web"
'Problematic_Advertising_and_its_Disparate_Exposure_on_Facebook,Problematic Advertising and its Disparate Exposure on Facebook,"Security and privacy, Information systems","Human and societal aspects of security and privacy, Information systems applications"
'Procedural Noise Adversarial Examples for Black-Box Attacks on Deep Convolutional Networks.,Procedural Noise Adversarial Examples for Black Box Attacks on Deep Convolutional Networks.,"Security and privacy, Computing methodologies","Human and societal aspects of security and privacy, Machine learning"
'Processing_Dangerous_Paths_On_Security_and_Privacy_of_the_Portable_Document_Format,Processing Dangerous Paths On Security and Privacy of the Portable Document Format,"Security and privacy, Applied computing","Software and application security, Document management and text processing"
'ProFake Detecting Deepfakes in the Wild against Quality Degradation with Progressive Quality-adaptive Learning,ProFake Detecting Deepfakes in the Wild against Quality Degradation with Progressive Quality adaptive Learning,"Security and privacy, Computing methodologies","Intrusion/anomaly detection and malware mitigation, Artificial intelligence"
'PROGRAPHER_An_Anomaly_Detection_System_based_on_Provenance_Graph_Embedding,PROGRAPHER An Anomaly Detection System based on Provenance Graph Embedding,"Security and privacy, Computing methodologies","Intrusion/anomaly detection and malware mitigation, Machine learning"
'Progressive_Scrutiny_Incremental_Detection_of_UBI_bugs_in_the_Linux_Kernel,Progressive Scrutiny Incremental Detection of UBI bugs in the Linux Kernel,"Security and privacy, Software and its engineering","Systems security, Software organization and properties"
'Prompt_Inversion_Attack_Against_Collaborative_Inference_of_Large_Language_Models,Prompt Inversion Attack Against Collaborative Inference of Large Language Models,"Security and privacy, Computing methodologies","Software and application security, Machine learning"
'Prompt_Stealing_Attacks_Against_Text_to_Image_Generation_Models,Prompt Stealing Attacks Against Text to Image Generation Models,"Security and privacy, Computing methodologies","Software and application security, Machine learning"
'Proof_of_Backhaul_Trustfree_Measurement_of_Broadband_Bandwidth,Proof of Backhaul Trustfree Measurement of Broadband Bandwidth,"Security and privacy, Networks","Network security, Network performance evaluation"
'Property Inference Attacks on Fully Connected Neural Networks using Permutation Invariant Representations.,Property Inference Attacks on Fully Connected Neural Networks using Permutation Invariant Representations.,"Security and privacy, Computing methodologies","Security services, Machine learning"
'PropertyGPT LLM-driven Formal Verification of Smart Contracts through Retrieval-Augmented Property Generation,PropertyGPT LLM driven Formal Verification of Smart Contracts through Retrieval Augmented Property Generation,"Security and privacy, Software and its engineering","Formal methods and theory of security, Software organization and properties"
'Property_Existence_Inference_against_Generative_Models,Property Existence Inference against Generative Models,"Security and privacy, Computing methodologies","Database and storage security, Machine learning"
'Property_Inference_Attacks_Against_GANs,Property Inference Attacks Against GANs,"Security and privacy, Computing methodologies","Security services, Machine learning"
'Property_Inference_from_Poisoning,Property Inference from Poisoning,"Security and privacy, Computing methodologies","Security services, Machine learning"
'Protected_or_Porous_A_Comparative_Analysis_of_Threat_Detection_Capability_of_IoT_Safeguards,Protected or Porous A Comparative Analysis of Threat Detection Capability of IoT Safeguards,"Security and privacy, Networks","Intrusion/anomaly detection and malware mitigation, Network services"
'Protecting Insecure Communications with Topology-aware Network Tunnels.,Protecting Insecure Communications with Topology aware Network Tunnels.,"Security and privacy, Networks","Network security, Network architectures"
'Protecting Locations with Differential Privacy under Temporal Correlations.,Protecting Locations with Differential Privacy under Temporal Correlations.,Security and privacy,"Network security, Human and societal aspects of security and privacy"
'Protecting_accounts_from_credential_stuffing_with_password_breach_alerting,Protecting accounts from credential stuffing with password breach alerting,"Security and privacy, Theory of computation","Security services, Computational complexity and cryptography"
'Protecting_Privacy_of_BLE_Device_Users,Protecting Privacy of BLE Device Users,"Security and privacy, Human-centered computing","Security services, Ubiquitous and mobile computing"
'Protocols for Checking Compromised Credentials.,Protocols for Checking Compromised Credentials.,Security and privacy,Security services
'Provably Robust Multi-bit Watermarking for AI-generated Text,Provably Robust Multi bit Watermarking for AI generated Text,"Security and privacy, Computing methodologies","Security services, Artificial intelligence"
'Provably Unlearnable Data Examples,Provably Unlearnable Data Examples,"Security and privacy, Computing methodologies","Database and storage security, Machine learning"
'ProvGuard Detecting SDN Control Policy Manipulation via Contextual Semantics of Provenance Graphs,ProvGuard Detecting SDN Control Policy Manipulation via Contextual Semantics of Provenance Graphs,"Security and privacy, Networks","Intrusion/anomaly detection and malware mitigation, Network architectures"
'PROVIDENCE_a_Flexible_Round_by_Round_Risk_Limiting_Audit,PROVIDENCE a Flexible Round by Round Risk Limiting Audit,"Security and privacy, Mathematics of computing","Formal methods and theory of security, Probability and statistics"
'Provisions_ Privacy-preserving Proofs of Solvency for Bitcoin Exchanges.,Provisions Privacy preserving Proofs of Solvency for Bitcoin Exchanges.,"Security and privacy, Applied computing","Cryptography, Electronic commerce"
'ProvTalk_Towards_Interpretable_Multi_level_Provenance_Analysis_in_Networking_Functions_Virtualization_NFV,ProvTalk Towards Interpretable Multi level Provenance Analysis in Networking Functions Virtualization NFV,"Security and privacy, Networks","Intrusion/anomaly detection and malware mitigation, Network services"
'Proxy_Hunting_Understanding_and_Characterizing_Proxy_based_Upgradeable_Smart_Contracts_in_Blockchains,Proxy Hunting Understanding and Characterizing Proxy based Upgradeable Smart Contracts in Blockchains,"Security and privacy, Software and its engineering","Software and application security, Software creation and management"
'PtrSplit Supporting General Pointers in Automatic Program Partitioning.,PtrSplit Supporting General Pointers in Automatic Program Partitioning.,"Security and privacy, Software and its engineering","Systems security, Software organization and properties"
'PTW_Pivotal_Tuning_Watermarking_for_Pre_Trained_Image_Generators,PTW Pivotal Tuning Watermarking for Pre Trained Image Generators,"Security and privacy, Computing methodologies","Security services, Machine learning"
'PUMM_Preventing_Use_After_Free_Using_Execution_Unit_Partitioning,PUMM Preventing Use After Free Using Execution Unit Partitioning,"Security and privacy, Software and its engineering","Software and application security, Software organization and properties"
'Pump up the Volume Practical Database Reconstruction from Volume Leakage on Range Queries.,Pump up the Volume Practical Database Reconstruction from Volume Leakage on Range Queries.,Security and privacy,"Cryptography, Database and storage security"
'PURL_Safe_and_Effective_Sanitization_of_Link_Decoration,PURL Safe and Effective Sanitization of Link Decoration,"Security and privacy, Information systems","Security services, World Wide Web"
'Pyfet_Forensically_Equivalent_Transformation_for_Python_Binary_Decompilation,Pyfet Forensically Equivalent Transformation for Python Binary Decompilation,"Security and privacy, Software and its engineering","Intrusion/anomaly detection and malware mitigation, Software notations and tools"
'PyLingual_Toward_Perfect_Decompilation_of_Evolving_High-Level_Languages,PyLingual Toward Perfect Decompilation of Evolving High Level Languages,"Security and privacy, Software and its engineering","Software and application security, Software notations and tools"
'Pyramid Enhancing Selectivity in Big Data Protection with Count Featurization.,Pyramid Enhancing Selectivity in Big Data Protection with Count Featurization.,"Security and privacy, Information systems","Database and storage security, Data management systems"
'QCSD_A_QUIC_Client_Side_Website_Fingerprinting_Defence_Framework,QCSD A QUIC Client Side Website Fingerprinting Defence Framework,"Security and privacy, Networks","Network security, Network protocols"
'QFA2SR_Query_Free_Adversarial_Transfer_Attacks_to_Speaker_Recognition_Systems,QFA2SR Query Free Adversarial Transfer Attacks to Speaker Recognition Systems,"Security and privacy, Computing methodologies","Security services, Machine learning"
'QMSan Efficiently Detecting Uninitialized Memory Errors During Fuzzing,QMSan Efficiently Detecting Uninitialized Memory Errors During Fuzzing,"Security and privacy, Software and its engineering","Software and application security, Software creation and management"
'QSYM_A_Practical_Concolic_Execution_Engine_Tailored_for_Hybrid_Fuzzing,QSYM A Practical Concolic Execution Engine Tailored for Hybrid Fuzzing,"Security and privacy, Software and its engineering","Software and application security, Software creation and management"
'QUACK_Hindering_Deserialization_Attacks_via_Static_Duck_Typing,QUACK Hindering Deserialization Attacks via Static Duck Typing,"Security and privacy, Software and its engineering","Software and application security, Software organization and properties"
'Quack_Scalable_Remote_Measurement_of_Application_Layer_Censorship,Quack Scalable Remote Measurement of Application Layer Censorship,"Security and privacy, Networks","Network security, Network performance evaluation"
'Quantifying the Pressure of Legal Risks on Third-party Vulnerability Research.,Quantifying the Pressure of Legal Risks on Third party Vulnerability Research.,"Security and privacy, Social and professional topics","Human and societal aspects of security and privacy, Computing / technology policy"
'Quantifying_Blockchain_Extractable_Value_How_dark_is_the_forest,Quantifying Blockchain Extractable Value How dark is the forest,"Security and privacy, Computer systems organization","Systems security, Dependable and fault-tolerant systems and networks"
'Quantifying_Privacy_Risks_of_Prompts_in_Visual_Prompt_Learning,Quantifying Privacy Risks of Prompts in Visual Prompt Learning,"Security and privacy, Computing methodologies","Human and societal aspects of security and privacy, Machine learning"
'Quantitative Verification of Neural Networks and Its Security Applications.,Quantitative Verification of Neural Networks and Its Security Applications.,"Security and privacy, Computing methodologies","Formal methods and theory of security, Machine learning"
'Quantity_vs_Quality_Evaluating_User_Interest_Profiles_Using_Ad_Preference_Managers,Quantity vs Quality Evaluating User Interest Profiles Using Ad Preference Managers,"Security and privacy, Information systems","Human and societal aspects of security and privacy, World Wide Web"
'Querying for Queries Indexes of Queries for Efficient and Expressive IT-PIR.,Querying for Queries Indexes of Queries for Efficient and Expressive IT PIR.,"Security and privacy, Theory of computation","Security services, Computational complexity and cryptography"
'QueryX_Symbolic_Query_on_Decompiled_Code_for_Finding_Bugs_in_COTS_Binaries,QueryX Symbolic Query on Decompiled Code for Finding Bugs in COTS Binaries,"Security and privacy, Software and its engineering","Software and application security, Software organization and properties"
'Query_Provenance_Analysis_Efficient_and_Robust_Defense_Against_Query-Based_Black-Box_Attacks,Query Provenance Analysis Efficient and Robust Defense Against Query Based Black Box Attacks,"Security and privacy, Computing methodologies","Intrusion/anomaly detection and malware mitigation, Machine learning"
'Query_Recovery_from_Easy_to_Hard_Jigsaw_Attack_against_SSE,Query Recovery from Easy to Hard Jigsaw Attack against SSE,Security and privacy,"Database and storage security, Cryptography"
'QuORAM_A_Quorum_Replicated_Fault_Tolerant_ORAM_Datastore,QuORAM A Quorum Replicated Fault Tolerant ORAM Datastore,"Security and privacy, Computer systems organization","Database and storage security, Dependable and fault-tolerant systems and networks"
'QUOTIENT Two-Party Secure Neural Network Training and Prediction.,QUOTIENT Two Party Secure Neural Network Training and Prediction.,"Security and privacy, Computing methodologies","Security services, Machine learning"
'R2DP A Universal and Automated Approach to Optimizing the Randomization Mechanisms of Differential Privacy for Utility Metrics with No Known Optimal Distributions.,R2DP A Universal and Automated Approach to Optimizing the Randomization Mechanisms of Differential Privacy for Utility Metrics with No Known Optimal Distributions.,"Security and privacy, Mathematics of computing","Security services, Probability and statistics"
'RAB_Provable_Robustness_Against_Backdoor_Attacks,RAB Provable Robustness Against Backdoor Attacks,"Security and privacy, Computing methodologies","Formal methods and theory of security, Machine learning"
'Racedb_Detecting_Request_Race_Vulnerabilities_in_Database-Backed_Web_Applications,Racedb Detecting Request Race Vulnerabilities in Database Backed Web Applications,"Security and privacy, Information systems","Software and application security, Data management systems"
'Racing_for_TLS_Certificate_Validation_A_Hijackers_Guide_to_the_Android_TLS_Galaxy,Racing for TLS Certificate Validation A Hijackers Guide to the Android TLS Galaxy,Security and privacy,"Network security, Software and application security"
'Racing_on_the_Negative_Force_Efficient_Vulnerability_Root_Cause_Analysis_through_Reinforcement_Learning_on_Counterexamples,Racing on the Negative Force Efficient Vulnerability Root Cause Analysis through Reinforcement Learning on Counterexamples,"Security and privacy, Computing methodologies","Software and application security, Machine learning"
'RACONTEUR A Knowledgeable Insightful and Portable LLM-Powered Shell Command Explainer,RACONTEUR A Knowledgeable Insightful and Portable LLM Powered Shell Command Explainer,"Security and privacy, Computing methodologies","Intrusion/anomaly detection and malware mitigation, Artificial intelligence"
'RadSee See Your Handwriting Through Walls Using FMCW Radar,RadSee See Your Handwriting Through Walls Using FMCW Radar,"Security and privacy, Hardware","Human and societal aspects of security and privacy, Communication hardware, interfaces and storage"
'RAI2_Responsible_Identity_Audit_Governing_the_Artificial_Intelligence,RAI2 Responsible Identity Audit Governing the Artificial Intelligence,"Security and privacy, Computing methodologies","Database and storage security, Machine learning"
'RAIFLE Reconstruction Attacks on Interaction-based Federated Learning with Adversarial Data Manipulation,RAIFLE Reconstruction Attacks on Interaction based Federated Learning with Adversarial Data Manipulation,"Security and privacy, Computing methodologies","Security services, Machine learning"
'RAIN_ Refinable Attack Investigation with On-demand Inter-Process Information Flow Tracking.,RAIN Refinable Attack Investigation with On demand Inter Process Information Flow Tracking.,"Security and privacy, Applied computing","Systems security, Intrusion/anomaly detection and malware mitigation, Law, social and behavioral sciences"
'Ramblr_Making_Reassembly_Great_Again,Ramblr Making Reassembly Great Again,"Security and privacy, Software and its engineering","Software and application security, Software organization and properties"
'RamBoAttack_A_Robust_and_Query_Efficient_Deep_Neural_Network_Decision_Exploit,RamBoAttack A Robust and Query Efficient Deep Neural Network Decision Exploit,"Security and privacy, Computing methodologies","Software and application security, Machine learning"
'RangeSanitizer Detecting Memory Errors with Efficient Range Checks,RangeSanitizer Detecting Memory Errors with Efficient Range Checks,"Security and privacy, Software and its engineering","Software and application security, Software organization and properties"
'RankGuess_Password_Guessing_Using_Adversarial_Ranking,RankGuess Password Guessing Using Adversarial Ranking,"Security and privacy, Computing methodologies","Security services, Machine learning"
'Ransomware over Modern Web Browsers,Ransomware over Modern Web Browsers,Security and privacy,"Intrusion/anomaly detection and malware mitigation, Systems security"
'RapidPatch_Firmware_Hotpatching_for_Real_Time_Embedded_Devices,RapidPatch Firmware Hotpatching for Real Time Embedded Devices,"Security and privacy, Computer systems organization","Systems security, Embedded and cyber-physical systems"
'RAPTOR_Routing_Attacks_on_Privacy_in_Tor,RAPTOR Routing Attacks on Privacy in Tor,"Security and privacy, Networks","Security services, Network protocols"
'RAZOR_A_Framework_for_Post_deployment_Software_Debloating,RAZOR A Framework for Post deployment Software Debloating,"Security and privacy, Software and its engineering","Software and application security, Software organization and properties"
'REaaS_Enabling_Adversarially_Robust_Downstream_Classifiers_via_Robust_Encoder_as_a_Service,REaaS Enabling Adversarially Robust Downstream Classifiers via Robust Encoder as a Service,"Security and privacy, Computing methodologies","Formal methods and theory of security, Machine learning"
'Read Between the Lines Detecting Tracking JavaScript,Read Between the Lines Detecting Tracking JavaScript,Security and privacy,Human and societal aspects of security and privacy
'Reading_the_Tea_leaves_A_Comparative_Analysis_of_Threat_Intelligence,Reading the Tea leaves A Comparative Analysis of Threat Intelligence,"Security and privacy, Information systems","Intrusion/anomaly detection and malware mitigation, Data management systems"
'Reading_Thieves_Cant_Automatically_Identifying_and_Understanding_Dark_Jargons_from_Cybercrime_Marketplaces,Reading Thieves Cant Automatically Identifying and Understanding Dark Jargons from Cybercrime Marketplaces,"Security and privacy, Computing methodologies","Intrusion/anomaly detection and malware mitigation, Artificial intelligence"
'Recognizing_Functions_in_Binaries_with_Neural_Networks,Recognizing Functions in Binaries with Neural Networks,"Security and privacy, Computing methodologies","Software and application security, Machine learning"
'Recompose Event Sequences vs. Predict Next Events A Novel Anomaly Detection Approach for Discrete Event Logs,Recompose Event Sequences vs. Predict Next Events A Novel Anomaly Detection Approach for Discrete Event Logs,"Security and privacy, Computing methodologies","Intrusion/anomaly detection and malware mitigation, Machine learning"
'Reconstructing_training_data_from_document_understanding_models,Reconstructing training data from document understanding models,"Security and privacy, Computing methodologies","Database and storage security, Machine learning"
'Reconstructing_Training_Data_with_Informed_Adversaries,Reconstructing Training Data with Informed Adversaries,"Security and privacy, Computing methodologies","Security services, Machine learning"
'Redeem_Myself_Purifying_Backdoors_in_Deep_Learning_Models_using_Self_Attention_Distillation,Redeem Myself Purifying Backdoors in Deep Learning Models using Self Attention Distillation,"Security and privacy, Computing methodologies","Intrusion/anomaly detection and malware mitigation, Machine learning"
'REDQUEEN_Fuzzing_with_Input_to_State_Correspondence,REDQUEEN Fuzzing with Input to State Correspondence,"Security and privacy, Software and its engineering","Systems security, Software creation and management"
'REDsec_Running_Encrypted_Discretized_Neural_Networks_in_Seconds,REDsec Running Encrypted Discretized Neural Networks in Seconds,"Security and privacy, Computing methodologies","Cryptography, Machine learning"
'Reducing_Bias_in_Modeling_Real_world_Password_Strength_via_Deep_Learning_and_Dynamic_Dictionaries,Reducing Bias in Modeling Real world Password Strength via Deep Learning and Dynamic Dictionaries,"Security and privacy, Computing methodologies","Security services, Machine learning"
'Reducing_Test_Cases_with_Attention_Mechanism_of_Neural_Networks,Reducing Test Cases with Attention Mechanism of Neural Networks,"Security and privacy, Computing methodologies","Software and application security, Machine learning"
'Red_Team_vs._Blue_Team_A_Real-World_Hardware_Trojan_Detection_Case_Study_Across_Four_Modern_CMOS_Technology_Generations,Red Team vs. Blue Team A Real World Hardware Trojan Detection Case Study Across Four Modern CMOS Technology Generations,"Security and privacy, Hardware","Security in hardware, Hardware validation"
'REGA_Scalable_Rowhammer_Mitigation_with_Refresh-Generating_Activations,REGA Scalable Rowhammer Mitigation with Refresh Generating Activations,"Security and privacy, Hardware","Security in hardware, Integrated circuits"
'RegexScalpel_Regular_Expression_Denial_of_Service_ReDoS_Defense_by_Localize_and_Fix,RegexScalpel Regular Expression Denial of Service ReDoS Defense by Localize and Fix,"Security and privacy, Theory of computation","Software and application security, Formal languages and automata theory"
'Regulator_Dynamic_Analysis_to_Detect_ReDoS,Regulator Dynamic Analysis to Detect ReDoS,"Security and privacy, Software and its engineering","Software and application security, Software organization and properties"
'Reinforcement Unlearning,Reinforcement Unlearning,"Security and privacy, Computing methodologies","Security services, Machine learning"
'Reinforcement_Learning_based_Hierarchical_Seed_Scheduling_for_Greybox_Fuzzing,Reinforcement Learning based Hierarchical Seed Scheduling for Greybox Fuzzing,"Security and privacy, Computing methodologies","Software and application security, Machine learning"
'Reinforcing System-Assigned Passphrases Through Implicit Learning.,Reinforcing System Assigned Passphrases Through Implicit Learning.,Security and privacy,Security services
'Reining_in_the_Webs_Inconsistencies_with_Site_Policy,Reining in the Webs Inconsistencies with Site Policy,"Security and privacy, Information systems","Software and application security, World Wide Web"
'Relation_Mining_Under_Local_Differential_Privacy,Relation Mining Under Local Differential Privacy,"Security and privacy, Information systems","Security services, Information systems applications"
'Reliable Third-Party Library Detection in Android and its Security Applications.,Reliable Third Party Library Detection in Android and its Security Applications.,"Security and privacy, Software and its engineering","Software and application security, Software notations and tools"
'REMARK_LLM_A_Robust_and_Efficient_Watermarking_Framework_for_Generative_Large_Language_Models,REMARK LLM A Robust and Efficient Watermarking Framework for Generative Large Language Models,"Security and privacy, Computing methodologies","Security services, Artificial intelligence"
'Remote_Code_Execution_from_SSTI_in_the_Sandbox_Automatically_Detecting_and_Exploiting_Template_Escape_Bugs,Remote Code Execution from SSTI in the Sandbox Automatically Detecting and Exploiting Template Escape Bugs,"Security and privacy, Software and its engineering","Software and application security, Software notations and tools"
'Remote_Keylogging_Attacks_in_Multi_user_VR_Applications,Remote Keylogging Attacks in Multi user VR Applications,Security and privacy,"Software and application security, Human and societal aspects of security and privacy"
'Rendered Insecure GPU Side Channel Attacks are Practical.,Rendered Insecure GPU Side Channel Attacks are Practical.,Security and privacy,Security in hardware
'Rendering_Contention_Channel_Made_Practical_in_Web_Browsers,Rendering Contention Channel Made Practical in Web Browsers,"Security and privacy, Information systems","Systems security, World Wide Web"
'Repairing_DoS_Vulnerability_of_Real-World_Regexes,Repairing DoS Vulnerability of Real World Regexes,"Security and privacy, Theory of computation","Software and application security, Formal languages and automata theory"
'REPLICAWATCHER_Training_less_Anomaly_Detection_in_Containerized_Microservices,REPLICAWATCHER Training less Anomaly Detection in Containerized Microservices,"Security and privacy, Computing methodologies","Intrusion/anomaly detection and malware mitigation, Machine learning"
'ReScan_A_Middleware_Framework_for_Realistic_and_Robust_Black_box_Web_Application_Scanning,ReScan A Middleware Framework for Realistic and Robust Black box Web Application Scanning,Security and privacy,"Systems security, Software and application security"
'Research_on_the_Security_of_Visual_Reasoning_CAPTCHA,Research on the Security of Visual Reasoning CAPTCHA,"Security and privacy, Computing methodologies","Security services, Artificial intelligence"
'Resident Evil Understanding Residential IP Proxy as a Dark Service.,Resident Evil Understanding Residential IP Proxy as a Dark Service.,"Security and privacy, Networks","Intrusion/anomaly detection and malware mitigation, Network services"
'Resolving_the_Predicament_of_Android_Custom_Permissions,Resolving the Predicament of Android Custom Permissions,"Security and privacy, Software and its engineering","Systems security, Software organization and properties"
'Response-Hiding_Encrypted_Ranges_Revisiting_Security_via_Parametrized_Leakage-Abuse_Attacks,Response Hiding Encrypted Ranges Revisiting Security via Parametrized Leakage Abuse Attacks,"Security and privacy, Information systems","Database and storage security, Data management systems"
'Result Pattern Hiding Searchable Encryption for Conjunctive Queries.,Result Pattern Hiding Searchable Encryption for Conjunctive Queries.,Security and privacy,"Security services, Database and storage security"
'Rethinking_Searchable_Symmetric_Encryption,Rethinking Searchable Symmetric Encryption,"Security and privacy, Information systems","Database and storage security, Information retrieval"
'Rethinking_the_Invisible_Protection_against_Unauthorized_Image_Usage_in_Stable_Diffusion,Rethinking the Invisible Protection against Unauthorized Image Usage in Stable Diffusion,"Security and privacy, Computing methodologies","Software and application security, Machine learning"
'Rethinking_the_Security_Threats_of_Stale_DNS_Glue_Records,Rethinking the Security Threats of Stale DNS Glue Records,"Security and privacy, Networks","Network security, Network services"
'Rethinking_White_Box_Watermarks_on_Deep_Learning_Models_under_Neural_Structural_Obfuscation,Rethinking White Box Watermarks on Deep Learning Models under Neural Structural Obfuscation,"Security and privacy, Computing methodologies","Software and application security, Machine learning"
'Retrofitting XoM for Stripped Binaries without Embedded Data Relocation,Retrofitting XoM for Stripped Binaries without Embedded Data Relocation,Security and privacy,Systems security
'Revealer_Detecting_and_Exploiting_Regular_Expression_Denial-of-Service_Vulnerabilities,Revealer Detecting and Exploiting Regular Expression Denial of Service Vulnerabilities,"Security and privacy, Theory of computation","Software and application security, Formal languages and automata theory"
'Revealing the Black Box of Device Search Engine Scanning Assets Strategies and Ethical Consideration,Revealing the Black Box of Device Search Engine Scanning Assets Strategies and Ethical Consideration,Security and privacy,"Human and societal aspects of security and privacy, Network security"
'Revisiting Concept Drift in Windows Malware Detection Adaptation to Real Drifted Malware with Minimal Samples,Revisiting Concept Drift in Windows Malware Detection Adaptation to Real Drifted Malware with Minimal Samples,"Security and privacy, Computing methodologies","Intrusion/anomaly detection and malware mitigation, Machine learning"
'Revisiting EM-based Estimation for Locally Differentially Private Protocols,Revisiting EM based Estimation for Locally Differentially Private Protocols,"Security and privacy, Mathematics of computing","Security services, Probability and statistics"
'Revisiting Physical-World Adversarial Attack on Traffic Sign Recognition A Commercial Systems Perspective,Revisiting Physical World Adversarial Attack on Traffic Sign Recognition A Commercial Systems Perspective,"Security and privacy, Computing methodologies","Systems security, Machine learning"
'Revisiting Training-Inference Trigger Intensity in Backdoor Attacks,Revisiting Training Inference Trigger Intensity in Backdoor Attacks,"Security and privacy, Computing methodologies","Software and application security, Machine learning"
'Revisiting_Leakage_Abuse_Attacks,Revisiting Leakage Abuse Attacks,"Security and privacy, Information systems","Database and storage security, Data management systems"
'Rewriting History Changing the Archived Web from the Present.,Rewriting History Changing the Archived Web from the Present.,"Applied computing, Security and privacy","Education, Software and application security"
'RE_Mind_a_First_Look_Inside_the_Mind_of_a_Reverse_Engineer,RE Mind a First Look Inside the Mind of a Reverse Engineer,"Security and privacy, Human-centered computing","Human and societal aspects of security and privacy, Human computer interaction (HCI)"
'Riding_out_DOMsday_Towards_Detecting_and_Preventing_DOM_Cross_Site_Scripting,Riding out DOMsday Towards Detecting and Preventing DOM Cross Site Scripting,"Security and privacy, Information systems","Software and application security, World Wide Web"
'Rigging_the_Foundation_Manipulating_Pre-training_for_Advanced_Membership_Inference_Attacks,Rigging the Foundation Manipulating Pre training for Advanced Membership Inference Attacks,"Security and privacy, Computing methodologies","Security services, Machine learning"
'Rise of the HaCRS_ Augmenting Autonomous Cyber Reasoning Systems with Human Assistance.,Rise of the HaCRS Augmenting Autonomous Cyber Reasoning Systems with Human Assistance.,Security and privacy,"Human and societal aspects of security and privacy, Systems security"
'Rise_of_Inspectron_Automated_Black_box_Auditing_of_Cross_platform_Electron_Apps,Rise of Inspectron Automated Black box Auditing of Cross platform Electron Apps,"Security and privacy, Software and its engineering","Software and application security, Software organization and properties"
'RiskTeller Predicting the Risk of Cyber Incidents.,RiskTeller Predicting the Risk of Cyber Incidents.,"Security and privacy, Computing methodologies","Intrusion/anomaly detection and malware mitigation, Machine learning"
'Robbery on DevOps Understanding and Mitigating Illicit Cryptomining on Continuous Integration Service Platforms,Robbery on DevOps Understanding and Mitigating Illicit Cryptomining on Continuous Integration Service Platforms,"Security and privacy, Software and its engineering","Intrusion/anomaly detection and malware mitigation, Software creation and management"
'Robust Adversarial Attacks Against DNN-Based Wireless Communication Systems,Robust Adversarial Attacks Against DNN Based Wireless Communication Systems,Security and privacy,Network security
'Robustifying ML-powered Network Classifiers with PANTS,Robustifying ML powered Network Classifiers with PANTS,"Security and privacy, Computing methodologies","Intrusion/anomaly detection and malware mitigation, Machine learning"
'Robust_Multi-tab_Website_Fingerprinting_Attacks_in_the_Wild,Robust Multi tab Website Fingerprinting Attacks in the Wild,"Security and privacy, Computing methodologies","Network security, Machine learning"
'Robust_Performance_Metrics_for_Authentication_Systems,Robust Performance Metrics for Authentication Systems,"Security and privacy, Computing methodologies","Security services, Machine learning"
'Robust_Website_Fingerprinting_Through_the_Cache_Occupancy_Channel,Robust Website Fingerprinting Through the Cache Occupancy Channel,Security and privacy,"Security in hardware, Systems security"
'Rods_with_Laser_Beams_Understanding_Browser_Fingerprinting_on_Phishing_Pages,Rods with Laser Beams Understanding Browser Fingerprinting on Phishing Pages,"Security and privacy, Information systems","Software and application security, World Wide Web"
'RoFL_Robustness_of_Secure_Federated_Learning,RoFL Robustness of Secure Federated Learning,"Security and privacy, Computing methodologies","Security services, Machine learning"
'Rollercoaster_An_Efficient_Group_Multicast_Scheme_for_Mix_Networks,Rollercoaster An Efficient Group Multicast Scheme for Mix Networks,"Security and privacy, Networks","Security services, Network protocols"
'Rolling_Colors_Adversarial_Laser_Exploits_against_Traffic_Light_Recognition,Rolling Colors Adversarial Laser Exploits against Traffic Light Recognition,"Security and privacy, Computing methodologies","Security in hardware, Machine learning"
'Rosetta_Enabling_Robust_TLS_Encrypted_Traffic_Classification_in_Diverse_Network_Environments_with_TCP_Aware_Traffic_Augmentation,Rosetta Enabling Robust TLS Encrypted Traffic Classification in Diverse Network Environments with TCP Aware Traffic Augmentation,"Security and privacy, Computing methodologies","Network security, Machine learning"
'RoVISQ_Reduction_of_Video_Service_Quality_via_Adversarial_Attacks_on_Deep_Learning_based_Video_Compression,RoVISQ Reduction of Video Service Quality via Adversarial Attacks on Deep Learning based Video Compression,"Security and privacy, Computing methodologies","Systems security, Machine learning"
'ROV_Improved_Deployable_Defense_against_BGP_Hijacking,ROV Improved Deployable Defense against BGP Hijacking,"Security and privacy, Networks","Network security, Network protocols"
'ROV_MI_Large_Scale_Accurate_and_Efficient_Measurement_of_ROV_Deployment,ROV MI Large Scale Accurate and Efficient Measurement of ROV Deployment,"Security and privacy, Networks","Network security, Network performance evaluation"
'RSFuzzer_Discovering_Deep_SMI_Handler_Vulnerabilities_in_UEFI_Firmware_with_Hybrid_Fuzzing,RSFuzzer Discovering Deep SMI Handler Vulnerabilities in UEFI Firmware with Hybrid Fuzzing,"Security and privacy, Computer systems organization","Systems security, Embedded and cyber-physical systems"
'rtCaptcha_A_Real_Time_CAPTCHA_Based_Liveness_Detection_System,rtCaptcha A Real Time CAPTCHA Based Liveness Detection System,"Security and privacy, Computing methodologies","Security services, Artificial intelligence"
'RTFM! Automatic Assumption Discovery and Verification Derivation from Library Document for API Misuse Detection.,RTFM! Automatic Assumption Discovery and Verification Derivation from Library Document for API Misuse Detection.,"Security and privacy, Software and its engineering","Systems security, Software organization and properties"
'Runtime Analysis of Whole-System Provenance.,Runtime Analysis of Whole System Provenance.,Security and privacy,"Systems security, Intrusion/anomaly detection and malware mitigation"
'Runtime Recovery of Web Applications under Zero-Day ReDoS Attacks.,Runtime Recovery of Web Applications under Zero Day ReDoS Attacks.,Security and privacy,"Software and application security, Intrusion/anomaly detection and malware mitigation"
'Rust for Embedded Systems Current State and Open Problems,Rust for Embedded Systems Current State and Open Problems,"Security and privacy, Software and its engineering, Computer systems organization","Security in hardware, Software organization and properties, Real-time systems"
'Rusted Anchors A National Client-Side View of Hidden Root CAs in the Web PKI Ecosystem,Rusted Anchors A National Client Side View of Hidden Root CAs in the Web PKI Ecosystem,Security and privacy,"Network security, Security services, Systems security"
'RVPLAYER_Robotic_Vehicle_Forensics_by_Replay_with_What_if_Reasoning,RVPLAYER Robotic Vehicle Forensics by Replay with What if Reasoning,"Security and privacy, Computer systems organization","Intrusion/anomaly detection and malware mitigation, Embedded and cyber-physical systems"
'Sabre_Cutting_through_Adversarial_Noise_with_Adaptive_Spectral_Filtering_and_Input_Reconstruction (1),Sabre Cutting through Adversarial Noise with Adaptive Spectral Filtering and Input Reconstruction (1),"Security and privacy, Computing methodologies","Intrusion/anomaly detection and malware mitigation, Machine learning"
'SABRE_Protecting_Bitcoin_against_Routing_Attacks,SABRE Protecting Bitcoin against Routing Attacks,"Security and privacy, Networks","Network security, Network protocols"
'SAD_THUG_Structural_Anomaly_Detection_for_Transmissions_of_High_value_Information_Using_Graphics,SAD THUG Structural Anomaly Detection for Transmissions of High value Information Using Graphics,"Security and privacy, Computing methodologies","Intrusion/anomaly detection and malware mitigation, Machine learning"
'SafeFetch_Practical_Double_Fetch_Protection_with_Kernel_Fetch_Caching,SafeFetch Practical Double Fetch Protection with Kernel Fetch Caching,"Security and privacy, Software and its engineering","Systems security, Software organization and properties"
'Safelnit_Comprehensive_and_Practical_Mitigation_of_Uninitialized_Read_Vulnerabilities,Safelnit Comprehensive and Practical Mitigation of Uninitialized Read Vulnerabilities,"Security and privacy, Software and its engineering","Software and application security, Software notations and tools"
'SAFER_Efficient_and_Error_Tolerant_Binary_Instrumentation,SAFER Efficient and Error Tolerant Binary Instrumentation,"Security and privacy, Software and its engineering","Software and application security, Software notations and tools"
'SafeSpeech Robust and Universal Voice Protection Against Malicious Speech Synthesis,SafeSpeech Robust and Universal Voice Protection Against Malicious Speech Synthesis,"Security and privacy, Computing methodologies","Security services, Machine learning"
'SafeSplit A Novel Defense Against Client-Side Backdoor Attacks in Split Learning,SafeSplit A Novel Defense Against Client Side Backdoor Attacks in Split Learning,"Security and privacy, Computing methodologies","Intrusion/anomaly detection and malware mitigation, Machine learning"
'Safety Misalignment Against Large Language Models,Safety Misalignment Against Large Language Models,"Security and privacy, Computing methodologies","Software and application security, Artificial intelligence"
'SAID_State_aware_Defense_Against_Injection_Attacks_on_In_vehicle_Network,SAID State aware Defense Against Injection Attacks on In vehicle Network,"Security and privacy, Computer systems organization","Intrusion/anomaly detection and malware mitigation, Embedded and cyber-physical systems"
'SandDriller_A_Fully_Automated_Approach_for_Testing_Language_Based_JavaScript_Sandboxes,SandDriller A Fully Automated Approach for Testing Language Based JavaScript Sandboxes,"Security and privacy, Software and its engineering","Systems security, Software creation and management"
'SandTrap_Securing_JavaScript_driven_Trigger_Action_Platforms,SandTrap Securing JavaScript driven Trigger Action Platforms,"Security and privacy, Information systems","Software and application security, World Wide Web"
'SANNS_Scaling_Up_Secure_Approximate_k_Nearest_Neighbors_Search,SANNS Scaling Up Secure Approximate k Nearest Neighbors Search,"Security and privacy, Information systems","Security services, Information systems applications"
'Saphire_Sandboxing_PHP_Applications_with_Tailored_System_Call_Allowlists,Saphire Sandboxing PHP Applications with Tailored System Call Allowlists,Security and privacy,"Systems security, Software and application security"
'SARA_Secure_Android_Remote_Authorization,SARA Secure Android Remote Authorization,Security and privacy,"Systems security, Formal methods and theory of security"
'SAVIOR_Securing_Autonomous_Vehicles_with_Robust_Physical_Invariants,SAVIOR Securing Autonomous Vehicles with Robust Physical Invariants,"Security and privacy, Computer systems organization","Intrusion/anomaly detection and malware mitigation, Embedded and cyber-physical systems"
'Scalable Graph-based Bug Search for Firmware Images.,Scalable Graph based Bug Search for Firmware Images.,"Security and privacy, Information systems","Systems security, Information retrieval"
'Scalable_and_Privacy-Preserving_Federated_Principal_Component_Analysis,Scalable and Privacy Preserving Federated Principal Component Analysis,"Security and privacy, Computing methodologies","Security services, Machine learning"
'Scalable_Detection_of_Promotional_Website_Defacements_in_Black_Hat_SEO_Campaigns,Scalable Detection of Promotional Website Defacements in Black Hat SEO Campaigns,"Security and privacy, Information systems","Intrusion/anomaly detection and malware mitigation, World Wide Web"
'Scalable_Multi_Party_Computation_Protocols_for_Machine_Learning_in_the_Honest_Majority_Setting,Scalable Multi Party Computation Protocols for Machine Learning in the Honest Majority Setting,"Security and privacy, Computing methodologies","Cryptography, Machine learning"
'Scalable_Scanning_and_Automatic_Classification_of_TLS_Padding_Oracle_Vulnerabilities,Scalable Scanning and Automatic Classification of TLS Padding Oracle Vulnerabilities,Security and privacy,"Network security, Systems security"
'Scale-MIA A Scalable Model Inversion Attack against Secure Federated Learning via Latent Space Reconstruction,Scale MIA A Scalable Model Inversion Attack against Secure Federated Learning via Latent Space Reconstruction,"Security and privacy, Computing methodologies","Security services, Machine learning"
'Scaling ORAM for Secure Computation.,Scaling ORAM for Secure Computation.,"Security and privacy, Theory of computation","Cryptography, Computational complexity and cryptography"
'Scaling_JavaScript_Abstract_Interpretation_to_Detect_and_Exploit_Node.js_Taint-style_Vulnerability,Scaling JavaScript Abstract Interpretation to Detect and Exploit Node.js Taint style Vulnerability,"Security and privacy, Software and its engineering","Software and application security, Software organization and properties"
'SCAMMAGNIFIER Piercing the Veil of Fraudulent Shopping Website Campaigns,SCAMMAGNIFIER Piercing the Veil of Fraudulent Shopping Website Campaigns,"Security and privacy, Information systems","Intrusion/anomaly detection and malware mitigation, World Wide Web"
"'Scan, Test, Execute Adversarial Tactics in Amplification DDoS Attacks","Scan, Test, Execute Adversarial Tactics in Amplification DDoS Attacks",Security and privacy,Network security
'Scaphy_Detecting_Modern_ICS_Attacks_by_Correlating_Behaviors_in_SCADA_and_PHYsical,Scaphy Detecting Modern ICS Attacks by Correlating Behaviors in SCADA and PHYsical,"Security and privacy, Computer systems organization","Intrusion/anomaly detection and malware mitigation, Embedded and cyber-physical systems"
'Schrodingers_RAT_Profiling_the_Stakeholders_in_the_Remote_Access_Trojan_Ecosystem,Schrodingers RAT Profiling the Stakeholders in the Remote Access Trojan Ecosystem,Security and privacy,"Intrusion/anomaly detection and malware mitigation, Human and societal aspects of security and privacy"
'Scission_ Signal Characteristic-Based Sender Identification and Intrusion Detection in Automotive Networks.,Scission Signal Characteristic Based Sender Identification and Intrusion Detection in Automotive Networks.,Security and privacy,Intrusion/anomaly detection and malware mitigation
'Scraping_Sticky_Leftovers_App_User_Information_Left_on_Servers_After_Account_Deletion,Scraping Sticky Leftovers App User Information Left on Servers After Account Deletion,"Security and privacy, Software and its engineering","Database and storage security, Software organization and properties"
'Screaming Channels When Electromagnetic Side Channels Meet Radio Transceivers.,Screaming Channels When Electromagnetic Side Channels Meet Radio Transceivers.,"Security and privacy, Hardware","Security in hardware, Integrated circuits"
'Screen_Gleaning_A_Screen_Reading_TEMPEST_Attack_on_Mobile_Devices_Exploiting_an_Electromagnetic_Side_Channel,Screen Gleaning A Screen Reading TEMPEST Attack on Mobile Devices Exploiting an Electromagnetic Side Channel,"Security and privacy, Computing methodologies","Security in hardware, Machine learning"
'ScriptChecker_To_Tame_Third_party_Script_Execution_With_Task_Capabilities,ScriptChecker To Tame Third party Script Execution With Task Capabilities,"Security and privacy, Software and its engineering","Systems security, Software organization and properties"
'SDFuzz_Target_States_Driven_Directed_Fuzzing,SDFuzz Target States Driven Directed Fuzzing,"Security and privacy, Software and its engineering","Software and application security, Software creation and management"
'SeaK_Rethinking_the_Design_of_a_Secure_Allocator_for_OS_Kernel,SeaK Rethinking the Design of a Secure Allocator for OS Kernel,"Security and privacy, Software and its engineering","Systems security, Software organization and properties"
'SEAL_Attack_Mitigation_for_Encrypted_Databases_via_Adjustable_Leakage,SEAL Attack Mitigation for Encrypted Databases via Adjustable Leakage,Security and privacy,"Database and storage security, Cryptography"
'SEAL_Storage_efficient_Causality_Analysis_on_Enterprise_Logs_with_Query_friendly_Compression,SEAL Storage efficient Causality Analysis on Enterprise Logs with Query friendly Compression,"Security and privacy, Information systems","Intrusion/anomaly detection and malware mitigation, Data management systems"
'Searching_Encrypted_Data_with_Size_Locked_Indexes,Searching Encrypted Data with Size Locked Indexes,"Security and privacy, Information systems","Database and storage security, Information retrieval"
'SecGraph_A_Uniform_and_Open_source_Evaluation_System_for_Graph_Data_Anonymization_and_De_anonymization,SecGraph A Uniform and Open source Evaluation System for Graph Data Anonymization and De anonymization,"Security and privacy, Information systems","Database and storage security, Data management systems"
'Secret Spilling Drive Leaking User Behavior through SSD Contention,Secret Spilling Drive Leaking User Behavior through SSD Contention,"Security and privacy, Information systems","Security in hardware, Information storage systems"
'Secret_Shared_Shuffle_with_Malicious_Security,Secret Shared Shuffle with Malicious Security,"Security and privacy, Theory of computation","Security services, Computational complexity and cryptography"
'Secure Computation with Differentially Private Access Patterns.,Secure Computation with Differentially Private Access Patterns.,Security and privacy,"Formal methods and theory of security, Cryptography"
'Secure Data Analytics in Apache Spark with Fine-grained Policy Enforcement and Isolated Execution,Secure Data Analytics in Apache Spark with Fine grained Policy Enforcement and Isolated Execution,"Security and privacy, Information systems","Systems security, Data management systems"
'Secure Deduplication of Encrypted Data without Additional Independent Servers.,Secure Deduplication of Encrypted Data without Additional Independent Servers.,Security and privacy,"Database and storage security, Cryptography"
'Secure Graph Analysis at Scale,Secure Graph Analysis at Scale,Security and privacy,"Cryptography, Security services"
'Secure IP Address Allocation at Cloud Scale,Secure IP Address Allocation at Cloud Scale,"Security and privacy, Networks","Network security, Network services"
'Secure Outsourced Matrix Computation and Application to Neural Networks.,Secure Outsourced Matrix Computation and Application to Neural Networks.,Security and privacy,Cryptography
'Secure Stable Matching at Scale.,Secure Stable Matching at Scale.,"Security and privacy, Theory of computation","Security services, Design and analysis of algorithms"
'Secure Transformer Inference Made Non-interactive,Secure Transformer Inference Made Non interactive,"Security and privacy, Computing methodologies","Cryptography, Machine learning"
'SecureCells_A_Secure_Compartmentalized_Architecture,SecureCells A Secure Compartmentalized Architecture,"Security and privacy, Computer systems organization","Systems security, Architectures"
'Securely Sampling Biased Coins with Applications to Differential Privacy.,Securely Sampling Biased Coins with Applications to Differential Privacy.,"Security and privacy, Mathematics of computing","Security services, Probability and statistics"
'SecureML A System for Scalable Privacy-Preserving Machine Learning.,SecureML A System for Scalable Privacy Preserving Machine Learning.,"Security and privacy, Computing methodologies","Security services, Machine learning"
'Secure_Floating_Point_Training,Secure Floating Point Training,"Security and privacy, Computing methodologies","Security services, Machine learning"
'Secure_Multi_party_Computation_of_Differentially_Private_Median,Secure Multi party Computation of Differentially Private Median,"Security and privacy, Theory of computation","Security services, Computational complexity and cryptography"
'Secure_parallel_computation_on_national_scale_volumes_of_data,Secure parallel computation on national scale volumes of data,"Security and privacy, Computing methodologies","Security services, Parallel computing methodologies"
'Secure_Poisson_Regression,Secure Poisson Regression,"Security and privacy, Computing methodologies","Cryptography, Machine learning"
'Secure_Sublinear_Time_Differentially_Private_Median_Computation,Secure Sublinear Time Differentially Private Median Computation,"Security and privacy, Theory of computation","Security services, Design and analysis of algorithms"
'Secure_Transfer_Learning_Training_Clean_Model_Against_Backdoor_in_Pre-Trained_Encoder_and_Downstream_Dataset,Secure Transfer Learning Training Clean Model Against Backdoor in Pre Trained Encoder and Downstream Dataset,"Security and privacy, Computing methodologies","Software and application security, Machine learning"
'Securify_ Practical Security Analysis of Smart Contracts.,Securify Practical Security Analysis of Smart Contracts.,Security and privacy,"Software and application security, Formal methods and theory of security"
'Securing BGP ASAP ASPA and other Post-ROV Defenses,Securing BGP ASAP ASPA and other Post ROV Defenses,"Security and privacy, Networks","Network security, Network protocols"
'Securing_Federated_Sensitive_Topic_Classification_against_Poisoning_Attacks,Securing Federated Sensitive Topic Classification against Poisoning Attacks,"Security and privacy, Computing methodologies","Intrusion/anomaly detection and malware mitigation, Machine learning"
'Securing_Graph_Neural_Networks_in_MLaaS_A_Comprehensive_Realization_of_Query-based_Integrity_Verification,Securing Graph Neural Networks in MLaaS A Comprehensive Realization of Query based Integrity Verification,"Security and privacy, Computing methodologies","Security services, Machine learning"
'Security by Any Other Name On the Effectiveness of Provider Based Email Security.,Security by Any Other Name On the Effectiveness of Provider Based Email Security.,Security and privacy,"Network security, Security services"
'Security Implications of Malicious G-Codes in 3D Printing,Security Implications of Malicious G Codes in 3D Printing,Security and privacy,"Security in hardware, Intrusion/anomaly detection and malware mitigation"
'Security of GPSINS Based On-road Location Tracking Systems.,Security of GPSINS Based On road Location Tracking Systems.,Security and privacy,"Systems security, Security in hardware"
'SecurityNet_Assessing_Machine_Learning_Vulnerabilities_on_Public_Models,SecurityNet Assessing Machine Learning Vulnerabilities on Public Models,"Security and privacy, Computing methodologies","Systems security, Machine learning"
'Security_Analysis_of_Camera_LiDAR_Fusion_Against_Black_Box_Attacks_on_Autonomous_Vehicles,Security Analysis of Camera LiDAR Fusion Against Black Box Attacks on Autonomous Vehicles,"Security and privacy, Computing methodologies","Systems security, Artificial intelligence"
'Security_Analysis_of_MongoDB_Queryable_Encryption,Security Analysis of MongoDB Queryable Encryption,"Security and privacy, Information systems","Database and storage security, Data management systems"
'Security_and_Privacy_Failures_in_Popular_2FA_Apps,Security and Privacy Failures in Popular 2FA Apps,Security and privacy,"Security services, Software and application security"
'Security_Attacks_Abusing_Pulse-level_Quantum_Circuits,Security Attacks Abusing Pulse level Quantum Circuits,"Security and privacy, Hardware","Security in hardware, Emerging technologies"
'Security_is_not_my_field_Im_a_stats_guy_A_Qualitative_Root_Cause_Analysis_of_Barriers_to_Adversarial_Machine_Learning_Defenses_in_Industry,Security is not my field Im a stats guy A Qualitative Root Cause Analysis of Barriers to Adversarial Machine Learning Defenses in Industry,"Security and privacy, Computing methodologies","Human and societal aspects of security and privacy, Machine learning"
'Security_Perceptions_of_Users_in_Stablecoins_Advantages_and_Risks_within_the_Cryptocurrency_Ecosystem,Security Perceptions of Users in Stablecoins Advantages and Risks within the Cryptocurrency Ecosystem,"Security and privacy, Applied computing","Human and societal aspects of security and privacy, Law, social and behavioral sciences"
'Security_Performance_Tradeoff_in_DAG_based_Proof_of_Work_Blockchain_Protocols,Security Performance Tradeoff in DAG based Proof of Work Blockchain Protocols,"Security and privacy, Networks","Systems security, Network protocols"
'Seeing isn't Believing_ Towards More Robust Adversarial Attack Against Real World Object Detectors.,Seeing isn't Believing Towards More Robust Adversarial Attack Against Real World Object Detectors.,"Computing methodologies, Security and privacy","Artificial intelligence, Software and application security"
'Seeing Through Analyzing and Attacking Virtual Backgrounds in Video Calls,Seeing Through Analyzing and Attacking Virtual Backgrounds in Video Calls,"Security and privacy, Computing methodologies","Software and application security, Artificial intelligence"
'Seeing through Network-Protocol Obfuscation.,Seeing through Network Protocol Obfuscation.,"Security and privacy, Networks","Network security, Network protocols"
'Seeing Your Face Is Not Enough An Inertial Sensor-Based Liveness Detection for Face Authentication.,Seeing Your Face Is Not Enough An Inertial Sensor Based Liveness Detection for Face Authentication.,"Security and privacy, Computing methodologies","Security services, Artificial intelligence"
'Seeing_is_Living_Rethinking_the_Security_of_Facial_Liveness_Verification_in_the_Deepfake_Era,Seeing is Living Rethinking the Security of Facial Liveness Verification in the Deepfake Era,"Security and privacy, Computing methodologies","Security services, Artificial intelligence"
'Seeing_is_Not_Believing_Camouflage_Attacks_on_Image_Scaling_Algorithms,Seeing is Not Believing Camouflage Attacks on Image Scaling Algorithms,"Security and privacy, Computing methodologies","Software and application security, Artificial intelligence"
'Seeing_the_Forest_for_the_Trees_Understanding_Security_Hazards_in_the_3GPP_Ecosystem_through_Intelligent_Analysis_on_Change_Requests,Seeing the Forest for the Trees Understanding Security Hazards in the 3GPP Ecosystem through Intelligent Analysis on Change Requests,"Security and privacy, Computing methodologies","Network security, Machine learning"
'See_No_Evil_Hear_No_Evil_Feel_No_Evil_Print_No_Evil_Malicious_Fill_Patterns_Detection_in_Additive_Manufacturing,See No Evil Hear No Evil Feel No Evil Print No Evil Malicious Fill Patterns Detection in Additive Manufacturing,"Security and privacy, Computer systems organization","Intrusion/anomaly detection and malware mitigation, Embedded and cyber-physical systems"
'See_No_Evil_Phishing_for_Permissions_with_False_Transparency,See No Evil Phishing for Permissions with False Transparency,"Security and privacy, Human-centered computing","Systems security, Human computer interaction (HCI)"
'SelectFuzz_Efficient_Directed_Fuzzing_with_Selective_Path_Exploration,SelectFuzz Efficient Directed Fuzzing with Selective Path Exploration,"Security and privacy, Software and its engineering","Software and application security, Software creation and management"
'Selective_Amnesia_On_Efficient_High-Fidelity_and_Blind_Suppression_of_Backdoor_Effects_in_Trojaned_Machine_Learning_Models,Selective Amnesia On Efficient High Fidelity and Blind Suppression of Backdoor Effects in Trojaned Machine Learning Models,"Security and privacy, Computing methodologies","Software and application security, Machine learning"
'Self-Supervised_Euphemism_Detection_and_Identification_for_Content_Moderation,Self Supervised Euphemism Detection and Identification for Content Moderation,"Security and privacy, Computing methodologies","Intrusion/anomaly detection and malware mitigation, Machine learning"
'SelfDefend LLMs Can Defend Themselves against Jailbreaking in a Practical Manner,SelfDefend LLMs Can Defend Themselves against Jailbreaking in a Practical Manner,"Security and privacy, Computing methodologies","Intrusion/anomaly detection and malware mitigation, Machine learning"
'Self_Destructing_Exploit_Executions_via_Input_Perturbation,Self Destructing Exploit Executions via Input Perturbation,"Security and privacy, Software and its engineering","Software and application security, Software organization and properties"
'SemperFi_Anti_spoofing_GPS_Receiver_for_UAVs,SemperFi Anti spoofing GPS Receiver for UAVs,"Security and privacy, Computer systems organization","Intrusion/anomaly detection and malware mitigation, Embedded and cyber-physical systems"
'Senate_A_Maliciously_Secure_MPC_Platform_for_Collaborative_Analytics,Senate A Maliciously Secure MPC Platform for Collaborative Analytics,"Security and privacy, Information systems","Cryptography, Data management systems"
'Sending Out an SMS Characterizing the Security of the SMS Ecosystem with Public Gateways.,Sending Out an SMS Characterizing the Security of the SMS Ecosystem with Public Gateways.,Security and privacy,"Network security, Human and societal aspects of security and privacy"
'Send_Hardest_Problems_My_Way_Probabilistic_Path_Prioritization_for_Hybrid_Fuzzing,Send Hardest Problems My Way Probabilistic Path Prioritization for Hybrid Fuzzing,"Security and privacy, Software and its engineering","Software and application security, Software creation and management"
'SerialDetector_Principled_and_Practical_Exploration_of_Object_Injection_Vulnerabilities_for_the_Web,SerialDetector Principled and Practical Exploration of Object Injection Vulnerabilities for the Web,"Security and privacy, Software and its engineering","Software and application security, Software organization and properties"
'Serverless Functions Made Confidential and Efficient with Split Containers,Serverless Functions Made Confidential and Efficient with Split Containers,"Security and privacy, Software and its engineering","Systems security, Software organization and properties"
'Settling_Payments_Fast_and_Private_Efficient_Decentralized_Routing_for_Path_Based_Transactions,Settling Payments Fast and Private Efficient Decentralized Routing for Path Based Transactions,"Security and privacy, Networks","Security services, Network algorithms"
'Seven_Months_Worth_of_Mistakes_A_Longitudinal_Study_of_Typosquatting_Abuse,Seven Months Worth of Mistakes A Longitudinal Study of Typosquatting Abuse,"Security and privacy, Information systems","Intrusion/anomaly detection and malware mitigation, World Wide Web"
'SGX-BigMatrix A Practical Encrypted Data Analytic Framework With Trusted Processors.,SGX BigMatrix A Practical Encrypted Data Analytic Framework With Trusted Processors.,Security and privacy,Database and storage security
'SHADEWATCHER_Recommendation-guided_Cyber_Threat_Analysis_using_System_Audit_Records,SHADEWATCHER Recommendation guided Cyber Threat Analysis using System Audit Records,"Security and privacy, Computing methodologies","Intrusion/anomaly detection and malware mitigation, Machine learning"
'ShadowBound_Efficient_Heap_Memory_Protection_Through_Advanced_Metadata_Management_and_Customized_Compiler_Optimization,ShadowBound Efficient Heap Memory Protection Through Advanced Metadata Management and Customized Compiler Optimization,"Security and privacy, Software and its engineering","Software and application security, Software notations and tools"
'SHAFT Secure Handy Accurate and Fast Transformer Inference,SHAFT Secure Handy Accurate and Fast Transformer Inference,"Security and privacy, Computing methodologies","Security services, Machine learning"
'Share_First_Ask_Later_or_Never_Studying_Violations_of_GDPRs_Explicit_Consent_in_Android_Apps,Share First Ask Later or Never Studying Violations of GDPRs Explicit Consent in Android Apps,"Security and privacy, Human-centered computing","Human and societal aspects of security and privacy, Ubiquitous and mobile computing"
'Sharing_cyber_threat_intelligence_Does_it_really_help,Sharing cyber threat intelligence Does it really help,"Security and privacy, Information systems","Intrusion/anomaly detection and malware mitigation, Data management systems"
'Sharing_More_and_Checking_Less_Leveraging_Common_Input_Keywords_to_Detect_Bugs_in_Embedded_Systems,Sharing More and Checking Less Leveraging Common Input Keywords to Detect Bugs in Embedded Systems,"Security and privacy, Computer systems organization","Software and application security, Embedded and cyber-physical systems"
'SHARK_Actively_Secure_Inference_Using_Function_Secret_Sharing,SHARK Actively Secure Inference Using Function Secret Sharing,"Security and privacy, Theory of computation","Cryptography, Computational complexity and cryptography"
'Shattered_Chain_of_Trust_Understanding_Security_Risks_in_Cross_Cloud_IoT_Access_Delegation,Shattered Chain of Trust Understanding Security Risks in Cross Cloud IoT Access Delegation,Security and privacy,"Security services, Formal methods and theory of security"
'Shechi A Secure Distributed Computation Compiler Based on Multiparty Homomorphic Encryption,Shechi A Secure Distributed Computation Compiler Based on Multiparty Homomorphic Encryption,"Security and privacy, Software and its engineering","Cryptography, Software notations and tools"
'Shedding_Light_on_Inconsistencies_in_Grid_Cybersecurity_Disconnects_and_Recommendations,Shedding Light on Inconsistencies in Grid Cybersecurity Disconnects and Recommendations,Security and privacy,"Intrusion/anomaly detection and malware mitigation, Systems security"
'Sherlock_on_Specs_Building_LTE_Conformance_Tests_through_Automated_Reasoning,Sherlock on Specs Building LTE Conformance Tests through Automated Reasoning,Security and privacy,"Network security, Formal methods and theory of security"
'Shhhbe_quiet_Reducing_the_Unwanted_Interruptions_of_Notification_Permission_Prompts_on_Chrome,Shhhbe quiet Reducing the Unwanted Interruptions of Notification Permission Prompts on Chrome,"Security and privacy, Human-centered computing","Systems security, Human computer interaction (HCI)"
'Shim_Shimmeny_Evaluating_the_Security_and_Privacy_Contributions_of_Link_Shimming_in_the_Modern_Web,Shim Shimmeny Evaluating the Security and Privacy Contributions of Link Shimming in the Modern Web,Security and privacy,"Systems security, Human and societal aspects of security and privacy"
"'Short Text, Large Effect Measuring the Impact of User Reviews on Android App Security & Privacy.","Short Text, Large Effect Measuring the Impact of User Reviews on Android App Security & Privacy.","Security and privacy, Human-centered computing","Software and application security, Human computer interaction (HCI)"
'ShorTor_Improving_Tor_Network_Latency_via_Multi-hop_Overlay_Routing,ShorTor Improving Tor Network Latency via Multi hop Overlay Routing,"Security and privacy, Networks","Security services, Network protocols"
'Shuffle_based_Private_Set_Union_Faster_and_More_Secure,Shuffle based Private Set Union Faster and More Secure,Security and privacy,Security services
'SiamHAN_IPv6_Address_Correlation_Attacks_on_TLS_Encrypted_Traffic_via_Siamese_Heterogeneous_Graph_Attention_Network,SiamHAN IPv6 Address Correlation Attacks on TLS Encrypted Traffic via Siamese Heterogeneous Graph Attention Network,"Security and privacy, Computing methodologies","Network security, Machine learning"
'SIBRA_Scalable_Internet_Bandwidth_Reservation_Architecture,SIBRA Scalable Internet Bandwidth Reservation Architecture,"Security and privacy, Networks","Network security, Network architectures"
'SICO_ Surgical Interception Attacks by Manipulating BGP Communities.,SICO Surgical Interception Attacks by Manipulating BGP Communities.,"Security and privacy, Networks","Network security, Network protocols"
'Side_Channel_Attacks_on_Optane_Persistent_Memory,Side Channel Attacks on Optane Persistent Memory,"Security and privacy, Hardware","Security in hardware, Integrated circuits"
'Side_Eye_Characterizing_the_Limits_of_POV_Acoustic_Eavesdropping_from_Smartphone_Cameras_with_Rolling_Shutters_and_Movable_Lenses,Side Eye Characterizing the Limits of POV Acoustic Eavesdropping from Smartphone Cameras with Rolling Shutters and Movable Lenses,"Security and privacy, Computing methodologies","Security in hardware, Artificial intelligence"
'SIGL_Securing_Software_Installations_Through_Deep_Graph_Learning,SIGL Securing Software Installations Through Deep Graph Learning,"Security and privacy, Computing methodologies","Intrusion/anomaly detection and malware mitigation, Machine learning"
'SigmaDiff_Semantics_Aware_Deep_Graph_Matching_for_Pseudocode_Diffing,SigmaDiff Semantics Aware Deep Graph Matching for Pseudocode Diffing,"Security and privacy, Computing methodologies","Software and application security, Machine learning"
'SIGuard Guarding Secure Inference with Post Data Privacy,SIGuard Guarding Secure Inference with Post Data Privacy,"Security and privacy, Computing methodologies","Cryptography, Machine learning"
'Silence False Alarms Identifying Anti-Reentrancy Patterns on Ethereum to Refine Smart Contract Reentrancy Detection,Silence False Alarms Identifying Anti Reentrancy Patterns on Ethereum to Refine Smart Contract Reentrancy Detection,"Security and privacy, Software and its engineering","Software and application security, Software organization and properties"
'Silent_Bugs_Matter_A_Study_of_Compiler_Introduced_Security_Bugs,Silent Bugs Matter A Study of Compiler Introduced Security Bugs,"Security and privacy, Software and its engineering","Software and application security, Software notations and tools"
'Silent_Spring_Prototype_Pollution_Leads_to_Remote_Code_Execution_in_Nodejs,Silent Spring Prototype Pollution Leads to Remote Code Execution in Nodejs,"Security and privacy, Software and its engineering","Software and application security, Software organization and properties"
'SIMC_ML_Inference_Secure_Against_Malicious_Clients_at_Semi_Honest_Cost,SIMC ML Inference Secure Against Malicious Clients at Semi Honest Cost,"Security and privacy, Computing methodologies","Security services, Machine learning"
'simTPM_User_centric_TPM_for_Mobile_Devices,simTPM User centric TPM for Mobile Devices,"Security and privacy, Human-centered computing","Systems security, Ubiquitous and mobile computing"
'Simulated_Stress_A_Case_Study_of_the_Effects_of_a_Simulated_Phishing_Campaign_on_Employees_Perception_Stress_and_Self_Efficacy,Simulated Stress A Case Study of the Effects of a Simulated Phishing Campaign on Employees Perception Stress and Self Efficacy,"Security and privacy, Social and professional topics","Human and societal aspects of security and privacy, Computing / technology policy"
'SiRnn_A_Math_Library_for_Secure_RNN_Inference,SiRnn A Math Library for Secure RNN Inference,"Security and privacy, Computing methodologies","Cryptography, Machine learning"
'SketchFeature High-Quality Per-Flow Feature Extractor Towards Security-Aware Data Plane,SketchFeature High Quality Per Flow Feature Extractor Towards Security Aware Data Plane,"Security and privacy, Networks","Intrusion/anomaly detection and malware mitigation, Network services"
'SkillDetective_Automated_Policy_Violation_Detection_of_Voice_Assistant_Applications_in_the_Wild,SkillDetective Automated Policy Violation Detection of Voice Assistant Applications in the Wild,"Security and privacy, Computing methodologies","Software and application security, Machine learning"
'SKILLPoV Towards Accessible and Effective Privacy Notice for Amazon Alexa Skills,SKILLPoV Towards Accessible and Effective Privacy Notice for Amazon Alexa Skills,"Security and privacy, Human-centered computing","Human and societal aspects of security and privacy, Accessibility"
'Skill_Squatting_Attacks_on_Amazon_Alexa,Skill Squatting Attacks on Amazon Alexa,Security and privacy,"Software and application security, Human and societal aspects of security and privacy"
'SLAKE_ Facilitating Slab Manipulation for Exploiting Vulnerabilities in the Linux Kernel.,SLAKE Facilitating Slab Manipulation for Exploiting Vulnerabilities in the Linux Kernel.,Security and privacy,"Systems security, Software and application security"
'SLAP_Improving_Physical_Adversarial_Examples_with_Short_Lived_Adversarial_Perturbations,SLAP Improving Physical Adversarial Examples with Short Lived Adversarial Perturbations,"Security and privacy, Computing methodologies","Systems security, Machine learning"
'SledgeHammer_Amplifying_Rowhammer_via_Bank_level_Parallelism,SledgeHammer Amplifying Rowhammer via Bank level Parallelism,"Security and privacy, Hardware","Security in hardware, Integrated circuits"
'SLEUTH_Real_time_Attack_Scenario_Reconstruction_from_COTS_Audit_Data,SLEUTH Real time Attack Scenario Reconstruction from COTS Audit Data,Security and privacy,"Intrusion/anomaly detection and malware mitigation, Systems security"
'SLMIA_SR_Speaker_Level_Membership_Inference_Attacks_against_Speaker_Recognition_Systems,SLMIA SR Speaker Level Membership Inference Attacks against Speaker Recognition Systems,"Security and privacy, Computing methodologies","Human and societal aspects of security and privacy, Machine learning"
'SMACK_Semantically_Meaningful_Adversarial_Audio_Attack,SMACK Semantically Meaningful Adversarial Audio Attack,"Security and privacy, Computing methodologies","Security services, Machine learning"
'Small_World_with_High_Risks_A_Study_of_Security_Threats_in_the_npm_Ecosystem,Small World with High Risks A Study of Security Threats in the npm Ecosystem,"Security and privacy, Software and its engineering","Software and application security, Software creation and management"
'SmarPer_Context-Aware_and_Automatic_Runtime-Permissions_for_Mobile_Devices,SmarPer Context Aware and Automatic Runtime Permissions for Mobile Devices,"Security and privacy, Human-centered computing","Systems security, Ubiquitous and mobile computing"
'Smarter_Contracts_Detecting_Vulnerabilities_in_Smart_Contracts_with_Deep_Transfer_Learning,Smarter Contracts Detecting Vulnerabilities in Smart Contracts with Deep Transfer Learning,"Security and privacy, Computing methodologies","Software and application security, Machine learning"
'SmarTest_Effectively_Hunting_Vulnerable_Transaction_Sequences_in_Smart_Contracts_through_Language_Model_Guided_Symbolic_Execution,SmarTest Effectively Hunting Vulnerable Transaction Sequences in Smart Contracts through Language Model Guided Symbolic Execution,"Security and privacy, Computing methodologies","Software and application security, Machine learning"
'SmartPool_Practical_Decentralized_Pooled_Mining,SmartPool Practical Decentralized Pooled Mining,"Security and privacy, Computing methodologies","Systems security, Distributed computing methodologies"
'SmartVerif_Push_the_Limit_of_Automation_Capability_of_Verifying_Security_Protocols_by_Dynamic_Strategies,SmartVerif Push the Limit of Automation Capability of Verifying Security Protocols by Dynamic Strategies,"Security and privacy, Computing methodologies","Formal methods and theory of security, Machine learning"
'SmartWalk_ Enhancing Social Network Security via Adaptive Random Walks.,SmartWalk Enhancing Social Network Security via Adaptive Random Walks.,"Security and privacy, Computing methodologies","Software and application security, Machine learning"
'Smart_Contract_Vulnerabilities_Vulnerable_Does_Not_Imply_Exploited,Smart Contract Vulnerabilities Vulnerable Does Not Imply Exploited,"Security and privacy, Software and its engineering","Software and application security, Software organization and properties"
'Smart_Home_Privacy_Policies_Demystified_A_Study_of_Availability_Content_and_Coverage,Smart Home Privacy Policies Demystified A Study of Availability Content and Coverage,"Security and privacy, Social and professional topics","Human and societal aspects of security and privacy, Computing / technology policy"
'Smart_Learning_to_Find_Dumb_Contracts,Smart Learning to Find Dumb Contracts,"Security and privacy, Computing methodologies","Software and application security, Machine learning"
'Smaug_Modular_Augmentation_of_LLVM_for_MPC,Smaug Modular Augmentation of LLVM for MPC,"Security and privacy, Software and its engineering","Security services, Software notations and tools"
'Smoke_Screener_or_Straight_Shooter_Detecting_Elite_Sybil_Attacks_in_User_Review_Social_Networks,Smoke Screener or Straight Shooter Detecting Elite Sybil Attacks in User Review Social Networks,"Security and privacy, Human-centered computing","Intrusion/anomaly detection and malware mitigation, Collaborative and social computing"
'Smudged_Fingerprints_Characterizing_and_Improving_the_Performance_of_Web_Application_Fingerprinting,Smudged Fingerprints Characterizing and Improving the Performance of Web Application Fingerprinting,"Security and privacy, Information systems","Software and application security, World Wide Web"
'SNAP_Efficient_Extraction_of_Private_Properties_with_Poisoning,SNAP Efficient Extraction of Private Properties with Poisoning,"Security and privacy, Computing methodologies","Database and storage security, Machine learning"
'Sneaky_Spikes_Uncovering_Stealthy_Backdoor_Attacks_in_Spiking_Neural_Networks_with_Neuromorphic_Data,Sneaky Spikes Uncovering Stealthy Backdoor Attacks in Spiking Neural Networks with Neuromorphic Data,"Security and privacy, Computing methodologies","Intrusion/anomaly detection and malware mitigation, Machine learning"
'Sneaky_Spy_Devices_and_Defective_Detectors_The_Ecosystem_of_Intimate_Partner_Surveillance_with_Covert_Devices,Sneaky Spy Devices and Defective Detectors The Ecosystem of Intimate Partner Surveillance with Covert Devices,Security and privacy,"Human and societal aspects of security and privacy, Systems security"
'Snipuzz Black-box Fuzzing of IoT Firmware via Message Snippet Inference.,Snipuzz Black box Fuzzing of IoT Firmware via Message Snippet Inference.,Security and privacy,Software and application security
'Snowflake_a_censorship_circumvention_system_using_temporary_WebRTC_proxies,Snowflake a censorship circumvention system using temporary WebRTC proxies,"Security and privacy, Networks","Network security, Network protocols"
'SocialHEISTing_Understanding_Stolen_Facebook_Accounts,SocialHEISTing Understanding Stolen Facebook Accounts,"Security and privacy, Human-centered computing","Software and application security, Collaborative and social computing"
'Sometimes_You_Arent_What_You_Do_Mimicry_Attacks_against_Provenance_Graph_Host_Intrusion_Detection_Systems,Sometimes You Arent What You Do Mimicry Attacks against Provenance Graph Host Intrusion Detection Systems,"Security and privacy, Computing methodologies","Intrusion/anomaly detection and malware mitigation, Machine learning"
'SongBsAb A Dual Prevention Approach against Singing Voice Conversion based Illegal Song Covers,SongBsAb A Dual Prevention Approach against Singing Voice Conversion based Illegal Song Covers,"Security and privacy, Computing methodologies","Human and societal aspects of security and privacy, Machine learning"
'Sound of Interference Electromagnetic Eavesdropping Attack on Digital Microphones Using Pulse Density Modulation,Sound of Interference Electromagnetic Eavesdropping Attack on Digital Microphones Using Pulse Density Modulation,"Security and privacy, Hardware","Security in hardware, Printed circuit boards"
'SoundLock_A_Novel_User_Authentication_Scheme_for_VR_Devices_Using_Auditory_Pupillary_Response,SoundLock A Novel User Authentication Scheme for VR Devices Using Auditory Pupillary Response,"Security and privacy, Computing methodologies","Security services, Artificial intelligence"
'Space_RADSIM_Binary-Agnostic_Fault_Injection_to_Evaluate_Cosmic_Radiation_Impact_on_Exploit_Mitigation_Techniques_in_Space,Space RADSIM Binary Agnostic Fault Injection to Evaluate Cosmic Radiation Impact on Exploit Mitigation Techniques in Space,"Security and privacy, Computer systems organization","Systems security, Dependable and fault-tolerant systems and networks"
'Sparrow Space-Efficient zkSNARK for Data-Parallel Circuits and Applications to Zero-Knowledge Decision Trees,Sparrow Space Efficient zkSNARK for Data Parallel Circuits and Applications to Zero Knowledge Decision Trees,Security and privacy,Cryptography
'SparSamp Efficient Provably Secure Steganography Based on Sparse Sampling,SparSamp Efficient Provably Secure Steganography Based on Sparse Sampling,"Security and privacy, Theory of computation","Formal methods and theory of security, Computational complexity and cryptography"
'Sparsity_Brings_Vulnerabilities_Exploring_New_Metrics_in_Backdoor_Attacks,Sparsity Brings Vulnerabilities Exploring New Metrics in Backdoor Attacks,"Security and privacy, Computing methodologies","Intrusion/anomaly detection and malware mitigation, Machine learning"
'Sparta_Practical_Anonymity_with_Long-Term_Resistance_to_Traffic_Analysis,Sparta Practical Anonymity with Long Term Resistance to Traffic Analysis,"Security and privacy, Networks","Security services, Network properties"
'Speak Up Im Listening Extracting Speech from Zero-Permission VR Sensors,Speak Up Im Listening Extracting Speech from Zero Permission VR Sensors,"Security and privacy, Computing methodologies","Security in hardware, Machine learning"
'Specification_Mining_for_Intrusion_Detection_in_Networked_Control_Systems,Specification Mining for Intrusion Detection in Networked Control Systems,"Security and privacy, Computer systems organization","Intrusion/anomaly detection and malware mitigation, Embedded and cyber-physical systems"
'SPECPATCH Human-In-The-Loop Adversarial Audio Spectrogram Patch Attack on Speech Recognition,SPECPATCH Human In The Loop Adversarial Audio Spectrogram Patch Attack on Speech Recognition,"Security and privacy, Computing methodologies","Security services, Machine learning"
'SpecTaint_Speculative_Taint_Analysis_for_Discovering_Spectre_Gadgets,SpecTaint Speculative Taint Analysis for Discovering Spectre Gadgets,"Security and privacy, Computer systems organization","Security in hardware, Architectures"
'Spectral-DP_Differentially_Private_Deep_Learning_through_Spectral_Perturbation_and_Filtering,Spectral DP Differentially Private Deep Learning through Spectral Perturbation and Filtering,"Security and privacy, Computing methodologies","Security services, Machine learning"
'Speculative_Denial_of_Service_Attacks_In_Ethereum,Speculative Denial of Service Attacks In Ethereum,Security and privacy,"Systems security, Network security"
'SpeechGuard Recoverable and Customizable Speech Privacy Protection,SpeechGuard Recoverable and Customizable Speech Privacy Protection,"Security and privacy, Computing methodologies","Security services, Artificial intelligence"
'Speechless_Analyzing_the_Threat_to_Speech_Privacy_from_Smartphone_Motion_Sensors,Speechless Analyzing the Threat to Speech Privacy from Smartphone Motion Sensors,"Security and privacy, Human-centered computing","Security in hardware, Ubiquitous and mobile computing"
'Speedrunning_the_Maze_Meeting_Regulatory_Patching_Deadlines_in_a_Large_Enterprise_Environment,Speedrunning the Maze Meeting Regulatory Patching Deadlines in a Large Enterprise Environment,"Security and privacy, Social and professional topics","Systems security, Computing / technology policy"
'SPF_Beyond_the_Standard_Management_and_Operational_Challenges_in_Practice_and_Practical_Recommendations,SPF Beyond the Standard Management and Operational Challenges in Practice and Practical Recommendations,Security and privacy,"Security services, Network security"
'SPHINX_Detecting_Security_Attacks_in_Software_Defined_Networks,SPHINX Detecting Security Attacks in Software Defined Networks,"Security and privacy, Networks","Intrusion/anomaly detection and malware mitigation, Network architectures"
'Sphinx_Enabling_Privacy-Preserving_Online_Learning_over_the_Cloud,Sphinx Enabling Privacy Preserving Online Learning over the Cloud,"Security and privacy, Computing methodologies","Security services, Machine learning"
'SPIDER Enabling Fast Patch Propagation In Related Software Repositories.,SPIDER Enabling Fast Patch Propagation In Related Software Repositories.,"Security and privacy, Software and its engineering","Systems security, Software creation and management"
'Spider_Scents_Grey_box_Database_aware_Web_Scanning_for_Stored_XSS,Spider Scents Grey box Database aware Web Scanning for Stored XSS,"Security and privacy, Information systems","Software and application security, World Wide Web"
'Spill_the_TeA_An_Empirical_Study_of_Trusted_Application_Rollback_Prevention_on_Android_Smartphones,Spill the TeA An Empirical Study of Trusted Application Rollback Prevention on Android Smartphones,"Security and privacy, General and reference","Systems security, Cross-computing tools and techniques"
'Splitting_the_Difference_on_Adversarial_Training,Splitting the Difference on Adversarial Training,"Security and privacy, Computing methodologies","Software and application security, Machine learning"
'Spoki_Unveiling_a_New_Wave_of_Scanners_through_a_Reactive_Network_Telescope,Spoki Unveiling a New Wave of Scanners through a Reactive Network Telescope,"Security and privacy, Networks","Intrusion/anomaly detection and malware mitigation, Network performance evaluation"
'Spotless Sandboxes Evading Malware Analysis Systems Using Wear-and-Tear Artifacts.,Spotless Sandboxes Evading Malware Analysis Systems Using Wear and Tear Artifacts.,"Security and privacy, Computing methodologies","Intrusion/anomaly detection and malware mitigation, Machine learning"
'SpotProxy_Rediscovering_the_Cloud_for_Censorship_Circumvention,SpotProxy Rediscovering the Cloud for Censorship Circumvention,"Security and privacy, Software and its engineering","Network security, Software organization and properties"
'Spying_through_Your_Voice_Assistants_Realistic_Voice_Command_Fingerprinting,Spying through Your Voice Assistants Realistic Voice Command Fingerprinting,"Security and privacy, Computing methodologies","Network security, Machine learning"
'SQIRL_Grey_Box_Detection_of_SQL_Injection_Vulnerabilities_Using_Reinforcement_Learning,SQIRL Grey Box Detection of SQL Injection Vulnerabilities Using Reinforcement Learning,"Security and privacy, Computing methodologies","Software and application security, Machine learning"
'Squint_Hard_Enough_Attacking_Perceptual_Hashing_with_Adversarial_Machine_Learning,Squint Hard Enough Attacking Perceptual Hashing with Adversarial Machine Learning,"Security and privacy, Computing methodologies","Systems security, Machine learning"
'Squirrel_A_Scalable_Secure_Two_Party_Computation_Framework_for_Training_Gradient_Boosting_Decision_Tree,Squirrel A Scalable Secure Two Party Computation Framework for Training Gradient Boosting Decision Tree,"Security and privacy, Computing methodologies","Cryptography, Machine learning"
'SSL_WM_A_Black_Box_Watermarking_Approach_for_Encoders_Pre_trained_by_Self_Supervised_Learning,SSL WM A Black Box Watermarking Approach for Encoders Pre trained by Self Supervised Learning,"Security and privacy, Computing methodologies","Software and application security, Machine learning"
'SSRF_vs_Developers_A_Study_of_SSRF_Defenses_in_PHP_Applications,SSRF vs Developers A Study of SSRF Defenses in PHP Applications,"Security and privacy, Software and its engineering","Software and application security, Software notations and tools"
'Stack Overflow Meets Replication Security Research Amid Evolving Code Snippets,Stack Overflow Meets Replication Security Research Amid Evolving Code Snippets,"Security and privacy, Human-centered computing","Software and application security, Collaborative and social computing"
'Stack_Overflow_Considered_Harmful_The_Impact_of_CopyampPaste_on_Android_Application_Security,Stack Overflow Considered Harmful The Impact of CopyampPaste on Android Application Security,"Security and privacy, Software and its engineering","Software and application security, Software creation and management"
'Stack_Overflow_Considered_Helpful_Deep_Learning_Security_Nudges_Towards_Stronger_Cryptography,Stack Overflow Considered Helpful Deep Learning Security Nudges Towards Stronger Cryptography,Security and privacy,"Cryptography, Human and societal aspects of security and privacy"
'Stalloris_RPKI_Downgrade_Attack,Stalloris RPKI Downgrade Attack,"Security and privacy, Networks","Network security, Network protocols"
'Stars_Can_Tell_A_Robust_Method_to_Defend_against_GPS_Spoofing_Attacks_using_Off_the_shelf_Chipset,Stars Can Tell A Robust Method to Defend against GPS Spoofing Attacks using Off the shelf Chipset,Security and privacy,"Intrusion/anomaly detection and malware mitigation, Security in hardware"
'Stateful_Greybox_Fuzzing,Stateful Greybox Fuzzing,"Security and privacy, Software and its engineering","Systems security, Software creation and management"
'Statically Discover Cross-Entry Use-After-Free Vulnerabilities in the Linux Kernel,Statically Discover Cross Entry Use After Free Vulnerabilities in the Linux Kernel,"Security and privacy, Software and its engineering","Software and application security, Software organization and properties"
'Statically Discovering High-Order Taint Style Vulnerabilities in OS Kernels,Statically Discovering High Order Taint Style Vulnerabilities in OS Kernels,"Security and privacy, Theory of computation","Systems security, Semantics and reasoning"
'Statistical_Privacy_for_Streaming_Traffic,Statistical Privacy for Streaming Traffic,"Security and privacy, Networks","Security services, Network protocols"
'Stealing_Machine_Learning_Models_via_Prediction_APIs,Stealing Machine Learning Models via Prediction APIs,"Security and privacy, Computing methodologies","Software and application security, Machine learning"
'StealthyIMU_Stealing_Permission_protected_Private_Information_From_Smartphone_Voice_Assistant_Using_Zero_Permission_Sensors,StealthyIMU Stealing Permission protected Private Information From Smartphone Voice Assistant Using Zero Permission Sensors,"Security and privacy, Human-centered computing","Systems security, Ubiquitous and mobile computing"
'Stealthy_Adversarial_Perturbations_Against_Real_Time_Video_Classification_Systems,Stealthy Adversarial Perturbations Against Real Time Video Classification Systems,"Security and privacy, Computing methodologies","Systems security, Machine learning"
'Stealthy_Tracking_of_Autonomous_Vehicles_with_Cache_Side_Channels,Stealthy Tracking of Autonomous Vehicles with Cache Side Channels,"Security and privacy, Computer systems organization","Security in hardware, Embedded and cyber-physical systems"
'StolenEncoder Stealing Pre-trained Encoders in Self-supervised,StolenEncoder Stealing Pre trained Encoders in Self supervised,"Security and privacy, Computing methodologies","Security services, Machine learning"
'Stolen_Memories_Leveraging_Model_Memorization_for_Calibrated_White_Box_Membership_Inference,Stolen Memories Leveraging Model Memorization for Calibrated White Box Membership Inference,"Security and privacy, Computing methodologies","Security services, Machine learning"
'Stop_Dont_Click_Here_Anymore_Boosting_Website_Fingerprinting_By_Considering_Sets_of_Subpages,Stop Dont Click Here Anymore Boosting Website Fingerprinting By Considering Sets of Subpages,"Security and privacy, Computing methodologies","Network security, Machine learning"
'Strategies_and_Vulnerabilities_of_Participants_in_Venezuelan_Influence_Operations,Strategies and Vulnerabilities of Participants in Venezuelan Influence Operations,"Security and privacy, Human-centered computing","Human and societal aspects of security and privacy, Collaborative and social computing"
'Strong_and_Efficient_Cache_Side_Channel_Protection_using_Hardware_Transactional_Memory,Strong and Efficient Cache Side Channel Protection using Hardware Transactional Memory,"Security and privacy, Computer systems organization","Security in hardware, Architectures"
'StruQ Defending Against Prompt Injection with Structured Queries,StruQ Defending Against Prompt Injection with Structured Queries,"Security and privacy, Information systems","Software and application security, Data management systems"
'Study and Mitigation of Origin Stripping Vulnerabilities in Hybrid-postMessage Enabled Mobile Applications.,Study and Mitigation of Origin Stripping Vulnerabilities in Hybrid postMessage Enabled Mobile Applications.,"Security and privacy, Human-centered computing","Software and application security, Ubiquitous and mobile computing"
'StyleFool_Fooling_Video_Classification_Systems_via_Style_Transfer,StyleFool Fooling Video Classification Systems via Style Transfer,"Security and privacy, Computing methodologies","Software and application security, Machine learning"
'Subpopulation Data Poisoning Attacks,Subpopulation Data Poisoning Attacks,"Security and privacy, Computing methodologies","Software and application security, Machine learning"
'Subverting_Website_Fingerprinting_Defenses_with_Robust_Traffic_Representation,Subverting Website Fingerprinting Defenses with Robust Traffic Representation,"Security and privacy, Computing methodologies","Security services, Machine learning"
'Suda An Efficient and Secure Unbalanced Data Alignment Framework for Vertical Privacy-Preserving Machine Learning,Suda An Efficient and Secure Unbalanced Data Alignment Framework for Vertical Privacy Preserving Machine Learning,"Security and privacy, Computing methodologies","Security services, Machine learning"
'Sunlight Fine-grained Targeting Detection at Scale with Statistical Confidence.,Sunlight Fine grained Targeting Detection at Scale with Statistical Confidence.,Social and professional topics,Computing / technology policy
'Sunrise_to_Sunset_Analyzing_the_End_to_end_Life_Cycle_and_Effectiveness_of_Phishing_Attacks_at_Scale,Sunrise to Sunset Analyzing the End to end Life Cycle and Effectiveness of Phishing Attacks at Scale,Security and privacy,"Intrusion/anomaly detection and malware mitigation, Human and societal aspects of security and privacy"
'SUPOR_Precise_and_Scalable_Sensitive_User_Input_Detection_for_Android_Apps,SUPOR Precise and Scalable Sensitive User Input Detection for Android Apps,"Security and privacy, Human-centered computing","Software and application security, Ubiquitous and mobile computing"
'Supporting_Human_Raters_with_the_Detection_of_Harmful_Content_Using_Large_Language_Models,Supporting Human Raters with the Detection of Harmful Content Using Large Language Models,"Security and privacy, Computing methodologies","Human and societal aspects of security and privacy, Artificial intelligence"
'Surakav_Generating_Realistic_Traces_for_a_Strong_Website_Fingerprinting_Defense,Surakav Generating Realistic Traces for a Strong Website Fingerprinting Defense,"Security and privacy, Computing methodologies","Network security, Machine learning"
'SurroundWeb Mitigating Privacy Concerns in a 3D Web Browser.,SurroundWeb Mitigating Privacy Concerns in a 3D Web Browser.,"Security and privacy, Human-centered computing","Systems security, Human computer interaction (HCI)"
'Survivalism_Systematic_Analysis_of_Windows_Malware_Living-Off-The-Land,Survivalism Systematic Analysis of Windows Malware Living Off The Land,Security and privacy,Intrusion/anomaly detection and malware mitigation
'Surviving in Dark Forest Towards Evading the Attacks from Front-Running Bots in Application Layer,Surviving in Dark Forest Towards Evading the Attacks from Front Running Bots in Application Layer,"Security and privacy, Computing methodologies","Software and application security, Machine learning"
'SV-TrustEval-C_Evaluating_Structure_and_Semantic_Reasoning_in_Large_Language_Models_for_Source_Code_Vulnerability_Analysis,SV TrustEval C Evaluating Structure and Semantic Reasoning in Large Language Models for Source Code Vulnerability Analysis,"Security and privacy, Computing methodologies","Software and application security, Artificial intelligence"
'SWIFT_Super_fast_and_Robust_Privacy_Preserving_Machine_Learning,SWIFT Super fast and Robust Privacy Preserving Machine Learning,"Security and privacy, Computing methodologies","Security services, Machine learning"
'Swiped_Analyzing_Ground_truth_Data_of_a_Marketplace_for_Stolen_Debit_and_Credit_Cards,Swiped Analyzing Ground truth Data of a Marketplace for Stolen Debit and Credit Cards,"Security and privacy, Information systems","Human and societal aspects of security and privacy, Information systems applications"
'SymBisect_Accurate_Bisection_for_Fuzzer_Exposed_Vulnerabilities,SymBisect Accurate Bisection for Fuzzer Exposed Vulnerabilities,"Security and privacy, Software and its engineering","Systems security, Software organization and properties"
'Symbolic_execution_with_SymCC_Dont_interpret_compile,Symbolic execution with SymCC Dont interpret compile,"Security and privacy, Software and its engineering","Software and application security, Software notations and tools"
'SymFit_Making_the_Common_Concrete_Case_Fast_for_Binary_Code_Concolic_Execution,SymFit Making the Common Concrete Case Fast for Binary Code Concolic Execution,"Security and privacy, Software and its engineering","Software and application security, Software organization and properties"
'SymLM Predicting Function Names in Stripped Binaries via Context-Sensitive Execution-Aware Code Embeddings,SymLM Predicting Function Names in Stripped Binaries via Context Sensitive Execution Aware Code Embeddings,"Computing methodologies, Social and professional topics","Machine learning, Computing / technology policy"
'SYMSAN_Time_and_Space_Efficient_Concolic_Execution_via_Dynamic_Data_flow_Analysis,SYMSAN Time and Space Efficient Concolic Execution via Dynamic Data flow Analysis,"Security and privacy, Software and its engineering","Software and application security, Software organization and properties"
'SyncAttack Double-spending in Bitcoin Without Mining Power,SyncAttack Double spending in Bitcoin Without Mining Power,Security and privacy,Systems security
'SyncSync_A_Covert_Channel_Built_on_fsync_with_Storage,SyncSync A Covert Channel Built on fsync with Storage,Security and privacy,"Systems security, Database and storage security"
'SYNODE_Understanding_and_Automatically_Preventing_Injection_Attacks_on_NODEJS,SYNODE Understanding and Automatically Preventing Injection Attacks on NODEJS,"Security and privacy, Software and its engineering","Software and application security, Software organization and properties"
'Synq_Public_Policy_Analytics_Over_Encrypted_Data,Synq Public Policy Analytics Over Encrypted Data,"Security and privacy, Information systems","Database and storage security, Data management systems"
'Synthesis of Code-Reuse Attacks from p-code Programs,Synthesis of Code Reuse Attacks from p code Programs,"Security and privacy, Software and its engineering","Systems security, Software notations and tools"
'Synthesis of Probabilistic Privacy Enforcement.,Synthesis of Probabilistic Privacy Enforcement.,Security and privacy,"Security services, Formal methods and theory of security"
'Synthesizing Plausible Privacy-Preserving Location Traces.,Synthesizing Plausible Privacy Preserving Location Traces.,"Security and privacy, Information systems","Database and storage security, Information systems applications"
'Synthetic Artifact Auditing Tracing LLM-Generated Synthetic Data Usage in Downstream Applications,Synthetic Artifact Auditing Tracing LLM Generated Synthetic Data Usage in Downstream Applications,"Security and privacy, Computing methodologies","Database and storage security, Machine learning"
'Synthetic_Data_Anonymisation_Groundhog_Day,Synthetic Data Anonymisation Groundhog Day,"Security and privacy, Computing methodologies","Database and storage security, Machine learning"
'Systematic_Evaluation_of_Privacy_Risks_of_Machine_Learning_Models,Systematic Evaluation of Privacy Risks of Machine Learning Models,"Security and privacy, Computing methodologies","Human and societal aspects of security and privacy, Machine learning"
'SyzBridge_Bridging_the_Gap_in_Exploitability_Assessment_of_Linux_Kernel_Bugs_in_the_Linux_Ecosystem,SyzBridge Bridging the Gap in Exploitability Assessment of Linux Kernel Bugs in the Linux Ecosystem,"Security and privacy, Software and its engineering","Systems security, Software organization and properties"
'SyzDescribe_Principled_Automated_Static_Generation_of_Syscall_Descriptions_for_Kernel_Drivers,SyzDescribe Principled Automated Static Generation of Syscall Descriptions for Kernel Drivers,"Security and privacy, Software and its engineering","Systems security, Software organization and properties"
'SyzScope_Revealing_High_Risk_Security_Impacts_of_Fuzzer_Exposed_Bugs_in_Linux_kernel,SyzScope Revealing High Risk Security Impacts of Fuzzer Exposed Bugs in Linux kernel,"Security and privacy, Software and its engineering","Systems security, Software creation and management"
'T-Fuzz Fuzzing by Program Transformation.,T Fuzz Fuzzing by Program Transformation.,"Security and privacy, Software and its engineering","Software and application security, Software creation and management"
'T2Pair_ Secure and Usable Pairing for Heterogeneous IoT Devices.,T2Pair Secure and Usable Pairing for Heterogeneous IoT Devices.,"Security and privacy, Information systems","Security services, Network security, Information systems applications"
'Tackling_runtime_based_obfuscation_in_Android_with_TIRO,Tackling runtime based obfuscation in Android with TIRO,Security and privacy,"Intrusion/anomaly detection and malware mitigation, Software and application security"
'Tactical Provenance Analysis for Endpoint Detection and Response Systems.,Tactical Provenance Analysis for Endpoint Detection and Response Systems.,"Security and privacy, Information systems","Intrusion/anomaly detection and malware mitigation, Data management systems"
'Tactics_Threats_Targets_Modeling_Disinformation_and_its_Mitigation,Tactics Threats Targets Modeling Disinformation and its Mitigation,"Security and privacy, Human-centered computing","Human and societal aspects of security and privacy, Collaborative and social computing"
'Tail Attacks on Web Applications.,Tail Attacks on Web Applications.,Security and privacy,"Systems security, Software and application security, Network security"
'TaintART A Practical Multi-level Information-Flow Tracking System for Android RunTime.,TaintART A Practical Multi level Information Flow Tracking System for Android RunTime.,"Security and privacy, Software and its engineering","Systems security, Software notations and tools"
'Take_a_Step_Further_Understanding_Page_Spray_in_Linux_Kernel_Exploitation,Take a Step Further Understanding Page Spray in Linux Kernel Exploitation,"Security and privacy, Software and its engineering","Systems security, Software organization and properties"
'Tales_of_Favicons_and_Caches_Persistent_Tracking_in_Modern_Browsers,Tales of Favicons and Caches Persistent Tracking in Modern Browsers,Security and privacy,"Software and application security, Systems security"
'Talking with Familiar Strangers An Empirical Study on HTTPS Context Confusion Attacks.,Talking with Familiar Strangers An Empirical Study on HTTPS Context Confusion Attacks.,Security and privacy,"Security services, Network security"
'TaoStore Overcoming Asynchronicity in Oblivious Data Storage.,TaoStore Overcoming Asynchronicity in Oblivious Data Storage.,"Security and privacy, Information systems","Database and storage security, Information storage systems"
'TAPFixer_Automatic_Detection_and_Repair_of_Home_Automation_Vulnerabilities_based_on_Negated_property_Reasoning,TAPFixer Automatic Detection and Repair of Home Automation Vulnerabilities based on Negated property Reasoning,"Security and privacy, Software and its engineering","Formal methods and theory of security, Software organization and properties"
'TAP_Transparent_and_Privacy_Preserving_Data_Services,TAP Transparent and Privacy Preserving Data Services,"Security and privacy, Information systems","Database and storage security, Data management systems"
'Targeted Online Password Guessing An Underestimated Threat.,Targeted Online Password Guessing An Underestimated Threat.,"Security and privacy, Computing methodologies","Security services, Machine learning"
'Targeted_Deanonymization_via_the_Cache_Side_Channel_Attacks_and_Defenses,Targeted Deanonymization via the Cache Side Channel Attacks and Defenses,Security and privacy,"Security in hardware, Systems security"
'TASE_Reducing_Latency_of_Symbolic_Execution_with_Transactional_Memory,TASE Reducing Latency of Symbolic Execution with Transactional Memory,"Security and privacy, Software and its engineering","Formal methods and theory of security, Software organization and properties"
'Task-Oriented Training Data Privacy Protection for Cloud-based Model Training,Task Oriented Training Data Privacy Protection for Cloud based Model Training,"Security and privacy, Computing methodologies","Database and storage security, Machine learning"
'TChecker Precise Static Inter-Procedural Analysis for Detecting Taint-Style Vulnerabilities in PHP Applications,TChecker Precise Static Inter Procedural Analysis for Detecting Taint Style Vulnerabilities in PHP Applications,Security and privacy,Software and application security
'Teacher_Model_Fingerprinting_Attacks_Against_Transfer_Learning,Teacher Model Fingerprinting Attacks Against Transfer Learning,"Security and privacy, Computing methodologies","Software and application security, Machine learning"
'TeeRex_Discovery_and_Exploitation_of_Memory_Corruption_Vulnerabilities_in_SGX_Enclaves,TeeRex Discovery and Exploitation of Memory Corruption Vulnerabilities in SGX Enclaves,Security and privacy,"Systems security, Software and application security"
'TEEzz_Fuzzing_Trusted_Applications_on_COTS_Android_Devices,TEEzz Fuzzing Trusted Applications on COTS Android Devices,"Security and privacy, Software and its engineering","Software and application security, Software creation and management"
'Temporal_System_Call_Specialization_for_Attack_Surface_Reduction,Temporal System Call Specialization for Attack Surface Reduction,"Security and privacy, Software and its engineering","Systems security, Software organization and properties"
'TenantGuard_Scalable_Runtime_Verification_of_Cloud_Wide_VM_Level_Network_Isolation,TenantGuard Scalable Runtime Verification of Cloud Wide VM Level Network Isolation,"Security and privacy, Software and its engineering","Network security, Software organization and properties"
'Terminal_Brain_Damage_Exposing_the_Graceless_Degradation_in_Deep_Neural_Networks_Under_Hardware_Fault_Attacks,Terminal Brain Damage Exposing the Graceless Degradation in Deep Neural Networks Under Hardware Fault Attacks,"Security and privacy, Computing methodologies","Security in hardware, Machine learning"
'Tesseract_ Real-Time Cryptocurrency Exchange Using Trusted Hardware.,Tesseract Real Time Cryptocurrency Exchange Using Trusted Hardware.,"Security and privacy, Computer systems organization","Security in hardware, Real-time systems"
'TESSERACT_Eliminating_Experimental_Bias_in_Malware_Classification_across_Space_and_Time,TESSERACT Eliminating Experimental Bias in Malware Classification across Space and Time,"Security and privacy, Computing methodologies","Intrusion/anomaly detection and malware mitigation, Machine learning"
'Testability_Tarpits_the_Impact_of_Code_Patterns_on_the_Security_Testing_of_Web_Applications,Testability Tarpits the Impact of Code Patterns on the Security Testing of Web Applications,"Security and privacy, Software and its engineering","Software and application security, Software creation and management"
'Tetrad_Actively_Secure_4PC_for_Secure_Training_and_Inference,Tetrad Actively Secure 4PC for Secure Training and Inference,Security and privacy,"Cryptography, Security services"
'Text Captcha Is Dead_ A Large Scale Deployment and Empirical Study.,Text Captcha Is Dead A Large Scale Deployment and Empirical Study.,Security and privacy,Security services
'TextBugger_Generating_Adversarial_Text_Against_Real_world_Applications,TextBugger Generating Adversarial Text Against Real world Applications,"Security and privacy, Computing methodologies","Software and application security, Machine learning"
'TextGuard_Provable_Defense_against_Backdoor_Attacks_on_Text_Classification,TextGuard Provable Defense against Backdoor Attacks on Text Classification,"Security and privacy, Computing methodologies","Formal methods and theory of security, Machine learning"
'TextShield_Robust_Text_Classification_Based_on_Multimodal_Embedding_and_Neural_Machine_Translation,TextShield Robust Text Classification Based on Multimodal Embedding and Neural Machine Translation,"Security and privacy, Computing methodologies","Intrusion/anomaly detection and malware mitigation, Machine learning"
'Thats my perspective from 30 years of doing this An Interview Study on Practices Experiences and Challenges of Updating Cryptographic Code,Thats my perspective from 30 years of doing this An Interview Study on Practices Experiences and Challenges of Updating Cryptographic Code,Security and privacy,"Human and societal aspects of security and privacy, Cryptography"
'That_Doesnt_Go_There_Attacks_on_Shared_State_in_Multi_User_Augmented_Reality_Applications,That Doesnt Go There Attacks on Shared State in Multi User Augmented Reality Applications,"Security and privacy, Computing methodologies","Systems security, Computer graphics"
'That_Person_Moves_Like_A_Car_Misclassification_Attack_Detection_for_Autonomous_Systems_Using_Spatiotemporal_Consistency,That Person Moves Like A Car Misclassification Attack Detection for Autonomous Systems Using Spatiotemporal Consistency,"Security and privacy, Computing methodologies","Intrusion/anomaly detection and malware mitigation, Machine learning"
'That_Was_Then_This_Is_Now_A_Security_Evaluation_of_Password_Generation_Storage_and_Autofill_in_Browser_Based_Password_Managers,That Was Then This Is Now A Security Evaluation of Password Generation Storage and Autofill in Browser Based Password Managers,"Security and privacy, Human-centered computing","Software and application security, Human computer interaction (HCI)"
'The Art and Craft of Fraudulent App Promotion in Google Play.,The Art and Craft of Fraudulent App Promotion in Google Play.,Security and privacy,"Software and application security, Human and societal aspects of security and privacy"
'The Attack of the Clones A Study of the Impact of Shared Code on Vulnerability Patching.,The Attack of the Clones A Study of the Impact of Shared Code on Vulnerability Patching.,"Security and privacy, Software and its engineering","Systems security, Software creation and management"
'The Boon and Bane of Cross-Signing_ Shedding Light on a Common Practice in Public Key Infrastructures.,The Boon and Bane of Cross Signing Shedding Light on a Common Practice in Public Key Infrastructures.,"Security and privacy, Information systems","Formal methods and theory of security, World Wide Web"
'The Catcher in the Field A Fieldprint based Spoofing Detection for Text-Independent Speaker Verification.,The Catcher in the Field A Fieldprint based Spoofing Detection for Text Independent Speaker Verification.,Security and privacy,Network security
'The Conspiracy Money Machine Uncovering Telegrams Conspiracy Channels and their Profit Model,The Conspiracy Money Machine Uncovering Telegrams Conspiracy Channels and their Profit Model,"Security and privacy, Human-centered computing","Human and societal aspects of security and privacy, Collaborative and social computing"
'The Cookie Hunter Automated Black-box Auditing for Web Authentication and Authorization Flaws.,The Cookie Hunter Automated Black box Auditing for Web Authentication and Authorization Flaws.,Security and privacy,Software and application security
'The Danger of Minimum Exposures Understanding Cross-App Information Leaks on iOS through Multi-Side-Channel Learning,The Danger of Minimum Exposures Understanding Cross App Information Leaks on iOS through Multi Side Channel Learning,Security and privacy,Systems security
'The Discriminative Power of Cross-layer RTTs in Fingerprinting Proxy Traffic,The Discriminative Power of Cross layer RTTs in Fingerprinting Proxy Traffic,"Security and privacy, Networks","Network security, Network performance evaluation"
'The DOMino Effect Detecting and Exploiting DOM Clobbering Gadgets via Concolic Execution with Symbolic DOM,The DOMino Effect Detecting and Exploiting DOM Clobbering Gadgets via Concolic Execution with Symbolic DOM,"Security and privacy, Software and its engineering","Software and application security, Software organization and properties"
'The Dropper Effect_ Insights into Malware Distribution with Downloader Graph Analytics.,The Dropper Effect Insights into Malware Distribution with Downloader Graph Analytics.,Security and privacy,Network security
'The Effect of Google Search on Software Security Unobtrusive Security Interventions via Content Re-ranking,The Effect of Google Search on Software Security Unobtrusive Security Interventions via Content Re ranking,"Security and privacy, Information systems","Human and societal aspects of security and privacy, World Wide Web"
'The Effectiveness of Security Interventions on GitHub,The Effectiveness of Security Interventions on GitHub,Security and privacy,"Human and societal aspects of security and privacy, Software and application security"
'The Feasibility of Dynamically Granted Permissions Aligning Mobile Privacy with User Preferences.,The Feasibility of Dynamically Granted Permissions Aligning Mobile Privacy with User Preferences.,"Security and privacy, Human-centered computing","Human and societal aspects of security and privacy, Ubiquitous and mobile computing"
'The Ghost Navigator Revisiting the Hidden Vulnerability of Localization in Autonomous Driving,The Ghost Navigator Revisiting the Hidden Vulnerability of Localization in Autonomous Driving,"Security and privacy, Computer systems organization","Systems security, Embedded and cyber-physical systems"
'The Guardians of Name Street Studying the Defensive Registration Practices of the Fortune 500,The Guardians of Name Street Studying the Defensive Registration Practices of the Fortune 500,"Security and privacy, Information systems","Human and societal aspects of security and privacy, World Wide Web"
'The Kids Are All Right Investigating the Susceptibility of Teens and Adults to YouTube Giveaway Scams,The Kids Are All Right Investigating the Susceptibility of Teens and Adults to YouTube Giveaway Scams,"Security and privacy, Human-centered computing","Human and societal aspects of security and privacy, Human computer interaction (HCI)"
'The Many Kinds of Creepware Used for Interpersonal Attacks.,The Many Kinds of Creepware Used for Interpersonal Attacks.,Security and privacy,"Intrusion/anomaly detection and malware mitigation, Human and societal aspects of security and privacy"
'The Midas Touch Triggering the Capability of LLMs for RM-API Misuse Detection,The Midas Touch Triggering the Capability of LLMs for RM API Misuse Detection,"Security and privacy, Computing methodologies","Software and application security, Artificial intelligence"
'The Misuse of Android Unix Domain Sockets and Security Implications.,The Misuse of Android Unix Domain Sockets and Security Implications.,Security and privacy,"Systems security, Software and application security"
'The Next 700 Policy Miners_ A Universal Method for Building Policy Miners.,The Next 700 Policy Miners A Universal Method for Building Policy Miners.,"Security and privacy, Computing methodologies","Security services, Machine learning"
'The Philosophers Stone Trojaning Plugins of Large Language Models,The Philosophers Stone Trojaning Plugins of Large Language Models,"Security and privacy, Computing methodologies","Intrusion/anomaly detection and malware mitigation, Machine learning"
'The Power of Words A Comprehensive Analysis of Rationales and Their Effects on Users Permission Decisions,The Power of Words A Comprehensive Analysis of Rationales and Their Effects on Users Permission Decisions,"Security and privacy, Human-centered computing","Human and societal aspects of security and privacy, Human computer interaction (HCI)"
'The Return of Coppersmith's Attack_ Practical Factorization of Widely Used RSA Moduli.,The Return of Coppersmith's Attack Practical Factorization of Widely Used RSA Moduli.,"Security and privacy, Theory of computation","Cryptography, Computational complexity and cryptography"
'The Rise of the Citizen Developer Assessing the Security Impact of Online App Generators.,The Rise of the Citizen Developer Assessing the Security Impact of Online App Generators.,"Security and privacy, Software and its engineering","Software and application security, Software creation and management"
"'The Shadow Nemesis_ Inference Attacks on Efficiently Deployable, Efficiently Searchable Encryption.","The Shadow Nemesis Inference Attacks on Efficiently Deployable, Efficiently Searchable Encryption.",Security and privacy,"Database and storage security, Cryptography"
'The SICILIAN Defense Signature-based Whitelisting of Web JavaScript.,The SICILIAN Defense Signature based Whitelisting of Web JavaScript.,Security and privacy,"Software and application security, Systems security"
'The Skeleton Keys A Large Scale Analysis of Credential Leakage in Mini-apps,The Skeleton Keys A Large Scale Analysis of Credential Leakage in Mini apps,Security and privacy,"Software and application security, Security services"
'The Space of Adversarial Strategies,The Space of Adversarial Strategies,"Security and privacy, Computing methodologies","Software and application security, Machine learning"
'The Spy in the Sandbox_ Practical Cache Attacks in JavaScript and their Implications.,The Spy in the Sandbox Practical Cache Attacks in JavaScript and their Implications.,Security and privacy,"Security in hardware, Systems security"
'The Spyware Used in Intimate Partner Violence.,The Spyware Used in Intimate Partner Violence.,Security and privacy,"Human and societal aspects of security and privacy, Intrusion/anomaly detection and malware mitigation"
'The State of the Uniform Attacks on Encrypted Databases Beyond the Uniform Query Distribution.,The State of the Uniform Attacks on Encrypted Databases Beyond the Uniform Query Distribution.,"Security and privacy, Information systems","Database and storage security, Data management systems"
'The TypTop System_ Personalized Typo-Tolerant Password Checking.,The TypTop System Personalized Typo Tolerant Password Checking.,"Security and privacy, Human-centered computing","Cryptography, Security services, Human computer interaction (HCI)"
'The Unusual Suspects Studying Reasons for Lacking Updates in WordPress,The Unusual Suspects Studying Reasons for Lacking Updates in WordPress,"Security and privacy, Information systems","Human and societal aspects of security and privacy, World Wide Web"
'The Value of Collaboration in Convex Machine Learning with Differential Privacy.,The Value of Collaboration in Convex Machine Learning with Differential Privacy.,"Security and privacy, Computing methodologies","Security services, Machine learning"
'The Waterfall of Liberty_ Decoy Routing Circumvention that Resists Routing Attacks.,The Waterfall of Liberty Decoy Routing Circumvention that Resists Routing Attacks.,Security and privacy,Security services
'The Web's Sixth Sense A Study of Scripts Accessing Smartphone Sensors.,The Web's Sixth Sense A Study of Scripts Accessing Smartphone Sensors.,Security and privacy,"Software and application security, Human and societal aspects of security and privacy"
'The Wolf of Name Street_ Hijacking Domains Through Their Nameservers.,The Wolf of Name Street Hijacking Domains Through Their Nameservers.,"Security and privacy, Networks","Network security, Network services"
'THEMIS Regulating Textual Inversion for Personalized Concept Censorship,THEMIS Regulating Textual Inversion for Personalized Concept Censorship,"Security and privacy, Computing methodologies","Software and application security, Machine learning"
'THEMIS Towards Practical Intellectual Property Protection for Post-Deployment On-Device Deep Learning Models,THEMIS Towards Practical Intellectual Property Protection for Post Deployment On Device Deep Learning Models,"Security and privacy, Computing methodologies","Security services, Machine learning"
'Themis_Accelerating_the_Detection_of_Route_Origin_Hijacking_by_Distinguishing_Legitimate_and_Illegitimate_MOAS,Themis Accelerating the Detection of Route Origin Hijacking by Distinguishing Legitimate and Illegitimate MOAS,"Security and privacy, Networks","Network security, Network protocols"
'The_Abuser_Inside_Apps_Finding_the_Culprit_Committing_Mobile_Ad_Fraud,The Abuser Inside Apps Finding the Culprit Committing Mobile Ad Fraud,"Security and privacy, Human-centered computing","Intrusion/anomaly detection and malware mitigation, Ubiquitous and mobile computing"
'The_Anatomy_of_a_Cryptocurrency_Pump_and_Dump_Scheme,The Anatomy of a Cryptocurrency Pump and Dump Scheme,Security and privacy,"Human and societal aspects of security and privacy, Intrusion/anomaly detection and malware mitigation"
'The_Art_of_The_Scam_Demystifying_Honeypots_in_Ethereum_Smart_Contracts,The Art of The Scam Demystifying Honeypots in Ethereum Smart Contracts,Security and privacy,"Software and application security, Intrusion/anomaly detection and malware mitigation"
'The_Beatrix_Resurrections_Robust_Backdoor_Detection_via_Gram_Matrices,The Beatrix Resurrections Robust Backdoor Detection via Gram Matrices,"Security and privacy, Computing methodologies","Intrusion/anomaly detection and malware mitigation, Machine learning"
'The_Betrayal_At_Cloud_City_An_Empirical_Analysis_Of_Cloud_Based_Mobile_Backends,The Betrayal At Cloud City An Empirical Analysis Of Cloud Based Mobile Backends,"Security and privacy, Software and its engineering","Software and application security, Software organization and properties"
'The_Broken_Shield_Measuring_Revocation_Effectiveness_in_the_Windows_Code_Signing_PKI,The Broken Shield Measuring Revocation Effectiveness in the Windows Code Signing PKI,Security and privacy,"Formal methods and theory of security, Intrusion/anomaly detection and malware mitigation"
'The_Case_for_Learned_Provenance_Graph_Storage_Systems,The Case for Learned Provenance Graph Storage Systems,"Security and privacy, Information systems","Database and storage security, Data management systems"
'The_Circle_Of_Life_A_Large_Scale_Study_of_The_IoT_Malware_Lifecycle,The Circle Of Life A Large Scale Study of The IoT Malware Lifecycle,"Security and privacy, Computer systems organization","Intrusion/anomaly detection and malware mitigation, Embedded and cyber-physical systems"
'The_CrossPath_Attack_Disrupting_the_SDN_Control_Channel_via_Shared_Links,The CrossPath Attack Disrupting the SDN Control Channel via Shared Links,"Security and privacy, Networks","Network security, Network protocols"
'The_Crux_of_Voice_InSecurity_A_Brain_Study_of_Speaker_Legitimacy_Detection,The Crux of Voice InSecurity A Brain Study of Speaker Legitimacy Detection,"Security and privacy, Human-centered computing","Security services, Human computer interaction (HCI)"
'The_Dangers_of_Human_Touch_Fingerprinting_Browser_Extensions_through_User_Actions,The Dangers of Human Touch Fingerprinting Browser Extensions through User Actions,"Security and privacy, Human-centered computing","Software and application security, Human computer interaction (HCI)"
'The_Dark_Side_of_E_Commerce_Dropshipping_Abuse_as_a_Business_Model,The Dark Side of E Commerce Dropshipping Abuse as a Business Model,"Security and privacy, Applied computing","Human and societal aspects of security and privacy, Electronic commerce"
'The_Digital_Cybersecurity_Expert_How_Far_Have_We_Come,The Digital Cybersecurity Expert How Far Have We Come,"Security and privacy, Computing methodologies","Systems security, Machine learning"
'The_Droid_is_in_the_Details_Environment_aware_Evasion_of_Android_Sandboxes,The Droid is in the Details Environment aware Evasion of Android Sandboxes,Security and privacy,"Intrusion/anomaly detection and malware mitigation, Systems security"
'The_Effect_of_DNS_on_Tors_Anonymity,The Effect of DNS on Tors Anonymity,"Security and privacy, Networks","Security services, Network properties"
'The_File_That_Contained_the_Keys_Has_Been_Removed_An_Empirical_Analysis_of_Secret_Leaks_in_Cloud_Buckets_and_Responsible_Disclosure_Outcomes,The File That Contained the Keys Has Been Removed An Empirical Analysis of Secret Leaks in Cloud Buckets and Responsible Disclosure Outcomes,Security and privacy,"Database and storage security, Human and societal aspects of security and privacy"
'The_Great_Request_Robbery_An_Empirical_Study_of_Client-side_Request_Hijacking_Vulnerabilities_on_the_Web,The Great Request Robbery An Empirical Study of Client side Request Hijacking Vulnerabilities on the Web,"Security and privacy, Information systems","Software and application security, World Wide Web"
'The_Hijackers_Guide_To_The_Galaxy_Off_Path_Taking_Over_Internet_Resources,The Hijackers Guide To The Galaxy Off Path Taking Over Internet Resources,"Security and privacy, Networks","Network security, Network protocols"
'The_Imitation_Game_Exploring_Brand_Impersonation_Attacks_on_Social_Media_Platforms,The Imitation Game Exploring Brand Impersonation Attacks on Social Media Platforms,"Security and privacy, Human-centered computing","Human and societal aspects of security and privacy, Collaborative and social computing"
'The_Impact_of_Exposed_Passwords_on_Honeyword_Efficacy,The Impact of Exposed Passwords on Honeyword Efficacy,Security and privacy,"Security services, Database and storage security"
'The_Importance_of_Being_Earnest_Shedding_Light_on_Johnnys_False_Sense_of_Privacy,The Importance of Being Earnest Shedding Light on Johnnys False Sense of Privacy,"Security and privacy, Human-centered computing","Human and societal aspects of security and privacy, Human computer interaction (HCI)"
'The_Inadequacy_of_Similarity-Based_Privacy_Metrics_Privacy_Attacks_Against_Truly_Anonymous_Synthetic_Datasets,The Inadequacy of Similarity Based Privacy Metrics Privacy Attacks Against Truly Anonymous Synthetic Datasets,"Security and privacy, Computing methodologies","Database and storage security, Machine learning"
'The_Million_Key_Question_Investigating_the_Origins_of_RSA_Public_Keys,The Million Key Question Investigating the Origins of RSA Public Keys,"Security and privacy, Mathematics of computing","Cryptography, Probability and statistics"
'The_OK_Is_Not_Enough_A_Large_Scale_Study_of_Consent_Dialogs_in_Smartphone_Applications,The OK Is Not Enough A Large Scale Study of Consent Dialogs in Smartphone Applications,"Security and privacy, Human-centered computing","Human and societal aspects of security and privacy, Ubiquitous and mobile computing"
'The_Power_of_Bamboo_On_the_Post_Compromise_Security_for_Searchable_Symmetric_Encryption,The Power of Bamboo On the Post Compromise Security for Searchable Symmetric Encryption,Security and privacy,"Database and storage security, Cryptography"
'The_Price_of_Free_Privacy_Leakage_in_Personalized_Mobile_In_Apps_Ads,The Price of Free Privacy Leakage in Personalized Mobile In Apps Ads,"Security and privacy, Human-centered computing","Human and societal aspects of security and privacy, Ubiquitous and mobile computing"
'The_Rewards_and_Costs_of_Stronger_Passwords_in_a_University_Linking_Password_Lifetime_to_Strength,The Rewards and Costs of Stronger Passwords in a University Linking Password Lifetime to Strength,"Security and privacy, Human-centered computing","Human and societal aspects of security and privacy, Human computer interaction (HCI)"
'The_Role_of_Computer_Security_Customer_Support_in_Helping_Survivors_of_Intimate_Partner_Violence,The Role of Computer Security Customer Support in Helping Survivors of Intimate Partner Violence,"Security and privacy, Human-centered computing","Human and societal aspects of security and privacy, Human computer interaction (HCI)"
'The_Role_of_Professional_Product_Reviewers_in_Evaluating_Security_and_Privacy,The Role of Professional Product Reviewers in Evaluating Security and Privacy,"Security and privacy, Human-centered computing","Human and societal aspects of security and privacy, Human computer interaction (HCI)"
'The_Role_of_User-Agent_Interactions_on_Mobile_Money_Practices_in_Kenya_and_Tanzania,The Role of User Agent Interactions on Mobile Money Practices in Kenya and Tanzania,"Security and privacy, Human-centered computing","Human and societal aspects of security and privacy, Ubiquitous and mobile computing"
'The_Same_PIN_Just_Longer_On_the_InSecurity_of_Upgrading_PINs_from_4_to_6_Digits,The Same PIN Just Longer On the InSecurity of Upgrading PINs from 4 to 6 Digits,"Security and privacy, Human-centered computing","Security services, Human computer interaction (HCI)"
'The_Secret_Sharer_Evaluating_and_Testing_Unintended_Memorization_in_Neural_Networks,The Secret Sharer Evaluating and Testing Unintended Memorization in Neural Networks,"Security and privacy, Computing methodologies","Security services, Machine learning"
'The_Secure_Socket_API_TLS_as_an_Operating_System_Service,The Secure Socket API TLS as an Operating System Service,"Security and privacy, Software and its engineering","Systems security, Software organization and properties"
'The_Security_Impact_of_HTTPS_Interception,The Security Impact of HTTPS Interception,"Security and privacy, Networks","Network security, Network protocols"
'The_Security_Lottery_Measuring_Client_Side_Web_Security_Inconsistencies,The Security Lottery Measuring Client Side Web Security Inconsistencies,Security and privacy,"Software and application security, Systems security"
'The_Space_of_Adversarial_Strategies,The Space of Adversarial Strategies,"Security and privacy, Computing methodologies","Formal methods and theory of security, Machine learning"
'The_State_of_the_SameSite_Studying_the_Usage_Effectiveness_and_Adequacy_of_SameSite_Cookies,The State of the SameSite Studying the Usage Effectiveness and Adequacy of SameSite Cookies,"Security and privacy, Information systems","Software and application security, World Wide Web"
'The_Taming_of_the_Stack_Isolating_Stack_Data_from_Memory_Errors,The Taming of the Stack Isolating Stack Data from Memory Errors,"Security and privacy, Software and its engineering","Systems security, Software organization and properties"
'The_Tools_and_Tactics_Used_in_Intimate_Partner_Surveillance_An_Analysis_of_Online_Infidelity_Forums,The Tools and Tactics Used in Intimate Partner Surveillance An Analysis of Online Infidelity Forums,"Security and privacy, Applied computing","Human and societal aspects of security and privacy, Law, social and behavioral sciences"
'The_Truth_Shall_Set_Thee_Free_Enabling_Practical_Forensic_Capabilities_in_Smart_Environments,The Truth Shall Set Thee Free Enabling Practical Forensic Capabilities in Smart Environments,"Security and privacy, Applied computing","Intrusion/anomaly detection and malware mitigation, Law, social and behavioral sciences"
'The_Unexpected_Dangers_of_Dynamic_JavaScript,The Unexpected Dangers of Dynamic JavaScript,"Security and privacy, Information systems","Software and application security, World Wide Web"
'The_Unpatchables_Why_Municipalities_Persist_in_Running_Vulnerable_Hosts,The Unpatchables Why Municipalities Persist in Running Vulnerable Hosts,Security and privacy,"Systems security, Human and societal aspects of security and privacy"
'The_Use_of_Likely_Invariants_as_Feedback_for_Fuzzers,The Use of Likely Invariants as Feedback for Fuzzers,"Security and privacy, Software and its engineering","Software and application security, Software creation and management"
'The_use_of_TLS_in_Censorship_Circumvention,The use of TLS in Censorship Circumvention,"Security and privacy, Networks","Network security, Network protocols"
'The_Webs_Identity_Crisis_Understanding_the_Effectiveness_of_Website_Identity_Indicators,The Webs Identity Crisis Understanding the Effectiveness of Website Identity Indicators,"Security and privacy, Human-centered computing","Human and societal aspects of security and privacy, Human computer interaction (HCI)"
'The_Writing_on_the_Wall_and_3D_Digital_Twins_Personal_Information_in_not_so_Private_Real_Estate,The Writing on the Wall and 3D Digital Twins Personal Information in not so Private Real Estate,"Security and privacy, Information systems","Human and societal aspects of security and privacy, World Wide Web"
'Things_You_May_Not_Know_About_Android_UnPackers_A_Systematic_Study_based_on_Whole_System_Emulation,Things You May Not Know About Android UnPackers A Systematic Study based on Whole System Emulation,"Security and privacy, Software and its engineering","Intrusion/anomaly detection and malware mitigation, Software organization and properties"
'Thoth_Comprehensive_Policy_Compliance_in_Data_Retrieval_Systems,Thoth Comprehensive Policy Compliance in Data Retrieval Systems,"Security and privacy, Information systems","Systems security, Information retrieval"
'Thou_Shalt_Not_Depend_on_Me_Analysing_the_Use_of_Outdated_JavaScript_Libraries_on_the_Web,Thou Shalt Not Depend on Me Analysing the Use of Outdated JavaScript Libraries on the Web,"Security and privacy, Information systems","Software and application security, World Wide Web"
'Threat Intelligence Computing.,Threat Intelligence Computing.,"Security and privacy, Computing methodologies","Intrusion/anomaly detection and malware mitigation, Formal methods and theory of security, Distributed computing methodologies"
'Threat modeling is very formal its very technical and also very hard to do correctly Investigating Threat Modeling Practices in Open-Source Software Projects,Threat modeling is very formal its very technical and also very hard to do correctly Investigating Threat Modeling Practices in Open Source Software Projects,"Security and privacy, Software and its engineering","Human and societal aspects of security and privacy, Software creation and management"
'Three_Birds_with_One_Stone_Efficient_Partitioning_Attacks_on_Interdependent_Cryptocurrency_Networks,Three Birds with One Stone Efficient Partitioning Attacks on Interdependent Cryptocurrency Networks,"Security and privacy, Networks","Network security, Network properties"
'Throwing Darts in the Dark Detecting Bots with Limited Data using Neural Data Augmentation.,Throwing Darts in the Dark Detecting Bots with Limited Data using Neural Data Augmentation.,"Security and privacy, Computing methodologies","Intrusion/anomaly detection and malware mitigation, Machine learning"
'Thunderclap_Exploring_Vulnerabilities_in_Operating_System_IOMMU_Protection_via_DMA_from_Untrustworthy_Peripherals,Thunderclap Exploring Vulnerabilities in Operating System IOMMU Protection via DMA from Untrustworthy Peripherals,"Security and privacy, Hardware","Systems security, Communication hardware, interfaces and storage"
'Tickets_or_Privacy_Understand_the_Ecosystem_of_Chinese_Ticket_Grabbing_Apps,Tickets or Privacy Understand the Ecosystem of Chinese Ticket Grabbing Apps,Security and privacy,"Software and application security, Human and societal aspects of security and privacy"
'Tight_Auditing_of_Differentially_Private_Machine_Learning,Tight Auditing of Differentially Private Machine Learning,"Security and privacy, Computing methodologies","Security services, Machine learning"
'TileMask A Passive-Reflection-based Attack against mmWave Radar Object Detection in Autonomous Driving,TileMask A Passive Reflection based Attack against mmWave Radar Object Detection in Autonomous Driving,"Security and privacy, Computer systems organization","Software and application security, Embedded and cyber-physical systems"
'Time-Aware_Projections_Truly_Node-Private_Graph_Statistics_under_Continual_Observation,Time Aware Projections Truly Node Private Graph Statistics under Continual Observation,"Security and privacy, Theory of computation","Security services, Design and analysis of algorithms"
'Time-Print_Authenticating_USB_Flash_Drives_with_Novel_Timing_Fingerprints,Time Print Authenticating USB Flash Drives with Novel Timing Fingerprints,"Security and privacy, Hardware","Security services, Communication hardware, interfaces and storage"
'Time-varying Bottleneck Links in LEO Satellite Networks Identification Exploits and Countermeasures,Time varying Bottleneck Links in LEO Satellite Networks Identification Exploits and Countermeasures,"Security and privacy, Networks","Network security, Network performance evaluation"
'Timeless_Timing_Attacks_and_Preload_Defenses_in_Tors_DNS_Cache,Timeless Timing Attacks and Preload Defenses in Tors DNS Cache,"Security and privacy, Networks","Systems security, Network protocols"
'Timeless_Timing_Attacks_Exploiting_Concurrency_to_Leak_Secrets_over_Remote_Connections,Timeless Timing Attacks Exploiting Concurrency to Leak Secrets over Remote Connections,"Security and privacy, Networks","Systems security, Network protocols"
'Time_Does_Not_Heal_All_Wounds_A_Longitudinal_Analysis_of_Security_Mechanism_Support_in_Mobile_Browsers,Time Does Not Heal All Wounds A Longitudinal Analysis of Security Mechanism Support in Mobile Browsers,"Security and privacy, Information systems","Systems security, World Wide Web"
'Timing_Channels_in_Adaptive_Neural_Networks,Timing Channels in Adaptive Neural Networks,"Security and privacy, Computing methodologies","Systems security, Machine learning"
'Tiresias Predicting Security Events Through Deep Learning.,Tiresias Predicting Security Events Through Deep Learning.,"Security and privacy, Computing methodologies","Systems security, Machine learning"
'Titanium_A_Metadata_Hiding_File_Sharing_System_with_Malicious_Security,Titanium A Metadata Hiding File Sharing System with Malicious Security,Security and privacy,"Database and storage security, Systems security"
'TKPERM_Cross_platform_Permission_Knowledge_Transfer_to_Detect_Overprivileged_Third_party_Applications,TKPERM Cross platform Permission Knowledge Transfer to Detect Overprivileged Third party Applications,"Security and privacy, Computing methodologies","Software and application security, Machine learning"
'TLS_in_the_Wild_An_Internet_wide_Analysis_of_TLS_based_Protocols_for_Electronic_Communication,TLS in the Wild An Internet wide Analysis of TLS based Protocols for Electronic Communication,"Security and privacy, Networks","Network security, Network protocols"
'TokenScout Early Detection of Ethereum Scam Tokens via Temporal Graph Learning,TokenScout Early Detection of Ethereum Scam Tokens via Temporal Graph Learning,Security and privacy,"Software and application security, Systems security"
'Token_Spammers_Rug_Pulls_and_Sniper_Bots_An_Analysis_of_the_Ecosystem_of_Tokens_in_Ethereum_and_in_the_Binance_Smart_Chain_BNB,Token Spammers Rug Pulls and Sniper Bots An Analysis of the Ecosystem of Tokens in Ethereum and in the Binance Smart Chain BNB,Security and privacy,"Intrusion/anomaly detection and malware mitigation, Software and application security"
'Too Much of a Good Thing In-Security of Mandatory Security Software for Financial Services in South Korea,Too Much of a Good Thing In Security of Mandatory Security Software for Financial Services in South Korea,Security and privacy,"Software and application security, Human and societal aspects of security and privacy"
'Too_Good_to_Be_Safe_Tricking_Lane_Detection_in_Autonomous_Driving_with_Crafted_Perturbations,Too Good to Be Safe Tricking Lane Detection in Autonomous Driving with Crafted Perturbations,"Security and privacy, Computing methodologies","Systems security, Artificial intelligence"
'TORCHLIGHT Shedding LIGHT on Real-World Attacks on Cloudless IoT Devices Concealed within the Tor Network,TORCHLIGHT Shedding LIGHT on Real World Attacks on Cloudless IoT Devices Concealed within the Tor Network,"Security and privacy, Networks","Intrusion/anomaly detection and malware mitigation, Network protocols"
'Tossing_in_the_Dark_Practical_Bit_Flipping_on_Gray_box_Deep_Neural_Networks_for_Runtime_Trojan_Injection,Tossing in the Dark Practical Bit Flipping on Gray box Deep Neural Networks for Runtime Trojan Injection,"Security and privacy, Computing methodologies","Security in hardware, Machine learning"
'Toss_a_Fault_to_Your_Witcher_Applying_Grey-box_Coverage-Guided_Mutational_Fuzzing_to_Detect_SQL_and_Command_Injection_Vulnerabilities,Toss a Fault to Your Witcher Applying Grey box Coverage Guided Mutational Fuzzing to Detect SQL and Command Injection Vulnerabilities,"Security and privacy, Software and its engineering","Software and application security, Software creation and management"
'Towards a Natural Perspective of Smart Homes for Practical Security and Safety Analyses.,Towards a Natural Perspective of Smart Homes for Practical Security and Safety Analyses.,"Security and privacy, Computing methodologies","Human and societal aspects of security and privacy, Machine learning"
'Towards Attribution in Mobile Markets_ Identifying Developer Account Polymorphism.,Towards Attribution in Mobile Markets Identifying Developer Account Polymorphism.,Security and privacy,Intrusion/anomaly detection and malware mitigation
'Towards Automated Safety Vetting of PLC Code in Real-World Plants.,Towards Automated Safety Vetting of PLC Code in Real World Plants.,"Security and privacy, Computer systems organization","Formal methods and theory of security, Embedded and cyber-physical systems"
'Towards Automatic Detection and Exploitation of Java Web Application Vulnerabilities via Concolic Execution guided by Cross-thread Object Manipulation,Towards Automatic Detection and Exploitation of Java Web Application Vulnerabilities via Concolic Execution guided by Cross thread Object Manipulation,"Security and privacy, Software and its engineering","Software and application security, Software organization and properties"
'Towards Automatic Generation of Security-Centric Descriptions for Android Apps.,Towards Automatic Generation of Security Centric Descriptions for Android Apps.,"Security and privacy, Computing methodologies","Software and application security, Artificial intelligence"
'Towards Continuous Access Control Validation and Forensics.,Towards Continuous Access Control Validation and Forensics.,"Security and privacy, Applied computing","Security services, Software and application security, Law, social and behavioral sciences"
'Towards Effective Differential Privacy Communication for Users' Data Sharing Decision and Comprehension.,Towards Effective Differential Privacy Communication for Users' Data Sharing Decision and Comprehension.,"Security and privacy, Human-centered computing","Human and societal aspects of security and privacy, Human computer interaction (HCI)"
'Towards Fine-grained Network Security Forensics and Diagnosis in the SDN Era.,Towards Fine grained Network Security Forensics and Diagnosis in the SDN Era.,"Security and privacy, Networks","Network security, Network services"
'Towards Label-Only Membership Inference Attack against Pre-trained Large Language Models,Towards Label Only Membership Inference Attack against Pre trained Large Language Models,"Security and privacy, Computing methodologies","Human and societal aspects of security and privacy, Machine learning"
'Towards Making Systems Forget with Machine Unlearning.,Towards Making Systems Forget with Machine Unlearning.,"Security and privacy, Computing methodologies","Database and storage security, Machine learning"
'Towards Paving the Way for Large-Scale Windows Malware Analysis_ Generic Binary Unpacking with Orders-of-Magnitude Performance Boost.,Towards Paving the Way for Large Scale Windows Malware Analysis Generic Binary Unpacking with Orders of Magnitude Performance Boost.,Social and professional topics,Computing / technology policy
'Towards Practical Differentially Private Convex Optimization.,Towards Practical Differentially Private Convex Optimization.,"Security and privacy, Mathematics of computing","Security services, Mathematical analysis"
'Towards Understanding and Enhancing Security of Proof-of-Training for DNN Model Ownership Verification,Towards Understanding and Enhancing Security of Proof of Training for DNN Model Ownership Verification,"Security and privacy, Computing methodologies","Formal methods and theory of security, Machine learning"
'Towards Understanding Unsafe Video Generation,Towards Understanding Unsafe Video Generation,"Security and privacy, Computing methodologies","Software and application security, Machine learning"
'Towards Usable Checksums_ Automating the Integrity Verification of Web Downloads for the Masses.,Towards Usable Checksums Automating the Integrity Verification of Web Downloads for the Masses.,Security and privacy,"Network security, Human and societal aspects of security and privacy, Cryptography"
'Towards_an_Effective_Method_of_ReDoS_Detection_for_Non_backtracking_Engines,Towards an Effective Method of ReDoS Detection for Non backtracking Engines,"Security and privacy, Theory of computation","Software and application security, Formal languages and automata theory"
'Towards_Automated_Dynamic_Analysis_for_Linux_based_Embedded_Firmware,Towards Automated Dynamic Analysis for Linux based Embedded Firmware,"Security and privacy, Computer systems organization","Systems security, Embedded and cyber-physical systems"
'Towards_Automated_Regulation_Analysis_for_Effective_Privacy_Compliance,Towards Automated Regulation Analysis for Effective Privacy Compliance,"Security and privacy, Computing methodologies","Human and societal aspects of security and privacy, Machine learning"
'Towards_Automatically_Reverse_Engineering_Vehicle_Diagnostic_Protocols,Towards Automatically Reverse Engineering Vehicle Diagnostic Protocols,"Security and privacy, Computer systems organization","Systems security, Embedded and cyber-physical systems"
'Towards_a_General_Video_based_Keystroke_Inference_Attack,Towards a General Video based Keystroke Inference Attack,"Security and privacy, Computing methodologies","Human and societal aspects of security and privacy, Artificial intelligence"
'Towards_A_Proactive_ML_Approach_for_Detecting_Backdoor_Poison_Samples,Towards A Proactive ML Approach for Detecting Backdoor Poison Samples,"Security and privacy, Computing methodologies","Intrusion/anomaly detection and malware mitigation, Machine learning"
'Towards_a_Rigorous_Statistical_Analysis_of_Empirical_Password_Datasets,Towards a Rigorous Statistical Analysis of Empirical Password Datasets,"Security and privacy, Mathematics of computing","Security services, Probability and statistics"
'Towards_a_Secure_Zero_rating_Framework_with_Three_Parties,Towards a Secure Zero rating Framework with Three Parties,Security and privacy,"Formal methods and theory of security, Network security"
'Towards_a_Timely_Causality_Analysis_for_Enterprise_Security,Towards a Timely Causality Analysis for Enterprise Security,"Security and privacy, Applied computing","Intrusion/anomaly detection and malware mitigation, Enterprise computing"
'Towards_HTTPS_Everywhere_on_Android_We_Are_Not_There_Yet,Towards HTTPS Everywhere on Android We Are Not There Yet,"Security and privacy, Human-centered computing","Network security, Ubiquitous and mobile computing"
'Towards_Implicit_Visual_Memory_Based_Authentication,Towards Implicit Visual Memory Based Authentication,"Security and privacy, Human-centered computing","Security services, Human computer interaction (HCI)"
'Towards_Measuring_and_Mitigating_Social_Engineering_Software_Download_Attacks,Towards Measuring and Mitigating Social Engineering Software Download Attacks,"Security and privacy, Human-centered computing","Intrusion/anomaly detection and malware mitigation, Collaborative and social computing"
'Towards_Measuring_the_Effectiveness_of_Telephony_Blacklists,Towards Measuring the Effectiveness of Telephony Blacklists,"Security and privacy, Computing methodologies","Intrusion/anomaly detection and malware mitigation, Machine learning"
'Towards_More_Practical_Threat_Models_in_Artificial_Intelligence_Security,Towards More Practical Threat Models in Artificial Intelligence Security,"Security and privacy, Computing methodologies","Software and application security, Machine learning"
'Towards_More_Robust_Keyword_Spotting_for_Voice_Assistants,Towards More Robust Keyword Spotting for Voice Assistants,"Security and privacy, Computing methodologies","Software and application security, Machine learning"
'Towards_Plausible_Graph_Anonymization,Towards Plausible Graph Anonymization,"Security and privacy, Computing methodologies","Database and storage security, Machine learning"
'Towards_Precise_Reporting_of_Cryptographic_Misuses,Towards Precise Reporting of Cryptographic Misuses,"Security and privacy, Software and its engineering","Cryptography, Software organization and properties"
'Towards_Privacy_and_Security_in_Private_Clouds_A_Representative_Survey_on_the_Prevalence_of_Private_Hosting_and_Administrator_Characteristics,Towards Privacy and Security in Private Clouds A Representative Survey on the Prevalence of Private Hosting and Administrator Characteristics,"Security and privacy, Social and professional topics","Human and societal aspects of security and privacy, User characteristics"
'Towards_Privacy_Preserving_Social_Media_SDKs_on_Android,Towards Privacy Preserving Social Media SDKs on Android,Security and privacy,"Software and application security, Human and societal aspects of security and privacy"
'Towards_Reliable_Verification_of_Unauthorized_Data_Usage_in_Personalized_Text-to-Image_Diffusion_Models,Towards Reliable Verification of Unauthorized Data Usage in Personalized Text to Image Diffusion Models,"Security and privacy, Computing methodologies","Database and storage security, Machine learning"
'Towards_Robust_LiDAR_based_Perception_in_Autonomous_Driving_General_Black_box_Adversarial_Sensor_Attack_and_Countermeasures,Towards Robust LiDAR based Perception in Autonomous Driving General Black box Adversarial Sensor Attack and Countermeasures,"Security and privacy, Computing methodologies","Intrusion/anomaly detection and malware mitigation, Artificial intelligence"
'Towards_Targeted_Obfuscation_of_Adversarial_Unsafe_Images_using_Reconstruction_and_Counterfactual_Super_Region_Attribution_Explainability,Towards Targeted Obfuscation of Adversarial Unsafe Images using Reconstruction and Counterfactual Super Region Attribution Explainability,"Security and privacy, Computing methodologies","Software and application security, Machine learning"
'Towards_the_Detection_of_Inconsistencies_in_Public_Security_Vulnerability_Reports,Towards the Detection of Inconsistencies in Public Security Vulnerability Reports,"Security and privacy, Computing methodologies","Systems security, Machine learning"
'Towards_Understanding_and_Detecting_Cyberbullying_in_Real_world_Images,Towards Understanding and Detecting Cyberbullying in Real world Images,"Security and privacy, Computing methodologies","Human and societal aspects of security and privacy, Machine learning"
'Toward_Unbiased_Multiple_Target_Fuzzing_with_Path_Diversity,Toward Unbiased Multiple Target Fuzzing with Path Diversity,"Security and privacy, Software and its engineering","Software and application security, Software creation and management"
'To_Cloud_or_not_to_Cloud_A_Qualitative_Study_on_Self_Hosters_Motivation_Operation_and_Security_Mindset,To Cloud or not to Cloud A Qualitative Study on Self Hosters Motivation Operation and Security Mindset,"Security and privacy, Software and its engineering","Human and societal aspects of security and privacy, Software organization and properties"
'To_Do_This_Properly_You_Need_More_Resources_The_Hidden_Costs_of_Introducing_Simulated_Phishing_Campaigns,To Do This Properly You Need More Resources The Hidden Costs of Introducing Simulated Phishing Campaigns,"Security and privacy, Social and professional topics","Human and societal aspects of security and privacy, Computing / technology policy"
'To_ErrIs_Human_Characterizing_the_Threat_of_Unintended_URLs_in_Social_Media,To ErrIs Human Characterizing the Threat of Unintended URLs in Social Media,"Security and privacy, Information systems","Software and application security, World Wide Web"
'TPatch_A_Triggered_Physical_Adversarial_Patch,TPatch A Triggered Physical Adversarial Patch,"Security and privacy, Computing methodologies","Security in hardware, Machine learning"
'TPM_FAIL_TPM_meets_Timing_and_Lattice_Attacks,TPM FAIL TPM meets Timing and Lattice Attacks,Security and privacy,"Security in hardware, Cryptography"
'Tracing_Information_Flows_Between_Ad_Exchanges_Using_Retargeted_Ads,Tracing Information Flows Between Ad Exchanges Using Retargeted Ads,"Security and privacy, Information systems","Human and societal aspects of security and privacy, World Wide Web"
'Tracing_Transactions_Across_Cryptocurrency_Ledgers,Tracing Transactions Across Cryptocurrency Ledgers,"Security and privacy, Information systems","Security services, Data management systems"
'Tracking Certificate Misissuance in the Wild.,Tracking Certificate Misissuance in the Wild.,"Security and privacy, Information systems","Security services, World Wide Web"
'Tracking Ransomware End-to-end.,Tracking Ransomware End to end.,"Security and privacy, Applied computing","Intrusion/anomaly detection and malware mitigation, Law, social and behavioral sciences"
'Tracking the Takes and Trajectories of English-Language News Narratives across Trustworthy and Worrisome Websites,Tracking the Takes and Trajectories of English Language News Narratives across Trustworthy and Worrisome Websites,"Security and privacy, Computing methodologies","Human and societal aspects of security and privacy, Machine learning"
'Tracking_Mobile_Web_Users_Through_Motion_Sensors_Attacks_and_Defenses,Tracking Mobile Web Users Through Motion Sensors Attacks and Defenses,"Security and privacy, Human-centered computing","Human and societal aspects of security and privacy, Ubiquitous and mobile computing"
'TrafficFormer_An_Efficient_Pre-trained_Model_for_Traffic_Data,TrafficFormer An Efficient Pre trained Model for Traffic Data,"Security and privacy, Computing methodologies","Intrusion/anomaly detection and malware mitigation, Machine learning"
'TrafficSliver Fighting Website Fingerprinting Attacks with Traffic Splitting.,TrafficSliver Fighting Website Fingerprinting Attacks with Traffic Splitting.,"Security and privacy, Networks","Security services, Network properties"
'TrajDeleter Enabling Trajectory Forgetting in Offline Reinforcement Learning Agents,TrajDeleter Enabling Trajectory Forgetting in Offline Reinforcement Learning Agents,"Security and privacy, Computing methodologies","Database and storage security, Machine learning"
'Transcending_TRANSCEND_Revisiting_Malware_Classification_in_the_Presence_of_Concept_Drift,Transcending TRANSCEND Revisiting Malware Classification in the Presence of Concept Drift,"Security and privacy, Computing methodologies","Intrusion/anomaly detection and malware mitigation, Machine learning"
'Transcend_Detecting_Concept_Drift_in_Malware_Classification_Models,Transcend Detecting Concept Drift in Malware Classification Models,"Security and privacy, Computing methodologies","Intrusion/anomaly detection and malware mitigation, Machine learning"
'Transferability_of_White_box_Perturbations_Query_Efficient_Adversarial_Attacks_against_Commercial_DNN_Services,Transferability of White box Perturbations Query Efficient Adversarial Attacks against Commercial DNN Services,"Security and privacy, Computing methodologies","Systems security, Machine learning"
'Transferring_Adversarial_Robustness_Through_Robust_Representation_Matching,Transferring Adversarial Robustness Through Robust Representation Matching,"Security and privacy, Computing methodologies","Software and application security, Machine learning"
'Transparency_in_Usable_Privacy_and_Security_Research_Scholars_Perspectives_Practices_and_Recommendations,Transparency in Usable Privacy and Security Research Scholars Perspectives Practices and Recommendations,"Security and privacy, Human-centered computing","Human and societal aspects of security and privacy, Human computer interaction (HCI)"
'Transpose_Attack_Stealing_Datasets_with_Bidirectional_Training,Transpose Attack Stealing Datasets with Bidirectional Training,Security and privacy,"Database and storage security, Intrusion/anomaly detection and malware mitigation"
'Travelling the Hypervisor and SSD A Tag-Based Approach Against Crypto Ransomware with Fine-Grained Data Recovery,Travelling the Hypervisor and SSD A Tag Based Approach Against Crypto Ransomware with Fine Grained Data Recovery,Security and privacy,Intrusion/anomaly detection and malware mitigation
'Trends_and_Lessons_from_Three_Years_Fighting_Malicious_Extensions,Trends and Lessons from Three Years Fighting Malicious Extensions,Security and privacy,"Intrusion/anomaly detection and malware mitigation, Systems security"
'Trident_Efficient_4PC_Framework_for_Privacy_Preserving_Machine_Learning,Trident Efficient 4PC Framework for Privacy Preserving Machine Learning,"Security and privacy, Computing methodologies","Cryptography, Machine learning"
'TRIDENT_Towards_Detecting_and_Mitigating_Web_based_Social_Engineering_Attacks,TRIDENT Towards Detecting and Mitigating Web based Social Engineering Attacks,"Security and privacy, Social and professional topics","Software and application security, Computing / technology policy"
'Triplet Fingerprinting More Practical and Portable Website Fingerprinting with N-shot Learning.,Triplet Fingerprinting More Practical and Portable Website Fingerprinting with N shot Learning.,"Security and privacy, Networks","Security services, Network properties"
'Trojaning_Attack_on_Neural_Networks,Trojaning Attack on Neural Networks,"Security and privacy, Computing methodologies","Intrusion/anomaly detection and malware mitigation, Machine learning"
'TrojanModel_A_Practical_Trojan_Attack_against_Automatic_Speech_Recognition_Systems,TrojanModel A Practical Trojan Attack against Automatic Speech Recognition Systems,"Security and privacy, Computing methodologies","Software and application security, Artificial intelligence"
'TrollMagnifier_Detecting_State-Sponsored_Troll_Accounts_on_Reddit,TrollMagnifier Detecting State Sponsored Troll Accounts on Reddit,"Security and privacy, Computing methodologies","Intrusion/anomaly detection and malware mitigation, Machine learning"
'Trouble_Over-The-Air_An_Analysis_of_FOTA_Apps_in_the_Android_Ecosystem,Trouble Over The Air An Analysis of FOTA Apps in the Android Ecosystem,Security and privacy,"Software and application security, Systems security"
'True_Attacks_Attack_Attempts_or_Benign_Triggers_An_Empirical_Measurement_of_Network_Alerts_in_a_Security_Operations_Center,True Attacks Attack Attempts or Benign Triggers An Empirical Measurement of Network Alerts in a Security Operations Center,"Security and privacy, General and reference","Intrusion/anomaly detection and malware mitigation, Cross-computing tools and techniques"
'Trust but Verify An Assessment of Vulnerability Tagging Services,Trust but Verify An Assessment of Vulnerability Tagging Services,"Security and privacy, General and reference","Systems security, Cross-computing tools and techniques"
'TRUSTORE_ Side-Channel Resistant Storage for SGX using Intel Hybrid CPU-FPGA.,TRUSTORE Side Channel Resistant Storage for SGX using Intel Hybrid CPU FPGA.,Security and privacy,"Security in hardware, Security services, Network security"
'Trust_But_Verify_A_Longitudinal_Analysis_Of_Android_OEM_Compliance_and_Customization,Trust But Verify A Longitudinal Analysis Of Android OEM Compliance and Customization,"Security and privacy, Human-centered computing","Systems security, Ubiquitous and mobile computing"
'Trust_Dies_in_Darkness_Shedding_Light_on_Samsungs_TrustZone_Keymaster_Design,Trust Dies in Darkness Shedding Light on Samsungs TrustZone Keymaster Design,Security and privacy,"Systems security, Cryptography"
'Trust_Me_If_You_Can_How_Usable_Is_Trusted_Types_In_Practice,Trust Me If You Can How Usable Is Trusted Types In Practice,Security and privacy,"Software and application security, Human and societal aspects of security and privacy"
'Trust_the_Crowd_Wireless_Witnessing_to_Detect_Attacks_on_ADS_B_Based_Air_Traffic_Surveillance,Trust the Crowd Wireless Witnessing to Detect Attacks on ADS B Based Air Traffic Surveillance,"Security and privacy, Computing methodologies","Intrusion/anomaly detection and malware mitigation, Machine learning"
'Truth Serum Poisoning Machine Learning Models to Reveal Their Secrets,Truth Serum Poisoning Machine Learning Models to Reveal Their Secrets,"Computing methodologies, Security and privacy","Machine learning, Software and application security"
'Truth Will Out Departure-Based Process-Level Detection of Stealthy Attacks on Control Systems.,Truth Will Out Departure Based Process Level Detection of Stealthy Attacks on Control Systems.,Security and privacy,Intrusion/anomaly detection and malware mitigation
'Try to Poison My Deep Learning Data Nowhere to Hide Your Trajectory Spectrum,Try to Poison My Deep Learning Data Nowhere to Hide Your Trajectory Spectrum,"Security and privacy, Computing methodologies","Intrusion/anomaly detection and malware mitigation, Machine learning"
'TSQP_Safeguarding_Real-Time_Inference_for_Quantization_Neural_Networks_on_Edge_Devices,TSQP Safeguarding Real Time Inference for Quantization Neural Networks on Edge Devices,"Security and privacy, Computing methodologies","Systems security, Machine learning"
'Tubes_Among_Us_Analog_Attack_on_Automatic_Speaker_Identification,Tubes Among Us Analog Attack on Automatic Speaker Identification,"Security and privacy, Computing methodologies","Security services, Artificial intelligence"
'Turning_Your_Weakness_Into_a_Strength_Watermarking_Deep_Neural_Networks_by_Backdooring,Turning Your Weakness Into a Strength Watermarking Deep Neural Networks by Backdooring,"Security and privacy, Computing methodologies","Software and application security, Machine learning"
'TVA_A_multi_party_computation_system_for_secure_and_expressive_time_series_analytics,TVA A multi party computation system for secure and expressive time series analytics,"Security and privacy, Information systems","Cryptography, Data management systems"
'Tweezers A Framework for Security Event Detection via Event Attribution-centric Tweet Embedding,Tweezers A Framework for Security Event Detection via Event Attribution centric Tweet Embedding,"Security and privacy, Computing methodologies","Intrusion/anomaly detection and malware mitigation, Machine learning"
'Two_in_One_A_Model_Hijacking_Attack_Against_Text_Generation_Models,Two in One A Model Hijacking Attack Against Text Generation Models,"Security and privacy, Computing methodologies","Software and application security, Machine learning"
'Two_Sides_of_the_Shield_Understanding_Protective_DNS_adoption_factors,Two Sides of the Shield Understanding Protective DNS adoption factors,Security and privacy,"Network security, Human and societal aspects of security and privacy"
'TXSPECTOR_Uncovering_Attacks_in_Ethereum_from_Transactions,TXSPECTOR Uncovering Attacks in Ethereum from Transactions,"Security and privacy, Software and its engineering","Intrusion/anomaly detection and malware mitigation, Software organization and properties"
'TYGR_Type_Inference_on_Stripped_Binaries_using_Graph_Neural_Networks,TYGR Type Inference on Stripped Binaries using Graph Neural Networks,"Security and privacy, Computing methodologies","Software and application security, Machine learning"
'TypeForge_Synthesizing_and_Selecting_Best-Fit_Composite_Data_Types_for_Stripped_Binaries,TypeForge Synthesizing and Selecting Best Fit Composite Data Types for Stripped Binaries,"Security and privacy, Software and its engineering","Software and application security, Software notations and tools"
'TYPEPULSE Detecting Type Confusion Bugs in Rust Programs,TYPEPULSE Detecting Type Confusion Bugs in Rust Programs,"Security and privacy, Software and its engineering","Software and application security, Software organization and properties"
'TypeSan_ Practical Type Confusion Detection.,TypeSan Practical Type Confusion Detection.,Security and privacy,"Systems security, Software and application security"
'T_Miner_A_Generative_Approach_to_Defend_Against_Trojan_Attacks_on_DNN_based_Text_Classification,T Miner A Generative Approach to Defend Against Trojan Attacks on DNN based Text Classification,"Security and privacy, Computing methodologies","Intrusion/anomaly detection and malware mitigation, Machine learning"
'UBA_Inf_Unlearning_Activated_Backdoor_Attack_with_Influence_Driven_Camouflage,UBA Inf Unlearning Activated Backdoor Attack with Influence Driven Camouflage,"Security and privacy, Computing methodologies","Intrusion/anomaly detection and malware mitigation, Machine learning"
'UI-CTX Understanding UI Behaviors with Code Contexts for Mobile Applications,UI CTX Understanding UI Behaviors with Code Contexts for Mobile Applications,"Security and privacy, Human-centered computing","Software and application security, Ubiquitous and mobile computing"
'UIHash_Detecting_Similar_Android_UIs_through_Grid_Based_Visual_Appearance_Representation,UIHash Detecting Similar Android UIs through Grid Based Visual Appearance Representation,"Security and privacy, Human-centered computing","Software and application security, Human computer interaction (HCI)"
'UIPicker_User_Input_Privacy_Identification_in_Mobile_Applications,UIPicker User Input Privacy Identification in Mobile Applications,"Security and privacy, Human-centered computing","Software and application security, Ubiquitous and mobile computing"
'UIScope_Accurate_Instrumentation_free_and_Visible_Attack_Investigation_for_GUI_Applications,UIScope Accurate Instrumentation free and Visible Attack Investigation for GUI Applications,"Security and privacy, Human-centered computing","Systems security, Human computer interaction (HCI)"
'Unbalanced_Circuit_PSI_from_Oblivious_Key_Value_Retrieval,Unbalanced Circuit PSI from Oblivious Key Value Retrieval,"Security and privacy, Theory of computation","Cryptography, Computational complexity and cryptography"
'Unbundle-Rewrite-Rebundle Runtime Detection and Rewriting of Privacy-Harming Code in JavaScript Bundles,Unbundle Rewrite Rebundle Runtime Detection and Rewriting of Privacy Harming Code in JavaScript Bundles,Security and privacy,Software and application security
'Uncovering the iceberg from the tip Generating API Specifications for Bug Detection via Specification Propagation Analysis,Uncovering the iceberg from the tip Generating API Specifications for Bug Detection via Specification Propagation Analysis,"Security and privacy, Software and its engineering","Software and application security, Software creation and management"
'Uncovering_Cross_Context_Inconsistent_Access_Control_Enforcement_in_Android,Uncovering Cross Context Inconsistent Access Control Enforcement in Android,Security and privacy,"Security services, Systems security"
'Uncovering_the_Limits_of_Machine_Learning_for_Automatic_Vulnerability_Detection,Uncovering the Limits of Machine Learning for Automatic Vulnerability Detection,"Security and privacy, Computing methodologies","Software and application security, Machine learning"
'Uncovering_User_Interactions_on_Smartphones_via_Contactless_Wireless_Charging_Side_Channels,Uncovering User Interactions on Smartphones via Contactless Wireless Charging Side Channels,"Security and privacy, Human-centered computing","Security in hardware, Ubiquitous and mobile computing"
'Under the Shadow of Sunshine Understanding and Detecting Bulletproof Hosting on Legitimate Service Provider Networks.,Under the Shadow of Sunshine Understanding and Detecting Bulletproof Hosting on Legitimate Service Provider Networks.,"Security and privacy, Computing methodologies","Intrusion/anomaly detection and malware mitigation, Machine learning"
'Understanding Data Importance in Machine Learning Attacks Does Valuable Data Pose Greater Harm,Understanding Data Importance in Machine Learning Attacks Does Valuable Data Pose Greater Harm,"Security and privacy, Computing methodologies","Security services, Machine learning"
'Understanding Linux Malware.,Understanding Linux Malware.,"Security and privacy, Software and its engineering","Intrusion/anomaly detection and malware mitigation, Software organization and properties"
'Understanding Miniapp Malware Identification Dissection and Characterization,Understanding Miniapp Malware Identification Dissection and Characterization,"Security and privacy, Software and its engineering","Intrusion/anomaly detection and malware mitigation, Software organization and properties"
'Understanding_and_Analyzing_Appraisal_Systems_in_the_Underground_Marketplaces,Understanding and Analyzing Appraisal Systems in the Underground Marketplaces,"Security and privacy, Information systems","Human and societal aspects of security and privacy, World Wide Web"
'Understanding_and_Bridging_the_Gap_Between_Unsupervised_Network_Representation_Learning_and_Security_Analytics,Understanding and Bridging the Gap Between Unsupervised Network Representation Learning and Security Analytics,"Security and privacy, Computing methodologies","Intrusion/anomaly detection and malware mitigation, Machine learning"
'Understanding_and_Detecting_International_Revenue_Share_Fraud,Understanding and Detecting International Revenue Share Fraud,"Security and privacy, Computing methodologies","Intrusion/anomaly detection and malware mitigation, Machine learning"
'Understanding_and_Improving_Usability_of_Data_Dashboards_for_Simplified_Privacy_Control_of_Voice_Assistant_Data,Understanding and Improving Usability of Data Dashboards for Simplified Privacy Control of Voice Assistant Data,"Security and privacy, Human-centered computing","Human and societal aspects of security and privacy, Human computer interaction (HCI)"
'Understanding_Help_Seeking_and_Help_Giving_on_Social_Media_for_Image_Based_Sexual_Abuse,Understanding Help Seeking and Help Giving on Social Media for Image Based Sexual Abuse,"Security and privacy, Human-centered computing","Human and societal aspects of security and privacy, Collaborative and social computing"
'Understanding_How_to_Inform_Blind_and_Low_Vision_Users_about_Data_Privacy_through_Privacy_Question_Answering_Assistants,Understanding How to Inform Blind and Low Vision Users about Data Privacy through Privacy Question Answering Assistants,"Security and privacy, Human-centered computing","Human and societal aspects of security and privacy, Accessibility"
'Understanding_iOS_based_Crowdturfing_Through_Hidden_UI_Analysis,Understanding iOS based Crowdturfing Through Hidden UI Analysis,"Security and privacy, Human-centered computing","Systems security, Ubiquitous and mobile computing"
'Understanding_Malicious_Cross_library_Data_Harvesting_on_Android,Understanding Malicious Cross library Data Harvesting on Android,"Security and privacy, Human-centered computing","Intrusion/anomaly detection and malware mitigation, Ubiquitous and mobile computing"
'Understanding_Open_Ports_in_Android_Applications_Discovery_Diagnosis_and_Security_Assessment,Understanding Open Ports in Android Applications Discovery Diagnosis and Security Assessment,Security and privacy,"Network security, Software and application security"
'Understanding_security_mistakes_developers_make_Qualitative_analysis_from_Build_It_Break_It_Fix_It,Understanding security mistakes developers make Qualitative analysis from Build It Break It Fix It,Security and privacy,"Human and societal aspects of security and privacy, Software and application security"
'Understanding_the_Efficacy_of_Phishing_Training_in_Practice,Understanding the Efficacy of Phishing Training in Practice,"Security and privacy, Social and professional topics","Human and societal aspects of security and privacy, Computing / technology policy"
'Understanding_the_Growth_and_Security_Considerations_of_ECS,Understanding the Growth and Security Considerations of ECS,"Security and privacy, Networks","Human and societal aspects of security and privacy, Network protocols"
'Understanding_the_Implementation_and_Security_Implications_of_Protective_DNS_Services,Understanding the Implementation and Security Implications of Protective DNS Services,"Security and privacy, Networks","Network security, Network services"
'Understanding_the_InSecurity_of_Cross-side_Face_Verification_Systems_in_Mobile_Apps_A_System_Perspective,Understanding the InSecurity of Cross side Face Verification Systems in Mobile Apps A System Perspective,"Security and privacy, Computing methodologies","Software and application security, Artificial intelligence"
'Understanding_the_Mirai_Botnet,Understanding the Mirai Botnet,"Security and privacy, Networks","Intrusion/anomaly detection and malware mitigation, Network performance evaluation"
'Understanding_the_Reproducibility_of_Crowd_reported_Security_Vulnerabilities,Understanding the Reproducibility of Crowd reported Security Vulnerabilities,"Security and privacy, Information systems","Systems security, World Wide Web"
'Understanding_Users_Security_and_Privacy_Concerns_and_Attitudes_Towards_Conversational_AI_Platforms,Understanding Users Security and Privacy Concerns and Attitudes Towards Conversational AI Platforms,"Security and privacy, Human-centered computing","Human and societal aspects of security and privacy, Human computer interaction (HCI)"
'Understanding_Worldwide_Private_Information_Collection_on_Android,Understanding Worldwide Private Information Collection on Android,"Security and privacy, Human-centered computing","Human and societal aspects of security and privacy, Ubiquitous and mobile computing"
'Understand_Users_Privacy_Perception_and_Decision_of_V2X_Communication_in_Connected_Autonomous_Vehicles,Understand Users Privacy Perception and Decision of V2X Communication in Connected Autonomous Vehicles,"Security and privacy, Human-centered computing","Human and societal aspects of security and privacy, Human computer interaction (HCI)"
'Under_the_Hood_of_DANE_Mismanagement_in_SMTP,Under the Hood of DANE Mismanagement in SMTP,"Security and privacy, Networks","Network security, Network protocols"
'Unearthing Stealthy Program Attacks Buried in Extremely Long Execution Paths.,Unearthing Stealthy Program Attacks Buried in Extremely Long Execution Paths.,"Security and privacy, Computing methodologies","Intrusion/anomaly detection and malware mitigation, Machine learning"
'Unforgeability in Stochastic Gradient Descent,Unforgeability in Stochastic Gradient Descent,"Security and privacy, Computing methodologies","Software and application security, Symbolic and algebraic manipulation, Machine learning"
'UnGANable_Defending_Against_GAN_based_Face_Manipulation,UnGANable Defending Against GAN based Face Manipulation,"Security and privacy, Computing methodologies","Software and application security, Machine learning"
'Unicorn_Runtime_Provenance_Based_Detector_for_Advanced_Persistent_Threats,Unicorn Runtime Provenance Based Detector for Advanced Persistent Threats,"Security and privacy, Information systems","Intrusion/anomaly detection and malware mitigation, Data management systems"
'UniID_Spoofing_Face_Authentication_System_by_Universal_Identity,UniID Spoofing Face Authentication System by Universal Identity,"Security and privacy, Computing methodologies","Security services, Artificial intelligence"
'Uninvited_Guests_Analyzing_the_Identity_and_Behavior_of_Certificate_Transparency_Bots,Uninvited Guests Analyzing the Identity and Behavior of Certificate Transparency Bots,"Security and privacy, Information systems","Intrusion/anomaly detection and malware mitigation, World Wide Web"
'Union_under_Duress_Understanding_Hazards_of_Duplicate_Resource_Mismediation_in_Android_Software_Supply_Chain,Union under Duress Understanding Hazards of Duplicate Resource Mismediation in Android Software Supply Chain,"Security and privacy, Software and its engineering","Software and application security, Software creation and management"
'Unique_Identification_of_50_000_Virtual_Reality_Users_from_Head_Hand_Motion_Data,Unique Identification of 50 000 Virtual Reality Users from Head Hand Motion Data,"Security and privacy, Computing methodologies","Security services, Artificial intelligence"
'United We Stand Collaborative Detection and Mitigation of Amplification DDoS Attacks at Scale,United We Stand Collaborative Detection and Mitigation of Amplification DDoS Attacks at Scale,Security and privacy,Network security
'Universal_3-Dimensional_Perturbations_for_Black-Box_Attacks_on_Video_Recognition_Systems,Universal 3 Dimensional Perturbations for Black Box Attacks on Video Recognition Systems,"Security and privacy, Computing methodologies","Software and application security, Machine learning"
'Unleashing the Power of Generative Model in Recovering Variable Names from Stripped Binary,Unleashing the Power of Generative Model in Recovering Variable Names from Stripped Binary,"Security and privacy, Computing methodologies","Software and application security, Machine learning"
'Unleash_the_Simulacrum_Shifting_Browser_Realities_for_Robust_Extension_Fingerprinting_Prevention,Unleash the Simulacrum Shifting Browser Realities for Robust Extension Fingerprinting Prevention,"Security and privacy, Information systems","Systems security, World Wide Web"
'UnMarker_A_Universal_Attack_on_Defensive_Image_Watermarking,UnMarker A Universal Attack on Defensive Image Watermarking,"Security and privacy, Computing methodologies","Systems security, Machine learning"
'Unpacking_Privacy_Labels_A_Measurement_and_Developer_Perspective_on_Googles_Data_Safety_Section,Unpacking Privacy Labels A Measurement and Developer Perspective on Googles Data Safety Section,"Security and privacy, Human-centered computing","Human and societal aspects of security and privacy, Human computer interaction (HCI)"
'Unraveling the Connections between Privacy and Certified Robustness in Federated Learning Against Poisoning Attacks,Unraveling the Connections between Privacy and Certified Robustness in Federated Learning Against Poisoning Attacks,Security and privacy,"Formal methods and theory of security, Systems security, Security services"
'Unsafe Diffusion On the Generation of Unsafe Images and Hateful Memes From Text-To-Image Models,Unsafe Diffusion On the Generation of Unsafe Images and Hateful Memes From Text To Image Models,Security and privacy,Human and societal aspects of security and privacy
'Untangle_Multi_Layer_Web_Server_Fingerprinting,Untangle Multi Layer Web Server Fingerprinting,"Security and privacy, Information systems","Systems security, World Wide Web"
'UntrustIDE_Exploiting_Weaknesses_in_VS_Code_Extensions,UntrustIDE Exploiting Weaknesses in VS Code Extensions,"Security and privacy, Software and its engineering","Software and application security, Software notations and tools"
'Unus_pro_omnibus_Multi_Client_Searchable_Encryption_via_Access_Control,Unus pro omnibus Multi Client Searchable Encryption via Access Control,Security and privacy,"Database and storage security, Cryptography"
'Unveiling_and_Quantifying_Facebook_Exploitation_of_Sensitive_Personal_Data_for_Advertising_Purposes,Unveiling and Quantifying Facebook Exploitation of Sensitive Personal Data for Advertising Purposes,"Security and privacy, Information systems","Human and societal aspects of security and privacy, Information systems applications"
'Unveiling_IoT_Security_in_Reality_A_Firmware_Centric_Journey,Unveiling IoT Security in Reality A Firmware Centric Journey,"Security and privacy, Computer systems organization","Systems security, Embedded and cyber-physical systems"
'Unveiling_the_Hunter_Gatherers_Exploring_Threat_Hunting_Practices_and_Challenges_in_Cyber_Defense,Unveiling the Hunter Gatherers Exploring Threat Hunting Practices and Challenges in Cyber Defense,Security and privacy,"Intrusion/anomaly detection and malware mitigation, Human and societal aspects of security and privacy"
'Unveiling_the_Secrets_without_Data_Can_Graph_Neural_Networks_Be_Exploited_through_Data_Free_Model_Extraction_Attacks,Unveiling the Secrets without Data Can Graph Neural Networks Be Exploited through Data Free Model Extraction Attacks,"Security and privacy, Computing methodologies","Software and application security, Machine learning"
'Unveiling_your_keystrokes_A_Cache_based_Side_channel_Attack_on_Graphics_Libraries,Unveiling your keystrokes A Cache based Side channel Attack on Graphics Libraries,"Security and privacy, Computing methodologies","Security in hardware, Computer graphics"
'UNVEIL_A_Large_Scale_Automated_Approach_to_Detecting_Ransomware,UNVEIL A Large Scale Automated Approach to Detecting Ransomware,Security and privacy,Intrusion/anomaly detection and malware mitigation
'Un_Rocking_Drones_Foundations_of_Acoustic_Injection_Attacks_and_Recovery_Thereof,Un Rocking Drones Foundations of Acoustic Injection Attacks and Recovery Thereof,"Security and privacy, Computer systems organization","Security in hardware, Embedded and cyber-physical systems"
'Updates_Leak_Data_Set_Inference_and_Reconstruction_Attacks_in_Online_Learning,Updates Leak Data Set Inference and Reconstruction Attacks in Online Learning,"Security and privacy, Computing methodologies","Database and storage security, Machine learning"
'URET_Universal_Robustness_Evaluation_Toolkit_for_Evasion,URET Universal Robustness Evaluation Toolkit for Evasion,"Security and privacy, Computing methodologies","Intrusion/anomaly detection and malware mitigation, Machine learning"
'URVFL Undetectable Data Reconstruction Attack on Vertical Federated Learning,URVFL Undetectable Data Reconstruction Attack on Vertical Federated Learning,"Security and privacy, Computing methodologies","Security services, Machine learning"
'Usable User Authentication on a Smartwatch using Vibration.,Usable User Authentication on a Smartwatch using Vibration.,Computing methodologies,Artificial intelligence
'Usage Patterns of Privacy-Enhancing Technologies.,Usage Patterns of Privacy Enhancing Technologies.,Security and privacy,Human and societal aspects of security and privacy
'Use Privacy in Data-Driven Systems,Use Privacy in Data Driven Systems,Security and privacy,Human and societal aspects of security and privacy
'Using Reflexive Eye Movements for Fast Challenge-Response Authentication.,Using Reflexive Eye Movements for Fast Challenge Response Authentication.,"Security and privacy, Computing methodologies","Security services, Artificial intelligence"
'Using_Fully_Homomorphic_Encryption_for_Statistical_Analysis_of_Categorical_Ordinal_and_Numerical_Data,Using Fully Homomorphic Encryption for Statistical Analysis of Categorical Ordinal and Numerical Data,Security and privacy,"Cryptography, Database and storage security"
'Using_My_Functions_Should_Follow_My_Checks_Understanding_and_Detecting_Insecure_OpenZeppelin_Code_in_Smart_Contracts,Using My Functions Should Follow My Checks Understanding and Detecting Insecure OpenZeppelin Code in Smart Contracts,"Security and privacy, Software and its engineering","Software and application security, Software organization and properties"
'Utility-Aware Synthesis of Differentially Private and Attack-Resilient Location Traces.,Utility Aware Synthesis of Differentially Private and Attack Resilient Location Traces.,Security and privacy,"Security services, Database and storage security"
'Utility_Optimized_Local_Differential_Privacy_Mechanisms_for_Distribution_Estimation,Utility Optimized Local Differential Privacy Mechanisms for Distribution Estimation,"Security and privacy, Mathematics of computing","Security services, Probability and statistics"
'UVSCAN_Detecting_Third_Party_Component_Usage_Violations_in_IoT_Firmware,UVSCAN Detecting Third Party Component Usage Violations in IoT Firmware,"Security and privacy, Computer systems organization","Systems security, Embedded and cyber-physical systems"
'V-ORAM A Versatile and Adaptive ORAM Framework with Service Transformation for Dynamic Workloads,V ORAM A Versatile and Adaptive ORAM Framework with Service Transformation for Dynamic Workloads,Security and privacy,"Database and storage security, Cryptography"
'V0Finder_Discovering_the_Correct_Origin_of_Publicly_Reported_Software_Vulnerabilities,V0Finder Discovering the Correct Origin of Publicly Reported Software Vulnerabilities,"Security and privacy, Software and its engineering","Systems security, Software organization and properties"
'V1SCAN_Discovering_1_day_Vulnerabilities_in_Reused_CC_Open_source_Software_Components_Using_Code_Classification_Techniques,V1SCAN Discovering 1 day Vulnerabilities in Reused CC Open source Software Components Using Code Classification Techniques,"Security and privacy, Software and its engineering","Systems security, Software creation and management"
'VAHunt_ Warding Off New Repackaged Android Malware in App-Virtualization's Clothing.,VAHunt Warding Off New Repackaged Android Malware in App Virtualization's Clothing.,Social and professional topics,Computing / technology policy
'VCCFinder_ Finding Potential Vulnerabilities in Open-Source Projects to Assist Code Audits.,VCCFinder Finding Potential Vulnerabilities in Open Source Projects to Assist Code Audits.,"Security and privacy, Software and its engineering","Software and application security, Software organization and properties"
'Velody_ Nonlinear Vibration Challenge-Response for Resilient User Authentication.,Velody Nonlinear Vibration Challenge Response for Resilient User Authentication.,Security and privacy,Security services
'VeriBin Adaptive Verification of Patches at the Binary Level,VeriBin Adaptive Verification of Patches at the Binary Level,"Security and privacy, Software and its engineering","Software and application security, Software organization and properties"
'Verifiable Learning for Robust Tree Ensembles_1,Verifiable Learning for Robust Tree Ensembles 1,"Theory of computation, Security and privacy, Computing methodologies","Design and analysis of algorithms, Formal methods and theory of security, Machine learning"
'Verifiable_Boosted_Tree_Ensembles,Verifiable Boosted Tree Ensembles,"Security and privacy, Computing methodologies","Formal methods and theory of security, Machine learning"
'Verifying and Synthesizing Constant-Resource Implementations with Types.,Verifying and Synthesizing Constant Resource Implementations with Types.,"Security and privacy, Software and its engineering","Formal methods and theory of security, Software organization and properties"
'Verify_your_Labels_Trustworthy_Predictions_and_Datasets_via_Confidence_Scores,Verify your Labels Trustworthy Predictions and Datasets via Confidence Scores,"Security and privacy, Computing methodologies","Intrusion/anomaly detection and malware mitigation, Machine learning"
'VERISMART_A_Highly_Precise_Safety_Verifier_for_Ethereum_Smart_Contracts,VERISMART A Highly Precise Safety Verifier for Ethereum Smart Contracts,"Security and privacy, Software and its engineering","Formal methods and theory of security, Software organization and properties"
'VERITAS Plaintext Encoders for Practical Verifiable Homomorphic Encryption,VERITAS Plaintext Encoders for Practical Verifiable Homomorphic Encryption,Security and privacy,Cryptography
'VerLoc_Verifiable_Localization_in_Decentralized_Systems,VerLoc Verifiable Localization in Decentralized Systems,"Security and privacy, Networks","Systems security, Network protocols"
'VETEOS_Statically_Vetting_EOSIO_Contracts_for_the_Groundhog_Day_Vulnerabilities,VETEOS Statically Vetting EOSIO Contracts for the Groundhog Day Vulnerabilities,"Security and privacy, Software and its engineering","Software and application security, Software organization and properties"
'Vetting_Single_Sign_On_SDK_Implementations_via_Symbolic_Reasoning,Vetting Single Sign On SDK Implementations via Symbolic Reasoning,"Security and privacy, Software and its engineering","Formal methods and theory of security, Software organization and properties"
'VibSpeech_Exploring_Practical_Wideband_Eavesdropping_via_Bandlimited_Signal_of_Vibration_based_Side_Channel,VibSpeech Exploring Practical Wideband Eavesdropping via Bandlimited Signal of Vibration based Side Channel,"Security and privacy, Computing methodologies","Security in hardware, Machine learning"
'Viden Attacker Identification on In-Vehicle Networks.,Viden Attacker Identification on In Vehicle Networks.,Security and privacy,Security in hardware
'VILLAIN_Backdoor_Attacks_Against_Vertical_Split_Learning,VILLAIN Backdoor Attacks Against Vertical Split Learning,"Security and privacy, Computing methodologies","Software and application security, Machine learning"
'VIPER_Spotting_Syscall_Guard_Variables_for_Data_Only_Attacks,VIPER Spotting Syscall Guard Variables for Data Only Attacks,"Security and privacy, Software and its engineering","Systems security, Software organization and properties"
'Virtual_U_Defeating_Face_Liveness_Detection_by_Building_Virtual_Models_from_Your_Public_Photos,Virtual U Defeating Face Liveness Detection by Building Virtual Models from Your Public Photos,"Security and privacy, Computing methodologies","Security services, Artificial intelligence"
'VISIBLE_Video_Assisted_Keystroke_Inference_from_Tablet_Backside_Motion,VISIBLE Video Assisted Keystroke Inference from Tablet Backside Motion,"Security and privacy, Computing methodologies","Security services, Machine learning"
'Visor_Privacy_Preserving_Video_Analytics_as_a_Cloud_Service,Visor Privacy Preserving Video Analytics as a Cloud Service,"Security and privacy, Computing methodologies","Security services, Artificial intelligence"
'VisualPhishNet Zero-Day Phishing Website Detection by Visual Similarity.,VisualPhishNet Zero Day Phishing Website Detection by Visual Similarity.,"Security and privacy, Computing methodologies, Social and professional topics","Software and application security, Machine learning, Computing / technology policy"
'VMHunt A Verifiable Approach to Partially-Virtualized Binary Code Simplification.,VMHunt A Verifiable Approach to Partially Virtualized Binary Code Simplification.,Social and professional topics,Computing / technology policy
'VMud Detecting Recurring Vulnerabilities with Multiple Fixing Functions via Function Selection and Semantic Equivalent Statement Matching,VMud Detecting Recurring Vulnerabilities with Multiple Fixing Functions via Function Selection and Semantic Equivalent Statement Matching,"Security and privacy, Software and its engineering","Software and application security, Systems security, Software notations and tools"
'vNIDS_ Towards Elastic Security with Safe and Efficient Virtualization of Network Intrusion Detection Systems.,vNIDS Towards Elastic Security with Safe and Efficient Virtualization of Network Intrusion Detection Systems.,Security and privacy,"Intrusion/anomaly detection and malware mitigation, Systems security"
'VOGUES_Validation_of_Object_Guise_using_Estimated_Components,VOGUES Validation of Object Guise using Estimated Components,"Security and privacy, Computing methodologies","Intrusion/anomaly detection and malware mitigation, Machine learning"
'VoiceRadar Voice Deepfake Detection using Micro-Frequency and Compositional Analysis,VoiceRadar Voice Deepfake Detection using Micro Frequency and Compositional Analysis,"Security and privacy, Computing methodologies","Intrusion/anomaly detection and malware mitigation, Machine learning"
'VoiceWukong Benchmarking Deepfake Voice Detection,VoiceWukong Benchmarking Deepfake Voice Detection,"Security and privacy, Computing methodologies","Security services, Machine learning"
'Voice_App_Developer_Experiences_with_Alexa_and_Google_Assistant_Juggling_Risks_Liability_and_Security,Voice App Developer Experiences with Alexa and Google Assistant Juggling Risks Liability and Security,Security and privacy,"Human and societal aspects of security and privacy, Software and application security"
'Void_A_fast_and_light_voice_liveness_detection_system,Void A fast and light voice liveness detection system,"Security and privacy, Computing methodologies","Security services, Artificial intelligence"
'Voluntary Investment Mandatory Minimums or Cyber Insurance What Minimizes Losses,Voluntary Investment Mandatory Minimums or Cyber Insurance What Minimizes Losses,"Security and privacy, Social and professional topics","Human and societal aspects of security and privacy, Computing / technology policy"
'Voting-Bloc Entropy A New Metric for DAO Decentralization,Voting Bloc Entropy A New Metric for DAO Decentralization,"Security and privacy, Computing methodologies","Human and societal aspects of security and privacy, Machine learning"
'vSQL Verifying Arbitrary SQL Queries over Dynamic Outsourced Databases.,vSQL Verifying Arbitrary SQL Queries over Dynamic Outsourced Databases.,"Security and privacy, Information systems","Database and storage security, Data management systems"
'VUDDY_A_Scalable_Approach_for_Vulnerable_Code_Clone_Discovery,VUDDY A Scalable Approach for Vulnerable Code Clone Discovery,"Security and privacy, Software and its engineering","Software and application security, Software organization and properties"
'VulChecker_Graph_based_Vulnerability_Localization_in_Source_Code,VulChecker Graph based Vulnerability Localization in Source Code,"Security and privacy, Software and its engineering","Software and application security, Software organization and properties"
'VulDeePecker_A_Deep_Learning_Based_System_for_Vulnerability_Detection,VulDeePecker A Deep Learning Based System for Vulnerability Detection,"Security and privacy, Computing methodologies","Systems security, Machine learning"
'VulHawk_Cross_architecture_Vulnerability_Detection_with_Entropy_based_Binary_Code_Search,VulHawk Cross architecture Vulnerability Detection with Entropy based Binary Code Search,"Security and privacy, Computing methodologies","Software and application security, Machine learning"
'Vulnerability Where Art Thou An Investigation of Vulnerability Management in Android Smartphone Chipsets,Vulnerability Where Art Thou An Investigation of Vulnerability Management in Android Smartphone Chipsets,Security and privacy,"Systems security, Security in hardware"
'Vulnerability_Disclosure_in_the_Age_of_Social_Media_Exploiting_Twitter_for_Predicting_Real_World_Exploits,Vulnerability Disclosure in the Age of Social Media Exploiting Twitter for Predicting Real World Exploits,"Security and privacy, Computing methodologies","Intrusion/anomaly detection and malware mitigation, Machine learning"
'Vulnerability_oriented_Testing_for_RESTful_APIs,Vulnerability oriented Testing for RESTful APIs,"Security and privacy, Software and its engineering","Software and application security, Software creation and management"
'Vulnerable Implicit Service_ A Revisit.,Vulnerable Implicit Service A Revisit.,Security and privacy,"Systems security, Software and application security"
'VulShield Protecting Vulnerable Code Before Deploying Patches,VulShield Protecting Vulnerable Code Before Deploying Patches,"Security and privacy, Software and its engineering","Systems security, Software organization and properties"
'VulSim_Leveraging_Similarity_of_Multi_Dimensional_Neighbor_Embeddings_for_Vulnerability_Detection,VulSim Leveraging Similarity of Multi Dimensional Neighbor Embeddings for Vulnerability Detection,"Security and privacy, Computing methodologies","Software and application security, Machine learning"
'VUzzer_Application_aware_Evolutionary_Fuzzing,VUzzer Application aware Evolutionary Fuzzing,"Security and privacy, Software and its engineering","Software and application security, Software creation and management"
'V_Cloak_Intelligibility_Naturalness_Timbre_Preserving_Real_Time_Voice_Anonymization,V Cloak Intelligibility Naturalness Timbre Preserving Real Time Voice Anonymization,"Security and privacy, Computing methodologies","Security services, Machine learning"
'walk2friends Inferring Social Links from Mobility Profiles.,walk2friends Inferring Social Links from Mobility Profiles.,"Security and privacy, Computing methodologies","Human and societal aspects of security and privacy, Machine learning"
'Walkie_Talkie_An_Efficient_Defense_Against_Passive_Website_Fingerprinting_Attacks,Walkie Talkie An Efficient Defense Against Passive Website Fingerprinting Attacks,Security and privacy,"Network security, Security services"
'Wallbleed A Memory Disclosure Vulnerability in the Great Firewall of China,Wallbleed A Memory Disclosure Vulnerability in the Great Firewall of China,Security and privacy,"Network security, Systems security"
'Waltzz WebAssembly Runtime Fuzzing with Stack-Invariant Transformation,Waltzz WebAssembly Runtime Fuzzing with Stack Invariant Transformation,"Security and privacy, Software and its engineering","Systems security, Software organization and properties"
'Warmonger Inflicting Denial-of-Service via Serverless Functions in the Cloud.,Warmonger Inflicting Denial of Service via Serverless Functions in the Cloud.,"Security and privacy, Software and its engineering","Network security, Software organization and properties"
'Warning_The_Timeout_T_Cannot_Protect_You_From_Losing_Coins_PipeSwap_Forcing_the_Timely_Release_of_a_Secret_for_Atomic_Cross-Chain_Swaps,Warning The Timeout T Cannot Protect You From Losing Coins PipeSwap Forcing the Timely Release of a Secret for Atomic Cross Chain Swaps,Security and privacy,"Cryptography, Formal methods and theory of security"
'Watch Out for Race Condition Attacks When Using Android External Storage,Watch Out for Race Condition Attacks When Using Android External Storage,Security and privacy,Software and application security
'Watch the Watchers On the Security Risks of Robustness-Enhancing Diffusion Models,Watch the Watchers On the Security Risks of Robustness Enhancing Diffusion Models,"Security and privacy, Computing methodologies","Software and application security, Machine learning"
'Watch Your Back Identifying Cybercrime Financial Relationships in Bitcoin through Back-and-Forth Exploration,Watch Your Back Identifying Cybercrime Financial Relationships in Bitcoin through Back and Forth Exploration,Security and privacy,Intrusion/anomaly detection and malware mitigation
'Watching You Watch_ The Tracking Ecosystem of Over-the-Top TV Streaming Devices.,Watching You Watch The Tracking Ecosystem of Over the Top TV Streaming Devices.,Security and privacy,Human and societal aspects of security and privacy
'Watching_the_watchers_bias_and_vulnerability_in_remote_proctoring_software,Watching the watchers bias and vulnerability in remote proctoring software,Security and privacy,"Software and application security, Human and societal aspects of security and privacy"
'Watching_the_Watchers_Practical_Video_Identification_Attack_in_LTE_Networks,Watching the Watchers Practical Video Identification Attack in LTE Networks,"Security and privacy, Networks","Network security, Network types"
'Watch_your_Watch_Inferring_Personality_Traits_from_Wearable_Activity_Trackers,Watch your Watch Inferring Personality Traits from Wearable Activity Trackers,"Security and privacy, Computing methodologies","Human and societal aspects of security and privacy, Machine learning"
'WATSON_Abstracting_Behaviors_from_Audit_Logs_via_Aggregation_of_Contextual_Semantics,WATSON Abstracting Behaviors from Audit Logs via Aggregation of Contextual Semantics,"Security and privacy, Computing methodologies","Intrusion/anomaly detection and malware mitigation, Machine learning"
'WaveGuard_Understanding_and_Mitigating_Audio_Adversarial_Examples,WaveGuard Understanding and Mitigating Audio Adversarial Examples,"Security and privacy, Computing methodologies","Intrusion/anomaly detection and malware mitigation, Machine learning"
'WAVEN WebAssembly Memory Virtualization for Enclaves,WAVEN WebAssembly Memory Virtualization for Enclaves,"Security and privacy, Software and its engineering","Systems security, Software organization and properties"
'We Have a Package for You A Comprehensive Analysis of Package Hallucinations by Code Generating LLMs,We Have a Package for You A Comprehensive Analysis of Package Hallucinations by Code Generating LLMs,"Security and privacy, Computing methodologies","Software and application security, Machine learning"
'Weaponizing_Middleboxes_for_TCP_Reflected_Amplification,Weaponizing Middleboxes for TCP Reflected Amplification,"Security and privacy, Networks","Network security, Network components"
'Web Execution Bundles Reproducible Accurate and Archivable Web Measurements,Web Execution Bundles Reproducible Accurate and Archivable Web Measurements,"Security and privacy, Information systems","Software and application security, World Wide Web"
'WebGraph_Capturing_Advertising_and_Tracking_Information_Flows_for_Robust_Blocking,WebGraph Capturing Advertising and Tracking Information Flows for Robust Blocking,"Security and privacy, Information systems","Systems security, World Wide Web"
'WEBRR_A_Forensic_System_for_Replaying_and_Investigating_Web_Based_Attacks_in_The_Modern_Web,WEBRR A Forensic System for Replaying and Investigating Web Based Attacks in The Modern Web,"Security and privacy, Information systems","Software and application security, World Wide Web"
'Website_Fingerprinting_at_Internet_Scale,Website Fingerprinting at Internet Scale,"Security and privacy, Information systems","Security services, World Wide Web"
'Website_Targeted_False_Content_Injection_by_Network_Operators,Website Targeted False Content Injection by Network Operators,"Security and privacy, Information systems","Network security, World Wide Web"
'WebWitness_Investigating_Categorizing_and_Mitigating_Malware_Download_Paths,WebWitness Investigating Categorizing and Mitigating Malware Download Paths,"Security and privacy, Information systems","Intrusion/anomaly detection and malware mitigation, World Wide Web"
'Web_Cache_Deception_Escalates,Web Cache Deception Escalates,"Security and privacy, Information systems","Software and application security, World Wide Web"
'Welcome to Jurassic Park A Comprehensive Study of Security Risks in Deno and its Ecosystem,Welcome to Jurassic Park A Comprehensive Study of Security Risks in Deno and its Ecosystem,"Security and privacy, Software and its engineering","Systems security, Software creation and management"
'We_cant_Allow_IoT_Vendors_to_Pass_off_all_Such_Liability_to_the_Consumer_Investigating_the_U.S._Legal_Perspectives_on_Liability_for_IoT_Product_Security,We cant Allow IoT Vendors to Pass off all Such Liability to the Consumer Investigating the U.S. Legal Perspectives on Liability for IoT Product Security,"Security and privacy, Applied computing","Human and societal aspects of security and privacy, Law, social and behavioral sciences"
'We_Value_Your_Privacy_Now_Take_Some_Cookies_Measuring_the_GDPRs_Impact_on_Web_Privacy,We Value Your Privacy Now Take Some Cookies Measuring the GDPRs Impact on Web Privacy,"Security and privacy, Information systems","Human and societal aspects of security and privacy, World Wide Web"
'What Else is Revealed by Order-Revealing Encryption,What Else is Revealed by Order Revealing Encryption,Security and privacy,"Cryptography, Database and storage security"
'What Your Firmware Tells You Is Not How You Should Emulate It A Specification-Guided Approach for Firmware Emulation,What Your Firmware Tells You Is Not How You Should Emulate It A Specification Guided Approach for Firmware Emulation,Security and privacy,Software and application security
'Whats Done Is Not Whats Claimed Detecting and Interpreting Inconsistencies in App Behaviors,Whats Done Is Not Whats Claimed Detecting and Interpreting Inconsistencies in App Behaviors,"Security and privacy, Human-centered computing","Software and application security, Ubiquitous and mobile computing"
'Whats_in_a_Name_Exploring_CA_Certificate_Control,Whats in a Name Exploring CA Certificate Control,"Security and privacy, Information systems","Security services, World Wide Web"
'What_Are_the_Chances_Explaining_the_Epsilon_Parameter_in_Differential_Privacy,What Are the Chances Explaining the Epsilon Parameter in Differential Privacy,"Security and privacy, Human-centered computing","Human and societal aspects of security and privacy, Human computer interaction (HCI)"
'What_Are_You_Searching_For_A_Remote_Keylogging_Attack_on_Search_Engine_Autocomplete,What Are You Searching For A Remote Keylogging Attack on Search Engine Autocomplete,"Security and privacy, Information systems","Network security, World Wide Web"
'What_do_you_want_from_theory_alone_Experimenting_with_Tight_Auditing_of_Differentially_Private_Synthetic_Data_Generation,What do you want from theory alone Experimenting with Tight Auditing of Differentially Private Synthetic Data Generation,"Security and privacy, Theory of computation","Database and storage security, Theory and algorithms for application domains"
'What_IF_Is_Not_Enough_Fixing_Null_Pointer_Dereference_With_Contextual_Check,What IF Is Not Enough Fixing Null Pointer Dereference With Contextual Check,"Security and privacy, Software and its engineering","Software and application security, Software organization and properties"
'What_the_App_is_That_Deception_and_Countermeasures_in_the_Android_User_Interface,What the App is That Deception and Countermeasures in the Android User Interface,"Security and privacy, Human-centered computing","Intrusion/anomaly detection and malware mitigation, Human computer interaction (HCI)"
'What_Twitter_Knows_Characterizing_Ad_Targeting_Practices_User_Perceptions_and_Ad_Explanations_Through_Users_Own_Twitter_Data,What Twitter Knows Characterizing Ad Targeting Practices User Perceptions and Ad Explanations Through Users Own Twitter Data,"Security and privacy, Human-centered computing","Human and societal aspects of security and privacy, Human computer interaction (HCI)"
'What_Was_Your_Prompt_A_Remote_Keylogging_Attack_on_AI_Assistants,What Was Your Prompt A Remote Keylogging Attack on AI Assistants,"Security and privacy, Computing methodologies","Network security, Artificial intelligence"
'What_We_Talk_About_When_We_Talk_About_Logs_Understanding_the_Effects_of_Dataset_Quality_on_Endpoint_Threat_Detection_Research,What We Talk About When We Talk About Logs Understanding the Effects of Dataset Quality on Endpoint Threat Detection Research,"Security and privacy, Computing methodologies","Intrusion/anomaly detection and malware mitigation, Machine learning"
'What_You_See_is_Not_What_the_Network_Infers_Detecting_Adversarial_Examples_Based_on_Semantic_Contradiction,What You See is Not What the Network Infers Detecting Adversarial Examples Based on Semantic Contradiction,"Security and privacy, Computing methodologies","Intrusion/anomaly detection and malware mitigation, Machine learning"
'When CSI Meets Public WiFi Inferring Your Mobile Phone Password via WiFi Signals.,When CSI Meets Public WiFi Inferring Your Mobile Phone Password via WiFi Signals.,"Security and privacy, Human-centered computing","Network security, Ubiquitous and mobile computing"
'When Free Tier Becomes Free to Enter A Non-Intrusive Way to Identify Security Cameras with no Cloud Subscription,When Free Tier Becomes Free to Enter A Non Intrusive Way to Identify Security Cameras with no Cloud Subscription,Security and privacy,Network security
'When Good Becomes Evil Keystroke Inference with Smartwatch.,When Good Becomes Evil Keystroke Inference with Smartwatch.,"Security and privacy, Human-centered computing","Security in hardware, Ubiquitous and mobile computing"
'When the Differences in Frequency Domain are Compensated_ Understanding and Defeating Modulated Replay Attacks on Automatic Speech Recognition.,When the Differences in Frequency Domain are Compensated Understanding and Defeating Modulated Replay Attacks on Automatic Speech Recognition.,"Security and privacy, Human-centered computing","Security in hardware, Human computer interaction (HCI)"
'When Translators Refuse to Translate A Novel Attack to Speech Translation Systems,When Translators Refuse to Translate A Novel Attack to Speech Translation Systems,"Security and privacy, Computing methodologies","Software and application security, Machine learning"
'When Your Fitness Tracker Betrays You Quantifying the Predictability of Biometric Features Across Contexts.,When Your Fitness Tracker Betrays You Quantifying the Predictability of Biometric Features Across Contexts.,"Security and privacy, Computing methodologies","Security services, Artificial intelligence"
'When_and_Why_Do_People_Want_Ad_Targeting_Explanations_Evidence_from_a_Four-Week_Mixed-Methods_Field_Study,When and Why Do People Want Ad Targeting Explanations Evidence from a Four Week Mixed Methods Field Study,"Security and privacy, Human-centered computing","Human and societal aspects of security and privacy, Human computer interaction (HCI)"
'When_a_Tree_Falls_Using_Diversity_in_Ensemble_Classifiers_to_Identify_Evasion_in_Malware_Detectors,When a Tree Falls Using Diversity in Ensemble Classifiers to Identify Evasion in Malware Detectors,"Security and privacy, Computing methodologies","Intrusion/anomaly detection and malware mitigation, Machine learning"
'When_Coding_Style_Survives_Compilation_De_anonymizing_Programmers_from_Executable_Binaries,When Coding Style Survives Compilation De anonymizing Programmers from Executable Binaries,"Security and privacy, Computing methodologies","Human and societal aspects of security and privacy, Machine learning"
'When_Does_Machine_Learning_FAIL_Generalized_Transferability_for_Evasion_and_Poisoning_Attacks,When Does Machine Learning FAIL Generalized Transferability for Evasion and Poisoning Attacks,"Security and privacy, Computing methodologies","Intrusion/anomaly detection and malware mitigation, Machine learning"
'When_Malware_Changed_Its_Mind_An_Empirical_Study_of_Variable_Program_Behaviors_in_the_Real_World,When Malware Changed Its Mind An Empirical Study of Variable Program Behaviors in the Real World,"Security and privacy, General and reference","Intrusion/anomaly detection and malware mitigation, Cross-computing tools and techniques"
'When_Malware_is_Packin_Heat_Limits_of_Machine_Learning_Classifiers_Based_on_Static_Analysis_Features,When Malware is Packin Heat Limits of Machine Learning Classifiers Based on Static Analysis Features,"Security and privacy, Computing methodologies","Intrusion/anomaly detection and malware mitigation, Machine learning"
'When_Sally_Met_Trackers_Web_Tracking_From_the_Users_Perspective,When Sally Met Trackers Web Tracking From the Users Perspective,"Security and privacy, Information systems","Human and societal aspects of security and privacy, World Wide Web"
'When_the_Signal_is_in_the_Noise_Exploiting_Diffixs_Sticky_Noise,When the Signal is in the Noise Exploiting Diffixs Sticky Noise,"Security and privacy, Information systems","Database and storage security, Data management systems"
'When_the_Weakest_Link_is_Strong_Secure_Collaboration_in_the_Case_of_the_Panama_Papers,When the Weakest Link is Strong Secure Collaboration in the Case of the Panama Papers,"Security and privacy, Human-centered computing","Human and societal aspects of security and privacy, Collaborative and social computing"
'Where the Wild Warnings Are_ Root Causes of Chrome HTTPS Certificate Errors.,Where the Wild Warnings Are Root Causes of Chrome HTTPS Certificate Errors.,Security and privacy,"Systems security, Network security"
'Which_Privacy_and_Security_Attributes_Most_Impact_Consumers_Risk_Perception_and_Willingness_to_Purchase_IoT_Devices,Which Privacy and Security Attributes Most Impact Consumers Risk Perception and Willingness to Purchase IoT Devices,"Security and privacy, Human-centered computing","Human and societal aspects of security and privacy, Human computer interaction (HCI)"
'WHIP_Improving_Static_Vulnerability_Detection_in_Web_Application_by_Forcing_tools_to_Collaborate,WHIP Improving Static Vulnerability Detection in Web Application by Forcing tools to Collaborate,"Security and privacy, Software and its engineering","Software and application security, Software organization and properties"
'Whispering Under the Eaves Protecting User Privacy Against Commercial and LLM-powered Automatic Speech Recognition Systems,Whispering Under the Eaves Protecting User Privacy Against Commercial and LLM powered Automatic Speech Recognition Systems,"Security and privacy, Computing methodologies","Human and societal aspects of security and privacy, Artificial intelligence"
'Who is Real Bob Adversarial Attacks on Speaker Recognition Systems,Who is Real Bob Adversarial Attacks on Speaker Recognition Systems,"Security and privacy, Computing methodologies","Security services, Machine learning"
'Whos_Calling_Characterizing_Robocalls_through_Audio_and_Metadata_Analysis,Whos Calling Characterizing Robocalls through Audio and Metadata Analysis,"Security and privacy, Computing methodologies","Intrusion/anomaly detection and malware mitigation, Machine learning"
'Whos_Hosting_the_Block_Party_Studying_Third_Party_Blockage_of_CSP_and_SRI,Whos Hosting the Block Party Studying Third Party Blockage of CSP and SRI,"Security and privacy, Information systems","Software and application security, World Wide Web"
'Whos_in_Control_of_Your_Control_System_Device_Fingerprinting_for_Cyber_Physical_Systems,Whos in Control of Your Control System Device Fingerprinting for Cyber Physical Systems,"Security and privacy, Computer systems organization","Intrusion/anomaly detection and malware mitigation, Embedded and cyber-physical systems"
'Who_Are_You_A_Statistical_Approach_to_Measuring_User_Authenticity,Who Are You A Statistical Approach to Measuring User Authenticity,"Security and privacy, Computing methodologies","Security services, Machine learning"
'Who_Are_You_I_Really_Wanna_Know_Detecting_Audio_DeepFakes_Through_Vocal_Tract_Reconstruction,Who Are You I Really Wanna Know Detecting Audio DeepFakes Through Vocal Tract Reconstruction,"Security and privacy, Computing methodologies","Intrusion/anomaly detection and malware mitigation, Machine learning"
'Who_Is_Answering_My_Queries_Understanding_and_Characterizing_Interception_of_the_DNS_Resolution_Path,Who Is Answering My Queries Understanding and Characterizing Interception of the DNS Resolution Path,"Security and privacy, Networks","Network security, Network services"
'Who_Left_Open_the_Cookie_Jar_A_Comprehensive_Evaluation_of_Third_Party_Cookie_Policies,Who Left Open the Cookie Jar A Comprehensive Evaluation of Third Party Cookie Policies,"Security and privacy, Information systems","Systems security, World Wide Web"
'Why Does Your Data Leak Uncovering the Data Leakage in Cloud from Mobile Apps.,Why Does Your Data Leak Uncovering the Data Leakage in Cloud from Mobile Apps.,Security and privacy,"Database and storage security, Software and application security"
'Why_Do_Adversarial_Attacks_Transfer_Explaining_Transferability_of_Evasion_and_Poisoning_Attacks,Why Do Adversarial Attacks Transfer Explaining Transferability of Evasion and Poisoning Attacks,"Security and privacy, Computing methodologies","Intrusion/anomaly detection and malware mitigation, Machine learning"
'Why_Eve_and_Mallory_Still_Love_Android_Revisiting_TLS_InSecurity_in_Android_Applications,Why Eve and Mallory Still Love Android Revisiting TLS InSecurity in Android Applications,Security and privacy,"Network security, Software and application security"
'Why_Older_Adults_Dont_Use_Password_Managers,Why Older Adults Dont Use Password Managers,"Security and privacy, Human-centered computing","Human and societal aspects of security and privacy, Human computer interaction (HCI)"
'Why_TLS_is_better_without_STARTTLS_A_Security_Analysis_of_STARTTLS_in_the_Email_Context,Why TLS is better without STARTTLS A Security Analysis of STARTTLS in the Email Context,"Security and privacy, Networks","Network security, Network protocols"
'Why_wouldnt_someone_think_of_democracy_as_a_target_Security_practices_challenges_of_people_involved_with_US_political_campaigns,Why wouldnt someone think of democracy as a target Security practices challenges of people involved with US political campaigns,"Security and privacy, Human-centered computing","Human and societal aspects of security and privacy, Human computer interaction (HCI)"
'WIGHT_Wired_Ghost_Touch_Attack_on_Capacitive_Touchscreens,WIGHT Wired Ghost Touch Attack on Capacitive Touchscreens,"Security and privacy, Human-centered computing","Security in hardware, Human computer interaction (HCI)"
'Wireless Charging Power Side-Channel Attacks,Wireless Charging Power Side Channel Attacks,Security and privacy,Security in hardware
'WireWatch_Measuring_the_Security_of_Proprietary_Network_Encryption_in_the_Global_Android_Ecosystem,WireWatch Measuring the Security of Proprietary Network Encryption in the Global Android Ecosystem,Security and privacy,"Network security, Cryptography"
'Withdrawing_is_believing_Detecting_Inconsistencies_between_Withdrawal_Choices_and_Third-party_Data_Collections_in_Mobile_Apps,Withdrawing is believing Detecting Inconsistencies between Withdrawal Choices and Third party Data Collections in Mobile Apps,"Security and privacy, Human-centered computing","Software and application security, Ubiquitous and mobile computing"
'Withdrawing_the_BGP_Re_Routing_Curtain_Understanding_the_Security_Impact_of_BGP_Poisoning_through_Real_World_Measurements,Withdrawing the BGP Re Routing Curtain Understanding the Security Impact of BGP Poisoning through Real World Measurements,"Security and privacy, Networks","Network security, Network protocols"
'With_Great_Power_Come_Great_Side_Channels_Statistical_Timing_Side_Channel_Analyses_with_Bounded_Type_1_Errors,With Great Power Come Great Side Channels Statistical Timing Side Channel Analyses with Bounded Type 1 Errors,"Security and privacy, Mathematics of computing","Security in hardware, Probability and statistics"
'With_Great_Training_Comes_Great_Vulnerability_Practical_Attacks_against_Transfer_Learning,With Great Training Comes Great Vulnerability Practical Attacks against Transfer Learning,"Security and privacy, Computing methodologies","Systems security, Machine learning"
'Wobfuscator_Obfuscating_JavaScript_Malware_via_Opportunistic_Translation_to_WebAssembly,Wobfuscator Obfuscating JavaScript Malware via Opportunistic Translation to WebAssembly,"Security and privacy, Software and its engineering","Intrusion/anomaly detection and malware mitigation, Software notations and tools"
'Work_From_Home_and_COVID_19_Trajectories_of_Endpoint_Security_Management_in_a_Security_Operations_Center,Work From Home and COVID 19 Trajectories of Endpoint Security Management in a Security Operations Center,Security and privacy,"Human and societal aspects of security and privacy, Intrusion/anomaly detection and malware mitigation"
'WPSE_Fortifying_Web_Protocols_via_Browser_Side_Security_Monitoring,WPSE Fortifying Web Protocols via Browser Side Security Monitoring,Security and privacy,"Systems security, Formal methods and theory of security"
'WristPrint Characterizing User Re-identification Risks from Wristworn Accelerometry Data,WristPrint Characterizing User Re identification Risks from Wristworn Accelerometry Data,"Security and privacy, Human-centered computing","Human and societal aspects of security and privacy, Ubiquitous and mobile computing"
'WTAGRAPH_Web_Tracking_and_Advertising_Detection_using_Graph_Neural_Networks,WTAGRAPH Web Tracking and Advertising Detection using Graph Neural Networks,"Security and privacy, Computing methodologies","Human and societal aspects of security and privacy, Machine learning"
'XDA_Accurate_Robust_Disassembly_with_Transfer_Learning,XDA Accurate Robust Disassembly with Transfer Learning,"Security and privacy, Computing methodologies","Software and application security, Machine learning"
'XDRI_Attacks_and_How_to_Enhance_Resilience_of_Residential_Routers,XDRI Attacks and How to Enhance Resilience of Residential Routers,"Security and privacy, Networks","Network security, Network components"
'XFL_Naming_Functions_in_Binaries_with_Extreme_Multi-label_Learning,XFL Naming Functions in Binaries with Extreme Multi label Learning,"Security and privacy, Computing methodologies","Software and application security, Machine learning"
'xNIDS_Explaining_Deep_Learning_based_Network_Intrusion_Detection_Systems_for_Active_Intrusion_Responses,xNIDS Explaining Deep Learning based Network Intrusion Detection Systems for Active Intrusion Responses,"Security and privacy, Computing methodologies","Intrusion/anomaly detection and malware mitigation, Machine learning"
'XONN_XNOR_based_Oblivious_Deep_Neural_Network_Inference,XONN XNOR based Oblivious Deep Neural Network Inference,"Security and privacy, Computing methodologies","Security services, Machine learning"
'Xplain_Analyzing_Invisible_Correlations_in_Model_Explanation,Xplain Analyzing Invisible Correlations in Model Explanation,"Security and privacy, Computing methodologies","Intrusion/anomaly detection and malware mitigation, Machine learning"
'X_Adv_Physical_Adversarial_Object_Attacks_against_X_ray_Prohibited_Item_Detection,X Adv Physical Adversarial Object Attacks against X ray Prohibited Item Detection,"Security and privacy, Computing methodologies","Systems security, Machine learning"
'YARIX_Scalable_YARA_based_Malware_Intelligence,YARIX Scalable YARA based Malware Intelligence,"Security and privacy, Information systems","Intrusion/anomaly detection and malware mitigation, Information retrieval"
'Yes_One_Bit_Flip_Matters_Universal_DNN_Model_Inference_Depletion_with_Runtime_Code_Fault_Injection,Yes One Bit Flip Matters Universal DNN Model Inference Depletion with Runtime Code Fault Injection,"Security and privacy, Computing methodologies","Security in hardware, Machine learning"
'Yet Another Text Captcha Solver_ A Generative Adversarial Network Based Approach.,Yet Another Text Captcha Solver A Generative Adversarial Network Based Approach.,Security and privacy,Security services
'You Are Who You Appear to Be_ A Longitudinal Study of Domain Impersonation in TLS Certificates.,You Are Who You Appear to Be A Longitudinal Study of Domain Impersonation in TLS Certificates.,"Social and professional topics, Security and privacy","Computing / technology policy, Network security, Human and societal aspects of security and privacy"
'You Get Where You're Looking for The Impact of Information Sources on Code Security.,You Get Where You're Looking for The Impact of Information Sources on Code Security.,Security and privacy,"Software and application security, Human and societal aspects of security and privacy"
'You Shall Not Join A Measurement Study of Cryptocurrency Peer-to-Peer Bootstrapping Techniques.,You Shall Not Join A Measurement Study of Cryptocurrency Peer to Peer Bootstrapping Techniques.,"Networks, Software and its engineering","Network protocols, Software organization and properties"
'You've Changed Detecting Malicious Browser Extensions through their Update Deltas.,You've Changed Detecting Malicious Browser Extensions through their Update Deltas.,Security and privacy,"Intrusion/anomaly detection and malware mitigation, Systems security"
'Your Cache Has Fallen_ Cache-Poisoned Denial-of-Service Attack.,Your Cache Has Fallen Cache Poisoned Denial of Service Attack.,Security and privacy,"Network security, Software and application security"
'Your_Exploit_is_Mine_Instantly_Synthesizing_Counterattack_Smart_Contract,Your Exploit is Mine Instantly Synthesizing Counterattack Smart Contract,"Security and privacy, Software and its engineering","Software and application security, Software organization and properties"
'Your_Firmware_Has_Arrived_A_Study_of_Firmware_Update_Vulnerabilities,Your Firmware Has Arrived A Study of Firmware Update Vulnerabilities,"Security and privacy, Computer systems organization","Systems security, Embedded and cyber-physical systems"
'Your_Microphone_Array_Retains_Your_Identity_A_Robust_Voice_Liveness_Detection_System_for_Smart_Speakers,Your Microphone Array Retains Your Identity A Robust Voice Liveness Detection System for Smart Speakers,"Security and privacy, Computing methodologies","Security services, Artificial intelligence"
'Your_Phone_is_My_Proxy_Detecting_and_Understanding_Mobile_Proxy_Networks,Your Phone is My Proxy Detecting and Understanding Mobile Proxy Networks,"Security and privacy, Networks","Intrusion/anomaly detection and malware mitigation, Network services"
'Youve_Got_Report_Measurement_and_Security_Implications_of_DMARC_Reporting,Youve Got Report Measurement and Security Implications of DMARC Reporting,"Security and privacy, General and reference","Network security, Cross-computing tools and techniques"
'Youve_Got_Vulnerability_Exploring_Effective_Vulnerability_Notifications,Youve Got Vulnerability Exploring Effective Vulnerability Notifications,"Security and privacy, Human-centered computing","Human and societal aspects of security and privacy, Human computer interaction (HCI)"
'You_Are_What_You_Broadcast_Identification_of_Mobile_and_IoT_Devices_from_Public_WiFi,You Are What You Broadcast Identification of Mobile and IoT Devices from Public WiFi,"Security and privacy, Computing methodologies","Network security, Machine learning"
'You_Are_What_You_Do_Hunting_Stealthy_Malware_via_Data_Provenance_Analysis,You Are What You Do Hunting Stealthy Malware via Data Provenance Analysis,"Security and privacy, Information systems","Intrusion/anomaly detection and malware mitigation, Data management systems"
'You_Are_Who_You_Know_and_How_You_Behave_Attribute_Inference_Attacks_via_Users_Social_Friends_and_Behaviors,You Are Who You Know and How You Behave Attribute Inference Attacks via Users Social Friends and Behaviors,"Security and privacy, Human-centered computing","Software and application security, Collaborative and social computing"
'You_Autocomplete_Me_Poisoning_Vulnerabilities_in_Neural_Code_Completion,You Autocomplete Me Poisoning Vulnerabilities in Neural Code Completion,"Security and privacy, Computing methodologies","Software and application security, Machine learning"
'You_Cannot_Escape_Me_Detecting_Evasions_of_SIEM_Rules_in_Enterprise_Networks,You Cannot Escape Me Detecting Evasions of SIEM Rules in Enterprise Networks,"Security and privacy, Computing methodologies","Intrusion/anomaly detection and malware mitigation, Machine learning"
'You_Cant_Judge_a_Binary_by_Its_Header_Data-Code_Separation_for_Non-Standard_ARM_Binaries_Using_Pseudo_Labels,You Cant Judge a Binary by Its Header Data Code Separation for Non Standard ARM Binaries Using Pseudo Labels,"Security and privacy, Computing methodologies","Software and application security, Machine learning"
'You_Cant_See_Me_Physical_Removal_Attacks_on_LiDAR_based_Autonomous_Vehicles_Driving_Frameworks,You Cant See Me Physical Removal Attacks on LiDAR based Autonomous Vehicles Driving Frameworks,"Security and privacy, Computer systems organization","Systems security, Embedded and cyber-physical systems"
'You_Can_Use_But_Cannot_Recognize_Preserving_Visual_Privacy_in_Deep_Neural_Networks,You Can Use But Cannot Recognize Preserving Visual Privacy in Deep Neural Networks,"Security and privacy, Computing methodologies","Security services, Machine learning"
'You_have_to_read_50_different_RFCs_that_contradict_each_other_An_Interview_Study_on_the_Experiences_of_Implementing_Cryptographic_Standards,You have to read 50 different RFCs that contradict each other An Interview Study on the Experiences of Implementing Cryptographic Standards,Security and privacy,"Cryptography, Human and societal aspects of security and privacy"
'You_Only_Prompt_Once_On_the_Capabilities_of_Prompt_Learning_on_Large_Language_Models_to_Tackle_Toxic_Content,You Only Prompt Once On the Capabilities of Prompt Learning on Large Language Models to Tackle Toxic Content,"Security and privacy, Computing methodologies","Human and societal aspects of security and privacy, Machine learning"
'YuraScanner Leveraging LLMs for Task-driven Web App Scanning,YuraScanner Leveraging LLMs for Task driven Web App Scanning,"Security and privacy, Computing methodologies","Software and application security, Artificial intelligence"
'ZBCAN_A_Zero_Byte_CAN_Defense_System,ZBCAN A Zero Byte CAN Defense System,"Security and privacy, Computer systems organization","Intrusion/anomaly detection and malware mitigation, Embedded and cyber-physical systems"
'Zero Knowledge Proofs for Decision Tree Predictions and Accuracy.,Zero Knowledge Proofs for Decision Tree Predictions and Accuracy.,Security and privacy,Security services
'ZeroTrace_Oblivious_Memory_Primitives_from_Intel_SGX,ZeroTrace Oblivious Memory Primitives from Intel SGX,"Security and privacy, Information systems","Security in hardware, Information storage systems"
'Zero_delay_Lightweight_Defenses_against_Website_Fingerprinting,Zero delay Lightweight Defenses against Website Fingerprinting,"Security and privacy, Networks","Network security, Network properties"
'ZEUS_Analyzing_Safety_of_Smart_Contracts,ZEUS Analyzing Safety of Smart Contracts,"Security and privacy, Software and its engineering","Formal methods and theory of security, Software organization and properties"
'ZHE_Efficient_Zero-Knowledge_Proofs_for_HE_Evaluations,ZHE Efficient Zero Knowledge Proofs for HE Evaluations,"Security and privacy, Theory of computation","Cryptography, Computational complexity and cryptography"
'ZigZag_Automatically_Hardening_Web_Applications_Against_Client_side_Validation_Vulnerabilities,ZigZag Automatically Hardening Web Applications Against Client side Validation Vulnerabilities,"Security and privacy, Information systems","Software and application security, World Wide Web"
'zkCNN Zero Knowledge Proofs for Convolutional Neural Network Predictions and Accuracy,zkCNN Zero Knowledge Proofs for Convolutional Neural Network Predictions and Accuracy,Security and privacy,Cryptography
'zkGPT An Efficient Non-interactive Zero-knowledge Proof Framework for LLM Inference,zkGPT An Efficient Non interactive Zero knowledge Proof Framework for LLM Inference,"Security and privacy, Computing methodologies","Cryptography, Machine learning"
'Zombie Awakening Stealthy Hijacking of Active Domains through DNS Hosting Referral.,Zombie Awakening Stealthy Hijacking of Active Domains through DNS Hosting Referral.,Security and privacy,"Security services, Network security, Systems security"
'Zoom_on_the_Keystrokes_Exploiting_Video_Calls_for_Keystroke_Inference_Attacks,Zoom on the Keystrokes Exploiting Video Calls for Keystroke Inference Attacks,"Security and privacy, Human-centered computing","Human and societal aspects of security and privacy, Human computer interaction (HCI)"
'zxcvbn_Low_Budget_Password_Strength_Estimation,zxcvbn Low Budget Password Strength Estimation,"Security and privacy, Human-centered computing","Security services, Human computer interaction (HCI)"
